component,age_years,weight_kg,contains_lithium,contains_lead,contains_mercury,contains_cadmium,contains_cfc,recyclable,material_type,weight_class,condition,region_risk,disposal_history,hazard_score
Battery,4.81,57.04,1,0,0,1,0,0,electrochemical,light,broken,medium,formal,100.0
Battery,8.64,1.24,1,0,0,1,0,0,electrochemical,light,broken,high,formal,100.0
Battery,2.59,11.01,1,0,0,1,0,0,electrochemical,light,damaged,medium,informal,100.0
Battery,2.1,17.54,1,0,0,1,0,0,electrochemical,light,damaged,medium,none,100.0
Battery,2.8,30.86,1,0,0,1,0,0,electrochemical,light,damaged,low,informal,100.0
Battery,1.62,41.06,1,0,0,1,0,0,electrochemical,light,damaged,low,informal,100.0
Battery,0.9,54.56,1,0,0,1,0,0,electrochemical,light,damaged,medium,informal,100.0
Battery,2.63,58.18,1,0,0,1,0,0,electrochemical,light,broken,high,none,100.0
Battery,7.38,55.31,1,0,0,1,0,0,electrochemical,light,working,low,formal,99.81
Battery,3.62,49.73,1,0,0,1,0,0,electrochemical,light,damaged,medium,informal,100.0
Battery,2.12,48.13,1,0,0,1,0,0,electrochemical,light,working,high,none,100.0
Battery,8.88,46.28,1,0,0,1,0,0,electrochemical,light,working,medium,formal,100.0
Battery,10.43,37.4,1,0,0,1,0,0,electrochemical,light,damaged,low,informal,100.0
Battery,7.83,53.23,1,0,0,1,0,0,electrochemical,light,damaged,low,none,100.0
Battery,9.25,33.68,1,0,0,1,0,0,electrochemical,light,broken,medium,informal,100.0
Battery,1.74,1.9,1,0,0,1,0,0,electrochemical,light,damaged,medium,informal,100.0
Battery,10.94,14.97,1,0,0,1,0,0,electrochemical,light,damaged,high,formal,100.0
Battery,2.35,55.78,1,0,0,1,0,0,electrochemical,light,broken,medium,none,100.0
Battery,9.74,11.2,1,0,0,1,0,0,electrochemical,light,broken,medium,none,100.0
Battery,1.77,13.68,1,0,0,1,0,0,electrochemical,light,damaged,high,none,100.0
Battery,0.58,30.65,1,0,0,1,0,0,electrochemical,light,damaged,low,formal,100.0
Battery,4.22,31.13,1,0,0,1,0,0,electrochemical,light,broken,medium,none,100.0
Battery,11.57,15.11,1,0,0,1,0,0,electrochemical,light,damaged,medium,formal,100.0
Battery,6.28,3.1,1,0,0,1,0,0,electrochemical,light,damaged,high,formal,100.0
Battery,2.17,29.37,1,0,0,1,0,0,electrochemical,light,broken,low,none,100.0
Battery,8.87,22.07,1,0,0,1,0,0,electrochemical,light,damaged,medium,informal,100.0
Battery,1.54,50.12,1,0,0,1,0,0,electrochemical,light,damaged,low,formal,100.0
Battery,0.69,30.73,1,0,0,1,0,0,electrochemical,light,working,medium,formal,100.0
Battery,8.45,23.21,1,0,0,1,0,0,electrochemical,light,broken,low,informal,100.0
Battery,8.09,49.04,1,0,0,1,0,0,electrochemical,light,damaged,medium,formal,100.0
Battery,1.57,53.83,1,0,0,1,0,0,electrochemical,light,broken,medium,informal,100.0
Battery,10.82,53.23,1,0,0,1,0,0,electrochemical,light,broken,medium,formal,100.0
Battery,2.36,53.91,1,0,0,1,0,0,electrochemical,light,damaged,low,formal,100.0
Battery,8.46,39.12,1,0,0,1,0,0,electrochemical,light,working,high,formal,100.0
Battery,4.24,44.79,1,0,0,1,0,0,electrochemical,light,damaged,high,none,100.0
Battery,4.73,15.92,1,0,0,1,0,0,electrochemical,light,working,high,informal,100.0
Battery,10.76,37.87,1,0,0,1,0,0,electrochemical,light,broken,medium,informal,100.0
Battery,8.81,16.85,1,0,0,1,0,0,electrochemical,light,working,medium,formal,100.0
Battery,11.32,57.24,1,0,0,1,0,0,electrochemical,light,broken,medium,formal,100.0
Battery,11.62,57.82,1,0,0,1,0,0,electrochemical,light,broken,medium,informal,100.0
Battery,10.29,19.02,1,0,0,1,0,0,electrochemical,light,working,medium,none,100.0
Battery,1.62,36.9,1,0,0,1,0,0,electrochemical,light,broken,low,informal,100.0
Battery,10.59,44.45,1,0,0,1,0,0,electrochemical,light,damaged,high,informal,100.0
Battery,9.82,52.03,1,0,0,1,0,0,electrochemical,light,broken,medium,informal,100.0
Battery,9.68,39.0,1,0,0,1,0,0,electrochemical,light,broken,high,none,100.0
Battery,1.58,34.7,1,0,0,1,0,0,electrochemical,light,working,medium,informal,100.0
Battery,3.8,35.45,1,0,0,1,0,0,electrochemical,light,working,low,none,100.0
Battery,6.51,46.2,1,0,0,1,0,0,electrochemical,light,working,medium,formal,100.0
Battery,1.09,31.89,1,0,0,1,0,0,electrochemical,light,damaged,medium,none,100.0
Battery,4.21,47.71,1,0,0,1,0,0,electrochemical,light,damaged,medium,formal,100.0
Battery,0.79,57.76,1,0,0,1,0,0,electrochemical,light,broken,medium,informal,100.0
Battery,3.38,32.96,1,0,0,1,0,0,electrochemical,light,broken,medium,formal,100.0
Battery,11.48,44.28,1,0,0,1,0,0,electrochemical,light,damaged,medium,informal,100.0
Battery,9.22,0.87,1,0,0,1,0,0,electrochemical,light,working,low,formal,100.0
Battery,10.34,42.22,1,0,0,1,0,0,electrochemical,light,damaged,low,informal,100.0
Battery,5.49,23.92,1,0,0,1,0,0,electrochemical,light,damaged,medium,formal,100.0
Battery,4.81,37.56,1,0,0,1,0,0,electrochemical,light,damaged,high,none,100.0
Battery,7.24,56.41,1,0,0,1,0,0,electrochemical,light,damaged,medium,informal,100.0
Battery,5.77,32.74,1,0,0,1,0,0,electrochemical,light,broken,medium,none,100.0
Battery,4.17,50.69,1,0,0,1,0,0,electrochemical,light,working,high,formal,100.0
Battery,1.86,41.81,1,0,0,1,0,0,electrochemical,light,damaged,high,none,100.0
Battery,2.54,45.04,1,0,0,1,0,0,electrochemical,light,broken,high,informal,100.0
Battery,4.78,46.59,1,0,0,1,0,0,electrochemical,light,damaged,high,none,100.0
Battery,9.18,6.2,1,0,0,1,0,0,electrochemical,light,broken,medium,none,100.0
Battery,4.18,53.73,1,0,0,1,0,0,electrochemical,light,damaged,low,none,100.0
Battery,11.43,57.04,1,0,0,1,0,0,electrochemical,light,damaged,medium,informal,100.0
Battery,3.87,19.73,1,0,0,1,0,0,electrochemical,light,damaged,high,none,100.0
Battery,6.82,26.5,1,0,0,1,0,0,electrochemical,light,broken,medium,formal,100.0
Battery,2.14,45.69,1,0,0,1,0,0,electrochemical,light,damaged,low,formal,100.0
Battery,9.95,42.38,1,0,0,1,0,0,electrochemical,light,working,low,none,100.0
Battery,4.8,22.24,1,0,0,1,0,0,electrochemical,light,broken,high,none,100.0
Battery,1.46,46.63,1,0,0,1,0,0,electrochemical,light,damaged,medium,none,100.0
Battery,1.78,29.56,1,0,0,1,0,0,electrochemical,light,working,medium,formal,100.0
Battery,7.21,57.73,1,0,0,1,0,0,electrochemical,light,damaged,medium,none,100.0
Battery,3.07,57.79,1,0,0,1,0,0,electrochemical,light,working,high,formal,100.0
Battery,11.92,4.44,1,0,0,1,0,0,electrochemical,light,damaged,high,informal,100.0
Battery,7.74,41.75,1,0,0,1,0,0,electrochemical,light,damaged,medium,informal,100.0
Battery,7.63,16.65,1,0,0,1,0,0,electrochemical,light,working,medium,informal,100.0
Battery,7.21,4.67,1,0,0,1,0,0,electrochemical,light,broken,high,none,100.0
Battery,9.86,41.09,1,0,0,1,0,0,electrochemical,light,working,high,none,100.0
Battery,11.42,43.55,1,0,0,1,0,0,electrochemical,light,damaged,medium,none,100.0
Battery,9.82,59.24,1,0,0,1,0,0,electrochemical,light,working,medium,informal,100.0
Battery,11.65,50.53,1,0,0,1,0,0,electrochemical,light,broken,medium,informal,100.0
Battery,10.44,48.78,1,0,0,1,0,0,electrochemical,light,broken,high,informal,100.0
Battery,9.34,56.69,1,0,0,1,0,0,electrochemical,light,broken,low,informal,100.0
Battery,8.22,37.09,1,0,0,1,0,0,electrochemical,light,damaged,low,none,100.0
Battery,6.48,46.34,1,0,0,1,0,0,electrochemical,light,damaged,high,informal,100.0
Battery,5.14,8.05,1,0,0,1,0,0,electrochemical,light,working,high,informal,100.0
Battery,8.6,12.79,1,0,0,1,0,0,electrochemical,light,working,low,informal,100.0
Battery,5.53,54.25,1,0,0,1,0,0,electrochemical,light,damaged,medium,none,100.0
Battery,5.06,37.33,1,0,0,1,0,0,electrochemical,light,broken,high,formal,100.0
Battery,3.47,27.55,1,0,0,1,0,0,electrochemical,light,broken,medium,informal,100.0
Battery,7.78,14.42,1,0,0,1,0,0,electrochemical,light,working,low,formal,99.94
Battery,4.48,53.81,1,0,0,1,0,0,electrochemical,light,damaged,medium,formal,100.0
Battery,2.71,2.46,1,0,0,1,0,0,electrochemical,light,working,medium,formal,96.52
Battery,4.69,30.21,1,0,0,1,0,0,electrochemical,light,damaged,low,none,100.0
Battery,7.72,4.91,1,0,0,1,0,0,electrochemical,light,broken,high,formal,100.0
Battery,9.1,11.08,1,0,0,1,0,0,electrochemical,light,working,medium,informal,100.0
Battery,7.61,22.14,1,0,0,1,0,0,electrochemical,light,damaged,high,formal,100.0
Battery,10.79,30.71,1,0,0,1,0,0,electrochemical,light,damaged,low,informal,100.0
Battery,6.63,14.56,1,0,0,1,0,0,electrochemical,light,damaged,medium,formal,100.0
Battery,4.27,7.19,1,0,0,1,0,0,electrochemical,light,broken,medium,none,100.0
Battery,9.58,29.91,1,0,0,1,0,0,electrochemical,light,working,medium,informal,100.0
Battery,1.97,17.03,1,0,0,1,0,0,electrochemical,light,damaged,medium,informal,100.0
Battery,4.6,59.19,1,0,0,1,0,0,electrochemical,light,damaged,low,formal,100.0
Battery,2.35,11.2,1,0,0,1,0,0,electrochemical,light,damaged,low,none,100.0
Battery,1.42,31.48,1,0,0,1,0,0,electrochemical,light,damaged,high,formal,100.0
Battery,10.45,49.03,1,0,0,1,0,0,electrochemical,light,damaged,low,none,100.0
Battery,11.19,33.41,1,0,0,1,0,0,electrochemical,light,damaged,medium,none,100.0
Battery,5.39,30.46,1,0,0,1,0,0,electrochemical,light,working,low,informal,100.0
Battery,3.82,34.88,1,0,0,1,0,0,electrochemical,light,working,medium,informal,100.0
Battery,2.05,3.81,1,0,0,1,0,0,electrochemical,light,broken,medium,none,100.0
Battery,3.43,40.89,1,0,0,1,0,0,electrochemical,light,broken,medium,informal,100.0
Battery,11.19,49.84,1,0,0,1,0,0,electrochemical,light,broken,low,none,100.0
Battery,11.29,10.88,1,0,0,1,0,0,electrochemical,light,working,high,informal,100.0
Battery,9.65,12.11,1,0,0,1,0,0,electrochemical,light,working,low,none,100.0
Battery,8.15,31.39,1,0,0,1,0,0,electrochemical,light,damaged,high,informal,100.0
Battery,4.83,27.77,1,0,0,1,0,0,electrochemical,light,damaged,high,informal,100.0
Battery,3.17,53.98,1,0,0,1,0,0,electrochemical,light,damaged,medium,none,100.0
Battery,11.31,37.67,1,0,0,1,0,0,electrochemical,light,damaged,low,none,100.0
Battery,7.63,32.01,1,0,0,1,0,0,electrochemical,light,broken,high,formal,100.0
Battery,9.06,2.02,1,0,0,1,0,0,electrochemical,light,damaged,high,none,100.0
Battery,4.43,49.28,1,0,0,1,0,0,electrochemical,light,working,high,formal,100.0
Battery,2.22,13.76,1,0,0,1,0,0,electrochemical,light,broken,high,informal,100.0
Battery,8.48,32.57,1,0,0,1,0,0,electrochemical,light,damaged,medium,formal,100.0
Battery,5.11,27.73,1,0,0,1,0,0,electrochemical,light,broken,low,informal,100.0
Battery,6.32,36.69,1,0,0,1,0,0,electrochemical,light,working,high,none,100.0
Battery,11.11,42.44,1,0,0,1,0,0,electrochemical,light,working,medium,informal,100.0
Battery,5.38,44.19,1,0,0,1,0,0,electrochemical,light,broken,high,informal,100.0
Battery,5.09,3.3,1,0,0,1,0,0,electrochemical,light,damaged,high,formal,100.0
Battery,4.34,23.9,1,0,0,1,0,0,electrochemical,light,damaged,high,informal,100.0
Battery,5.7,13.48,1,0,0,1,0,0,electrochemical,light,damaged,low,formal,100.0
Battery,6.23,25.14,1,0,0,1,0,0,electrochemical,light,broken,medium,informal,100.0
Battery,11.55,8.93,1,0,0,1,0,0,electrochemical,light,damaged,low,none,100.0
Battery,6.28,35.73,1,0,0,1,0,0,electrochemical,light,working,high,formal,100.0
Battery,2.69,2.2,1,0,0,1,0,0,electrochemical,light,damaged,medium,formal,100.0
Battery,9.42,27.2,1,0,0,1,0,0,electrochemical,light,damaged,medium,informal,100.0
Battery,2.59,51.71,1,0,0,1,0,0,electrochemical,light,broken,medium,formal,100.0
Battery,7.91,24.53,1,0,0,1,0,0,electrochemical,light,working,low,none,100.0
Battery,3.05,13.87,1,0,0,1,0,0,electrochemical,light,damaged,low,formal,100.0
Battery,9.7,10.72,1,0,0,1,0,0,electrochemical,light,damaged,low,formal,100.0
Battery,10.34,49.81,1,0,0,1,0,0,electrochemical,light,damaged,medium,formal,100.0
Battery,3.87,53.78,1,0,0,1,0,0,electrochemical,light,working,low,formal,92.97
Battery,10.77,49.05,1,0,0,1,0,0,electrochemical,light,damaged,medium,informal,100.0
Battery,7.29,16.09,1,0,0,1,0,0,electrochemical,light,damaged,medium,informal,100.0
Battery,11.41,45.82,1,0,0,1,0,0,electrochemical,light,working,high,informal,100.0
Battery,10.79,47.99,1,0,0,1,0,0,electrochemical,light,damaged,low,formal,100.0
Battery,3.47,8.37,1,0,0,1,0,0,electrochemical,light,broken,high,informal,100.0
Battery,2.47,16.35,1,0,0,1,0,0,electrochemical,light,working,high,formal,100.0
Battery,6.87,39.09,1,0,0,1,0,0,electrochemical,light,broken,low,formal,100.0
PCB,2.07,54.0,0,1,0,0,0,1,composite,light,broken,medium,informal,100.0
PCB,11.02,25.13,0,1,0,0,0,1,composite,light,damaged,medium,formal,100.0
PCB,2.41,44.28,0,1,0,0,0,1,composite,light,working,medium,formal,83.8
PCB,4.59,43.15,0,1,0,0,0,1,composite,light,damaged,medium,informal,100.0
PCB,8.13,56.21,0,1,0,0,0,1,composite,light,broken,low,formal,100.0
PCB,1.09,29.79,0,1,0,0,0,1,composite,light,damaged,medium,none,94.23
PCB,1.73,4.52,0,1,0,0,0,1,composite,light,broken,medium,none,100.0
PCB,9.92,47.97,0,1,0,0,0,1,composite,light,damaged,medium,informal,100.0
PCB,4.65,5.5,0,1,0,0,0,1,composite,light,broken,low,none,100.0
PCB,6.73,52.38,0,1,0,0,0,1,composite,light,broken,high,none,100.0
PCB,8.46,50.95,0,1,0,0,0,1,composite,light,working,medium,formal,100.0
PCB,0.89,41.85,0,1,0,0,0,1,composite,light,damaged,high,none,100.0
PCB,11.36,28.46,0,1,0,0,0,1,composite,light,broken,high,informal,100.0
PCB,1.89,4.63,0,1,0,0,0,1,composite,light,damaged,medium,none,100.0
PCB,1.25,18.92,0,1,0,0,0,1,composite,light,damaged,high,informal,100.0
PCB,7.58,13.99,0,1,0,0,0,1,composite,light,working,high,formal,100.0
PCB,10.56,31.74,0,1,0,0,0,1,composite,light,broken,high,none,100.0
PCB,5.12,28.8,0,1,0,0,0,1,composite,light,damaged,high,none,100.0
PCB,9.34,25.07,0,1,0,0,0,1,composite,light,damaged,high,formal,100.0
PCB,3.8,17.79,0,1,0,0,0,1,composite,light,working,low,formal,84.34
PCB,11.86,25.67,0,1,0,0,0,1,composite,light,damaged,medium,formal,100.0
PCB,10.61,56.68,0,1,0,0,0,1,composite,light,damaged,medium,formal,100.0
PCB,11.9,13.91,0,1,0,0,0,1,composite,light,broken,medium,informal,100.0
PCB,2.53,13.24,0,1,0,0,0,1,composite,light,working,high,informal,100.0
PCB,1.17,58.15,0,1,0,0,0,1,composite,light,broken,high,none,100.0
PCB,9.22,41.76,0,1,0,0,0,1,composite,light,working,high,formal,99.37
PCB,3.07,32.22,0,1,0,0,0,1,composite,light,damaged,medium,formal,96.24
PCB,1.99,53.33,0,1,0,0,0,1,composite,light,broken,high,none,100.0
PCB,8.04,33.06,0,1,0,0,0,1,composite,light,working,medium,informal,100.0
PCB,6.2,4.87,0,1,0,0,0,1,composite,light,working,medium,formal,90.64
PCB,10.29,29.71,0,1,0,0,0,1,composite,light,damaged,medium,none,100.0
PCB,7.01,16.03,0,1,0,0,0,1,composite,light,broken,high,none,100.0
PCB,10.28,52.04,0,1,0,0,0,1,composite,light,broken,high,none,100.0
PCB,9.16,9.52,0,1,0,0,0,1,composite,light,broken,high,formal,100.0
PCB,10.0,7.74,0,1,0,0,0,1,composite,light,damaged,high,formal,100.0
PCB,6.34,0.39,0,1,0,0,0,1,composite,light,damaged,medium,none,100.0
PCB,7.77,15.6,0,1,0,0,0,1,composite,light,damaged,medium,none,100.0
PCB,6.72,57.78,0,1,0,0,0,1,composite,light,damaged,medium,none,100.0
PCB,1.68,56.23,0,1,0,0,0,1,composite,light,damaged,low,informal,97.56
PCB,7.19,20.76,0,1,0,0,0,1,composite,light,damaged,low,none,100.0
PCB,11.7,58.13,0,1,0,0,0,1,composite,light,broken,low,none,100.0
PCB,9.36,41.0,0,1,0,0,0,1,composite,light,damaged,medium,none,100.0
PCB,5.4,27.09,0,1,0,0,0,1,composite,light,working,high,none,100.0
PCB,3.64,57.05,0,1,0,0,0,1,composite,light,working,medium,none,100.0
PCB,5.33,38.32,0,1,0,0,0,1,composite,light,damaged,medium,none,100.0
PCB,3.14,12.79,0,1,0,0,0,1,composite,light,working,medium,informal,96.95
PCB,10.44,28.4,0,1,0,0,0,1,composite,light,broken,low,none,100.0
PCB,10.22,45.66,0,1,0,0,0,1,composite,light,damaged,low,formal,100.0
PCB,11.09,37.0,0,1,0,0,0,1,composite,light,broken,medium,formal,100.0
PCB,5.45,12.04,0,1,0,0,0,1,composite,light,damaged,low,informal,100.0
PCB,3.59,47.86,0,1,0,0,0,1,composite,light,damaged,medium,formal,97.62
PCB,6.02,36.01,0,1,0,0,0,1,composite,light,damaged,medium,none,100.0
PCB,9.47,2.39,0,1,0,0,0,1,composite,light,damaged,low,formal,100.0
PCB,8.58,33.58,0,1,0,0,0,1,composite,light,working,medium,informal,100.0
PCB,1.51,21.04,0,1,0,0,0,1,composite,light,working,low,informal,92.59
PCB,8.43,48.04,0,1,0,0,0,1,composite,light,working,low,formal,88.86
PCB,7.82,42.39,0,1,0,0,0,1,composite,light,working,high,formal,100.0
PCB,10.52,42.85,0,1,0,0,0,1,composite,light,broken,medium,none,100.0
PCB,1.42,53.69,0,1,0,0,0,1,composite,light,damaged,high,informal,100.0
PCB,8.91,4.91,0,1,0,0,0,1,composite,light,working,low,formal,100.0
PCB,10.53,13.16,0,1,0,0,0,1,composite,light,broken,medium,formal,100.0
PCB,6.23,33.33,0,1,0,0,0,1,composite,light,broken,low,none,100.0
PCB,11.71,39.02,0,1,0,0,0,1,composite,light,working,medium,formal,100.0
PCB,8.86,44.56,0,1,0,0,0,1,composite,light,damaged,medium,informal,100.0
PCB,11.86,2.42,0,1,0,0,0,1,composite,light,broken,medium,informal,100.0
PCB,10.54,54.04,0,1,0,0,0,1,composite,light,damaged,medium,informal,100.0
PCB,10.99,12.65,0,1,0,0,0,1,composite,light,damaged,medium,none,100.0
PCB,10.95,10.79,0,1,0,0,0,1,composite,light,working,high,formal,100.0
PCB,10.33,29.54,0,1,0,0,0,1,composite,light,working,high,informal,100.0
PCB,7.32,9.82,0,1,0,0,0,1,composite,light,damaged,high,formal,100.0
PCB,8.05,19.52,0,1,0,0,0,1,composite,light,broken,low,none,100.0
PCB,1.35,10.19,0,1,0,0,0,1,composite,light,damaged,medium,none,99.52
PCB,5.46,14.93,0,1,0,0,0,1,composite,light,damaged,high,formal,100.0
PCB,5.96,50.65,0,1,0,0,0,1,composite,light,broken,medium,none,100.0
PCB,2.87,6.72,0,1,0,0,0,1,composite,light,damaged,low,informal,99.92
PCB,11.24,18.98,0,1,0,0,0,1,composite,light,damaged,low,formal,97.86
PCB,11.85,57.91,0,1,0,0,0,1,composite,light,working,high,informal,100.0
PCB,6.43,29.34,0,1,0,0,0,1,composite,light,damaged,low,formal,100.0
PCB,4.04,42.28,0,1,0,0,0,1,composite,light,working,medium,none,97.96
PCB,5.6,52.09,0,1,0,0,0,1,composite,light,working,medium,none,96.12
PCB,11.36,41.0,0,1,0,0,0,1,composite,light,damaged,medium,none,100.0
PCB,11.21,41.37,0,1,0,0,0,1,composite,light,damaged,low,none,100.0
PCB,5.03,39.08,0,1,0,0,0,1,composite,light,working,medium,none,100.0
PCB,9.5,34.03,0,1,0,0,0,1,composite,light,broken,high,informal,100.0
PCB,4.26,40.06,0,1,0,0,0,1,composite,light,broken,high,none,100.0
PCB,1.88,32.67,0,1,0,0,0,1,composite,light,working,medium,informal,95.21
PCB,5.06,41.73,0,1,0,0,0,1,composite,light,damaged,medium,formal,94.89
PCB,1.34,36.21,0,1,0,0,0,1,composite,light,damaged,medium,informal,100.0
PCB,4.87,51.8,0,1,0,0,0,1,composite,light,damaged,medium,formal,95.21
PCB,5.09,34.81,0,1,0,0,0,1,composite,light,damaged,medium,none,98.97
PCB,9.85,43.09,0,1,0,0,0,1,composite,light,broken,low,formal,100.0
PCB,11.16,3.63,0,1,0,0,0,1,composite,light,broken,medium,formal,100.0
PCB,6.09,15.41,0,1,0,0,0,1,composite,light,damaged,medium,none,98.66
PCB,7.52,42.97,0,1,0,0,0,1,composite,light,damaged,medium,formal,100.0
PCB,2.58,40.87,0,1,0,0,0,1,composite,light,working,medium,none,95.74
PCB,3.45,57.78,0,1,0,0,0,1,composite,light,damaged,high,informal,100.0
PCB,1.0,37.99,0,1,0,0,0,1,composite,light,broken,medium,none,100.0
PCB,2.94,36.66,0,1,0,0,0,1,composite,light,damaged,high,none,100.0
PCB,4.56,14.22,0,1,0,0,0,1,composite,light,broken,medium,none,100.0
PCB,1.6,37.44,0,1,0,0,0,1,composite,light,damaged,medium,formal,92.61
PCB,8.97,51.77,0,1,0,0,0,1,composite,light,working,low,formal,98.67
PCB,6.79,13.92,0,1,0,0,0,1,composite,light,damaged,medium,informal,100.0
PCB,11.86,8.2,0,1,0,0,0,1,composite,light,damaged,medium,informal,100.0
PCB,11.9,7.71,0,1,0,0,0,1,composite,light,working,high,informal,100.0
PCB,3.65,4.77,0,1,0,0,0,1,composite,light,working,high,formal,92.98
PCB,4.58,4.17,0,1,0,0,0,1,composite,light,damaged,low,none,97.65
PCB,3.19,32.41,0,1,0,0,0,1,composite,light,broken,medium,informal,100.0
PCB,8.2,59.65,0,1,0,0,0,1,composite,light,damaged,medium,none,100.0
PCB,5.85,3.62,0,1,0,0,0,1,composite,light,damaged,high,formal,100.0
PCB,6.66,5.81,0,1,0,0,0,1,composite,light,damaged,high,informal,100.0
PCB,8.15,47.73,0,1,0,0,0,1,composite,light,broken,low,informal,100.0
PCB,10.18,31.26,0,1,0,0,0,1,composite,light,damaged,low,none,100.0
PCB,1.97,49.57,0,1,0,0,0,1,composite,light,broken,high,formal,100.0
PCB,4.64,5.27,0,1,0,0,0,1,composite,light,broken,medium,informal,100.0
PCB,5.07,26.84,0,1,0,0,0,1,composite,light,damaged,medium,none,100.0
PCB,10.29,12.52,0,1,0,0,0,1,composite,light,broken,low,none,100.0
PCB,4.88,52.68,0,1,0,0,0,1,composite,light,broken,high,none,100.0
PCB,5.13,10.42,0,1,0,0,0,1,composite,light,damaged,medium,none,100.0
PCB,7.87,49.35,0,1,0,0,0,1,composite,light,working,high,none,100.0
PCB,9.3,10.5,0,1,0,0,0,1,composite,light,damaged,medium,formal,100.0
PCB,4.73,4.1,0,1,0,0,0,1,composite,light,working,low,none,95.7
PCB,5.47,18.72,0,1,0,0,0,1,composite,light,damaged,medium,formal,100.0
PCB,7.87,12.97,0,1,0,0,0,1,composite,light,damaged,medium,formal,100.0
PCB,11.94,3.48,0,1,0,0,0,1,composite,light,damaged,high,formal,100.0
PCB,2.14,7.29,0,1,0,0,0,1,composite,light,damaged,low,none,97.63
PCB,11.96,48.84,0,1,0,0,0,1,composite,light,damaged,medium,informal,100.0
PCB,6.56,25.57,0,1,0,0,0,1,composite,light,working,high,informal,100.0
PCB,5.26,49.65,0,1,0,0,0,1,composite,light,broken,high,formal,100.0
PCB,5.29,28.89,0,1,0,0,0,1,composite,light,working,medium,none,98.78
PCB,2.97,0.74,0,1,0,0,0,1,composite,light,working,high,none,97.1
PCB,11.54,29.28,0,1,0,0,0,1,composite,light,working,medium,informal,100.0
PCB,4.23,44.24,0,1,0,0,0,1,composite,light,damaged,medium,informal,100.0
PCB,5.78,47.1,0,1,0,0,0,1,composite,light,broken,high,none,100.0
PCB,5.53,15.29,0,1,0,0,0,1,composite,light,broken,low,none,100.0
PCB,5.81,38.24,0,1,0,0,0,1,composite,light,damaged,high,informal,100.0
PCB,6.46,9.02,0,1,0,0,0,1,composite,light,broken,medium,none,100.0
PCB,0.98,5.1,0,1,0,0,0,1,composite,light,broken,low,formal,93.97
PCB,3.91,20.99,0,1,0,0,0,1,composite,light,broken,medium,formal,100.0
PCB,2.5,5.91,0,1,0,0,0,1,composite,light,damaged,high,formal,100.0
PCB,4.89,12.35,0,1,0,0,0,1,composite,light,working,medium,none,100.0
PCB,7.9,31.82,0,1,0,0,0,1,composite,light,working,high,none,100.0
PCB,9.1,48.71,0,1,0,0,0,1,composite,light,damaged,low,informal,100.0
PCB,11.17,13.48,0,1,0,0,0,1,composite,light,damaged,medium,informal,100.0
PCB,3.27,7.3,0,1,0,0,0,1,composite,light,working,high,informal,100.0
PCB,3.79,48.96,0,1,0,0,0,1,composite,light,broken,high,none,100.0
PCB,5.8,50.52,0,1,0,0,0,1,composite,light,broken,high,none,100.0
PCB,2.54,32.71,0,1,0,0,0,1,composite,light,broken,high,formal,100.0
PCB,8.85,49.07,0,1,0,0,0,1,composite,light,working,medium,none,100.0
PCB,8.93,32.54,0,1,0,0,0,1,composite,light,damaged,medium,formal,100.0
PCB,10.54,38.18,0,1,0,0,0,1,composite,light,broken,low,informal,100.0
Mobile,0.61,14.81,1,0,0,0,0,1,composite,light,broken,high,formal,100.0
Mobile,2.85,33.31,1,0,0,0,0,1,composite,light,broken,medium,formal,94.72
Mobile,4.59,47.03,1,0,0,0,0,1,composite,light,damaged,low,none,87.7
Mobile,2.21,18.34,1,0,0,0,0,1,composite,light,broken,high,informal,100.0
Mobile,5.66,43.33,1,0,0,0,0,1,composite,light,broken,medium,informal,100.0
Mobile,0.54,37.18,1,0,0,0,0,1,composite,light,damaged,high,formal,90.64
Mobile,7.26,28.86,1,0,0,0,0,1,composite,light,damaged,low,informal,100.0
Mobile,7.44,40.59,1,0,0,0,0,1,composite,light,broken,medium,none,100.0
Mobile,6.23,4.63,1,0,0,0,0,1,composite,light,working,medium,none,96.27
Mobile,6.45,26.42,1,0,0,0,0,1,composite,light,working,medium,informal,97.47
Mobile,1.52,13.24,1,0,0,0,0,1,composite,light,damaged,high,none,100.0
Mobile,5.34,38.17,1,0,0,0,0,1,composite,light,broken,low,informal,100.0
Mobile,10.16,23.04,1,0,0,0,0,1,composite,light,damaged,medium,formal,93.36
Mobile,0.8,1.46,1,0,0,0,0,1,composite,light,broken,medium,informal,96.26
Mobile,3.94,56.44,1,0,0,0,0,1,composite,light,damaged,medium,none,95.25
Mobile,9.73,27.5,1,0,0,0,0,1,composite,light,damaged,low,formal,96.28
Mobile,8.87,29.79,1,0,0,0,0,1,composite,light,damaged,high,none,100.0
Mobile,2.06,45.08,1,0,0,0,0,1,composite,light,damaged,high,formal,91.08
Mobile,1.16,16.94,1,0,0,0,0,1,composite,light,damaged,low,none,86.03
Mobile,9.23,26.99,1,0,0,0,0,1,composite,light,broken,low,informal,100.0
Mobile,0.89,3.77,1,0,0,0,0,1,composite,light,broken,low,informal,90.01
Mobile,10.85,1.32,1,0,0,0,0,1,composite,light,damaged,high,informal,100.0
Mobile,11.27,3.14,1,0,0,0,0,1,composite,light,damaged,medium,none,99.56
Mobile,7.0,27.84,1,0,0,0,0,1,composite,light,broken,medium,informal,100.0
Mobile,1.81,9.08,1,0,0,0,0,1,composite,light,working,medium,none,91.24
Mobile,1.82,51.61,1,0,0,0,0,1,composite,light,broken,low,none,100.0
Mobile,6.75,4.91,1,0,0,0,0,1,composite,light,damaged,medium,formal,93.31
Mobile,5.24,39.06,1,0,0,0,0,1,composite,light,damaged,low,informal,100.0
Mobile,9.77,27.56,1,0,0,0,0,1,composite,light,working,high,formal,94.89
Mobile,4.3,45.41,1,0,0,0,0,1,composite,light,damaged,low,none,91.12
Mobile,10.62,52.24,1,0,0,0,0,1,composite,light,working,medium,none,96.76
Mobile,10.96,32.33,1,0,0,0,0,1,composite,light,damaged,low,none,97.06
Mobile,9.95,22.83,1,0,0,0,0,1,composite,light,broken,high,formal,100.0
Mobile,9.62,34.66,1,0,0,0,0,1,composite,light,damaged,high,informal,100.0
Mobile,11.02,31.99,1,0,0,0,0,1,composite,light,working,medium,none,100.0
Mobile,10.92,16.62,1,0,0,0,0,1,composite,light,broken,low,formal,99.29
Mobile,2.62,53.64,1,0,0,0,0,1,composite,light,damaged,low,informal,90.2
Mobile,10.65,48.22,1,0,0,0,0,1,composite,light,damaged,high,informal,100.0
Mobile,11.82,40.08,1,0,0,0,0,1,composite,light,damaged,low,none,95.24
Mobile,0.64,33.59,1,0,0,0,0,1,composite,light,damaged,high,none,97.75
Mobile,1.41,43.89,1,0,0,0,0,1,composite,light,working,high,none,99.93
Mobile,4.12,28.28,1,0,0,0,0,1,composite,light,broken,medium,informal,100.0
Mobile,6.18,49.7,1,0,0,0,0,1,composite,light,damaged,low,none,93.16
Mobile,4.5,27.03,1,0,0,0,0,1,composite,light,broken,medium,informal,100.0
Mobile,4.55,50.49,1,0,0,0,0,1,composite,light,damaged,high,informal,100.0
Mobile,4.24,41.18,1,0,0,0,0,1,composite,light,working,low,none,82.93
Mobile,3.11,50.22,1,0,0,0,0,1,composite,light,damaged,medium,none,87.99
Mobile,2.95,2.0,1,0,0,0,0,1,composite,light,damaged,medium,none,96.04
Mobile,10.52,45.97,1,0,0,0,0,1,composite,light,broken,medium,formal,100.0
Mobile,6.95,6.67,1,0,0,0,0,1,composite,light,damaged,medium,none,100.0
Mobile,6.79,22.83,1,0,0,0,0,1,composite,light,broken,low,informal,100.0
Mobile,10.37,17.54,1,0,0,0,0,1,composite,light,broken,high,none,100.0
Mobile,0.71,57.77,1,0,0,0,0,1,composite,light,broken,medium,none,100.0
Mobile,1.79,42.22,1,0,0,0,0,1,composite,light,damaged,low,formal,83.61
Mobile,0.64,28.13,1,0,0,0,0,1,composite,light,damaged,medium,formal,91.97
Mobile,1.05,54.17,1,0,0,0,0,1,composite,light,broken,medium,informal,97.81
Mobile,10.76,11.13,1,0,0,0,0,1,composite,light,working,low,none,93.33
Mobile,11.95,51.34,1,0,0,0,0,1,composite,light,damaged,low,none,98.13
Mobile,7.39,6.9,1,0,0,0,0,1,composite,light,working,high,none,100.0
Mobile,5.45,19.02,1,0,0,0,0,1,composite,light,damaged,high,informal,100.0
Mobile,10.76,26.61,1,0,0,0,0,1,composite,light,damaged,medium,informal,100.0
Mobile,6.39,6.26,1,0,0,0,0,1,composite,light,damaged,medium,none,100.0
Mobile,11.43,36.04,1,0,0,0,0,1,composite,light,broken,medium,informal,100.0
Mobile,4.66,28.35,1,0,0,0,0,1,composite,light,working,low,formal,80.86
Mobile,11.67,19.89,1,0,0,0,0,1,composite,light,damaged,low,informal,98.42
Mobile,6.44,0.34,1,0,0,0,0,1,composite,light,working,low,formal,81.05
Mobile,1.74,20.34,1,0,0,0,0,1,composite,light,broken,medium,informal,100.0
Mobile,5.07,5.23,1,0,0,0,0,1,composite,light,damaged,low,informal,95.36
Mobile,6.34,52.45,1,0,0,0,0,1,composite,light,damaged,high,none,100.0
Mobile,5.04,25.32,1,0,0,0,0,1,composite,light,damaged,high,none,100.0
Mobile,7.49,18.57,1,0,0,0,0,1,composite,light,broken,high,none,100.0
Mobile,8.4,6.88,1,0,0,0,0,1,composite,light,damaged,medium,informal,100.0
Mobile,1.89,25.14,1,0,0,0,0,1,composite,light,broken,low,formal,93.32
Mobile,8.19,40.72,1,0,0,0,0,1,composite,light,damaged,medium,formal,96.15
Mobile,7.82,54.8,1,0,0,0,0,1,composite,light,damaged,high,none,100.0
Mobile,2.13,0.71,1,0,0,0,0,1,composite,light,damaged,medium,informal,93.58
Mobile,7.14,2.63,1,0,0,0,0,1,composite,light,working,medium,informal,98.99
Mobile,10.22,41.55,1,0,0,0,0,1,composite,light,damaged,medium,formal,100.0
Mobile,4.02,47.34,1,0,0,0,0,1,composite,light,damaged,high,none,95.55
Mobile,7.2,22.28,1,0,0,0,0,1,composite,light,damaged,high,none,100.0
Mobile,4.81,10.02,1,0,0,0,0,1,composite,light,damaged,low,none,89.91
Mobile,0.79,38.75,1,0,0,0,0,1,composite,light,damaged,medium,formal,86.23
Mobile,5.21,18.68,1,0,0,0,0,1,composite,light,damaged,medium,informal,100.0
Mobile,2.12,29.14,1,0,0,0,0,1,composite,light,working,medium,none,85.69
Mobile,4.92,2.35,1,0,0,0,0,1,composite,light,working,medium,formal,78.69
Mobile,10.85,6.98,1,0,0,0,0,1,composite,light,broken,medium,none,100.0
Mobile,7.43,49.6,1,0,0,0,0,1,composite,light,broken,medium,none,100.0
Mobile,4.41,32.49,1,0,0,0,0,1,composite,light,working,medium,informal,86.35
Mobile,9.26,50.02,1,0,0,0,0,1,composite,light,damaged,medium,formal,93.07
Mobile,11.61,33.47,1,0,0,0,0,1,composite,light,damaged,medium,formal,95.54
Mobile,5.61,37.58,1,0,0,0,0,1,composite,light,damaged,medium,none,99.9
Mobile,7.05,37.24,1,0,0,0,0,1,composite,light,working,medium,formal,92.06
Mobile,5.97,32.59,1,0,0,0,0,1,composite,light,working,high,none,99.23
Mobile,10.5,7.85,1,0,0,0,0,1,composite,light,broken,low,none,100.0
Mobile,3.67,52.63,1,0,0,0,0,1,composite,light,broken,low,informal,100.0
Mobile,10.43,35.33,1,0,0,0,0,1,composite,light,damaged,medium,formal,100.0
Mobile,9.26,23.2,1,0,0,0,0,1,composite,light,damaged,medium,informal,100.0
Mobile,9.29,34.42,1,0,0,0,0,1,composite,light,broken,low,formal,98.8
Mobile,10.32,26.35,1,0,0,0,0,1,composite,light,broken,high,formal,100.0
Mobile,6.37,37.6,1,0,0,0,0,1,composite,light,broken,low,informal,100.0
Mobile,8.41,43.37,1,0,0,0,0,1,composite,light,damaged,low,formal,97.67
Mobile,3.71,12.65,1,0,0,0,0,1,composite,light,broken,low,none,96.32
Mobile,8.28,49.71,1,0,0,0,0,1,composite,light,damaged,low,none,100.0
Mobile,2.14,45.21,1,0,0,0,0,1,composite,light,broken,medium,none,100.0
Mobile,10.23,36.82,1,0,0,0,0,1,composite,light,working,medium,formal,85.44
Mobile,1.26,20.94,1,0,0,0,0,1,composite,light,working,high,none,85.98
Mobile,1.33,57.31,1,0,0,0,0,1,composite,light,damaged,medium,formal,94.42
Mobile,8.63,3.02,1,0,0,0,0,1,composite,light,working,medium,formal,90.37
Mobile,3.17,16.87,1,0,0,0,0,1,composite,light,broken,high,informal,100.0
Mobile,5.98,13.57,1,0,0,0,0,1,composite,light,damaged,high,informal,100.0
Mobile,4.61,38.87,1,0,0,0,0,1,composite,light,working,high,informal,100.0
Mobile,7.69,4.32,1,0,0,0,0,1,composite,light,damaged,low,none,92.06
Mobile,9.96,48.24,1,0,0,0,0,1,composite,light,damaged,medium,formal,96.0
Mobile,6.21,17.06,1,0,0,0,0,1,composite,light,working,medium,formal,91.01
Mobile,9.11,19.06,1,0,0,0,0,1,composite,light,working,medium,formal,94.75
Mobile,1.22,50.36,1,0,0,0,0,1,composite,light,working,low,none,78.33
Mobile,4.14,6.12,1,0,0,0,0,1,composite,light,damaged,medium,none,100.0
Mobile,10.76,26.03,1,0,0,0,0,1,composite,light,broken,medium,none,100.0
Mobile,1.53,41.22,1,0,0,0,0,1,composite,light,damaged,medium,informal,97.92
Mobile,8.16,57.96,1,0,0,0,0,1,composite,light,broken,high,none,100.0
Mobile,3.93,6.33,1,0,0,0,0,1,composite,light,broken,medium,formal,99.34
Mobile,6.25,25.97,1,0,0,0,0,1,composite,light,damaged,low,informal,97.01
Mobile,4.75,3.15,1,0,0,0,0,1,composite,light,broken,medium,none,100.0
Mobile,8.06,28.34,1,0,0,0,0,1,composite,light,broken,low,none,100.0
Mobile,7.49,17.73,1,0,0,0,0,1,composite,light,working,medium,none,98.29
Mobile,5.04,42.8,1,0,0,0,0,1,composite,light,working,high,formal,86.58
Mobile,4.73,3.49,1,0,0,0,0,1,composite,light,working,medium,formal,79.57
Mobile,0.72,7.47,1,0,0,0,0,1,composite,light,damaged,medium,informal,90.33
Mobile,6.61,35.71,1,0,0,0,0,1,composite,light,working,medium,none,100.0
Mobile,4.09,46.44,1,0,0,0,0,1,composite,light,broken,medium,none,100.0
Mobile,1.94,1.03,1,0,0,0,0,1,composite,light,broken,high,formal,100.0
Mobile,6.46,20.89,1,0,0,0,0,1,composite,light,damaged,low,formal,87.78
Mobile,7.93,58.45,1,0,0,0,0,1,composite,light,broken,low,none,100.0
Mobile,5.77,23.89,1,0,0,0,0,1,composite,light,damaged,low,formal,92.63
Mobile,3.34,29.05,1,0,0,0,0,1,composite,light,broken,medium,formal,99.15
Mobile,1.37,21.95,1,0,0,0,0,1,composite,light,working,low,formal,77.85
Mobile,7.66,46.88,1,0,0,0,0,1,composite,light,damaged,low,none,92.0
Mobile,8.25,15.6,1,0,0,0,0,1,composite,light,damaged,high,formal,100.0
Mobile,5.9,53.41,1,0,0,0,0,1,composite,light,broken,low,formal,91.73
Mobile,11.52,31.78,1,0,0,0,0,1,composite,light,working,medium,none,96.38
Mobile,1.38,16.49,1,0,0,0,0,1,composite,light,broken,medium,informal,99.4
Mobile,2.41,26.74,1,0,0,0,0,1,composite,light,working,low,none,83.56
Mobile,11.78,47.59,1,0,0,0,0,1,composite,light,broken,low,none,100.0
Mobile,3.48,26.23,1,0,0,0,0,1,composite,light,damaged,low,informal,95.51
Mobile,11.78,11.41,1,0,0,0,0,1,composite,light,broken,high,none,100.0
Mobile,11.74,45.44,1,0,0,0,0,1,composite,light,working,medium,none,99.29
Mobile,3.34,38.44,1,0,0,0,0,1,composite,light,damaged,low,informal,93.99
Mobile,0.64,0.55,1,0,0,0,0,1,composite,light,damaged,high,formal,100.0
Mobile,7.8,13.33,1,0,0,0,0,1,composite,light,damaged,high,none,100.0
Mobile,0.84,28.86,1,0,0,0,0,1,composite,light,damaged,low,formal,80.51
Television,5.08,55.17,0,1,1,0,0,0,composite,heavy,broken,low,none,100.0
Television,9.17,55.11,0,1,1,0,0,0,composite,heavy,broken,medium,informal,100.0
Television,9.56,15.07,0,1,1,0,0,0,composite,heavy,damaged,medium,none,100.0
Television,11.06,6.12,0,1,1,0,0,0,composite,heavy,damaged,low,formal,100.0
Television,0.91,10.52,0,1,1,0,0,0,composite,heavy,broken,medium,none,100.0
Television,7.17,31.01,0,1,1,0,0,0,composite,heavy,broken,medium,informal,100.0
Television,10.78,56.79,0,1,1,0,0,0,composite,heavy,broken,medium,none,100.0
Television,2.85,35.47,0,1,1,0,0,0,composite,heavy,working,medium,none,90.54
Television,2.88,4.28,0,1,1,0,0,0,composite,heavy,working,high,informal,100.0
Television,10.11,19.94,0,1,1,0,0,0,composite,heavy,damaged,high,none,100.0
Television,2.24,52.55,0,1,1,0,0,0,composite,heavy,damaged,medium,informal,100.0
Television,1.13,58.38,0,1,1,0,0,0,composite,heavy,working,medium,informal,94.12
Television,3.15,0.1,0,1,1,0,0,0,composite,heavy,broken,high,formal,100.0
Television,10.26,25.36,0,1,1,0,0,0,composite,heavy,damaged,medium,none,100.0
Television,9.89,10.91,0,1,1,0,0,0,composite,heavy,damaged,high,none,100.0
Television,8.1,4.72,0,1,1,0,0,0,composite,heavy,damaged,high,formal,100.0
Television,9.48,35.03,0,1,1,0,0,0,composite,heavy,broken,low,formal,100.0
Television,8.72,45.54,0,1,1,0,0,0,composite,heavy,working,medium,informal,100.0
Television,4.75,55.98,0,1,1,0,0,0,composite,heavy,broken,medium,none,100.0
Television,8.49,43.74,0,1,1,0,0,0,composite,heavy,broken,medium,none,100.0
Television,2.75,20.73,0,1,1,0,0,0,composite,heavy,damaged,high,none,100.0
Television,6.96,56.83,0,1,1,0,0,0,composite,heavy,damaged,medium,formal,100.0
Television,9.54,44.07,0,1,1,0,0,0,composite,heavy,damaged,low,none,100.0
Television,3.2,42.3,0,1,1,0,0,0,composite,heavy,broken,medium,none,100.0
Television,1.09,30.29,0,1,1,0,0,0,composite,heavy,broken,high,formal,100.0
Television,5.06,7.91,0,1,1,0,0,0,composite,heavy,broken,low,informal,100.0
Television,3.84,52.29,0,1,1,0,0,0,composite,heavy,damaged,high,formal,100.0
Television,10.08,54.37,0,1,1,0,0,0,composite,heavy,working,medium,formal,100.0
Television,6.81,17.27,0,1,1,0,0,0,composite,heavy,damaged,medium,informal,100.0
Television,5.15,4.11,0,1,1,0,0,0,composite,heavy,broken,medium,informal,100.0
Television,8.38,19.95,0,1,1,0,0,0,composite,heavy,working,medium,none,100.0
Television,7.77,11.95,0,1,1,0,0,0,composite,heavy,damaged,high,formal,100.0
Television,3.7,16.59,0,1,1,0,0,0,composite,heavy,damaged,high,formal,100.0
Television,11.66,6.81,0,1,1,0,0,0,composite,heavy,damaged,high,none,100.0
Television,5.36,20.8,0,1,1,0,0,0,composite,heavy,damaged,medium,formal,100.0
Television,3.81,39.41,0,1,1,0,0,0,composite,heavy,broken,medium,formal,100.0
Television,1.37,57.09,0,1,1,0,0,0,composite,heavy,damaged,low,informal,100.0
Television,3.58,0.92,0,1,1,0,0,0,composite,heavy,broken,medium,none,100.0
Television,8.63,36.6,0,1,1,0,0,0,composite,heavy,damaged,medium,informal,100.0
Television,7.26,42.07,0,1,1,0,0,0,composite,heavy,damaged,medium,formal,100.0
Television,7.2,15.19,0,1,1,0,0,0,composite,heavy,damaged,high,informal,100.0
Television,8.23,58.62,0,1,1,0,0,0,composite,heavy,working,low,informal,100.0
Television,1.57,44.91,0,1,1,0,0,0,composite,heavy,broken,medium,formal,100.0
Television,0.6,35.37,0,1,1,0,0,0,composite,heavy,damaged,medium,formal,100.0
Television,8.71,5.49,0,1,1,0,0,0,composite,heavy,working,high,none,100.0
Television,3.35,3.76,0,1,1,0,0,0,composite,heavy,damaged,high,informal,100.0
Television,8.24,4.88,0,1,1,0,0,0,composite,heavy,broken,high,none,100.0
Television,7.59,44.58,0,1,1,0,0,0,composite,heavy,broken,medium,formal,100.0
Television,4.77,55.25,0,1,1,0,0,0,composite,heavy,damaged,medium,formal,100.0
Television,8.16,47.25,0,1,1,0,0,0,composite,heavy,damaged,medium,formal,100.0
Television,8.61,25.66,0,1,1,0,0,0,composite,heavy,damaged,medium,none,100.0
Television,0.75,18.07,0,1,1,0,0,0,composite,heavy,damaged,low,informal,99.81
Television,11.16,6.33,0,1,1,0,0,0,composite,heavy,broken,medium,none,100.0
Television,2.35,4.24,0,1,1,0,0,0,composite,heavy,working,medium,none,100.0
Television,9.86,41.11,0,1,1,0,0,0,composite,heavy,working,medium,informal,100.0
Television,6.66,21.42,0,1,1,0,0,0,composite,heavy,damaged,high,none,100.0
Television,4.04,54.83,0,1,1,0,0,0,composite,heavy,broken,medium,informal,100.0
Television,10.58,6.16,0,1,1,0,0,0,composite,heavy,damaged,medium,informal,100.0
Television,2.73,51.53,0,1,1,0,0,0,composite,heavy,damaged,high,none,100.0
Television,7.52,9.63,0,1,1,0,0,0,composite,heavy,damaged,low,none,100.0
Television,3.14,7.06,0,1,1,0,0,0,composite,heavy,working,low,none,100.0
Television,2.36,5.02,0,1,1,0,0,0,composite,heavy,working,low,none,100.0
Television,3.28,21.26,0,1,1,0,0,0,composite,heavy,working,low,informal,97.26
Television,1.16,23.47,0,1,1,0,0,0,composite,heavy,working,low,none,100.0
Television,7.59,33.42,0,1,1,0,0,0,composite,heavy,damaged,medium,informal,100.0
Television,2.47,30.01,0,1,1,0,0,0,composite,heavy,damaged,high,informal,100.0
Television,6.62,6.93,0,1,1,0,0,0,composite,heavy,damaged,low,informal,100.0
Television,2.87,23.52,0,1,1,0,0,0,composite,heavy,broken,low,informal,100.0
Television,5.32,1.1,0,1,1,0,0,0,composite,heavy,broken,low,informal,100.0
Television,8.42,15.2,0,1,1,0,0,0,composite,heavy,working,high,informal,100.0
Television,10.12,49.29,0,1,1,0,0,0,composite,heavy,broken,medium,informal,100.0
Television,2.61,51.3,0,1,1,0,0,0,composite,heavy,broken,medium,formal,100.0
Television,4.96,48.21,0,1,1,0,0,0,composite,heavy,broken,low,formal,100.0
Television,6.73,58.08,0,1,1,0,0,0,composite,heavy,working,medium,formal,100.0
Television,4.82,48.23,0,1,1,0,0,0,composite,heavy,damaged,high,informal,100.0
Television,4.53,22.36,0,1,1,0,0,0,composite,heavy,working,medium,informal,100.0
Television,8.81,39.41,0,1,1,0,0,0,composite,heavy,broken,low,formal,100.0
Television,0.56,48.27,0,1,1,0,0,0,composite,heavy,broken,medium,formal,100.0
Television,9.31,35.03,0,1,1,0,0,0,composite,heavy,broken,high,none,100.0
Television,8.22,37.23,0,1,1,0,0,0,composite,heavy,broken,low,formal,100.0
Television,10.74,45.0,0,1,1,0,0,0,composite,heavy,broken,high,informal,100.0
Television,7.16,37.95,0,1,1,0,0,0,composite,heavy,working,medium,none,100.0
Television,3.62,12.14,0,1,1,0,0,0,composite,heavy,damaged,low,formal,100.0
Television,6.33,11.28,0,1,1,0,0,0,composite,heavy,working,medium,informal,100.0
Television,9.95,39.57,0,1,1,0,0,0,composite,heavy,broken,medium,none,100.0
Television,7.82,19.48,0,1,1,0,0,0,composite,heavy,damaged,low,none,100.0
Television,3.02,35.72,0,1,1,0,0,0,composite,heavy,damaged,medium,none,100.0
Television,2.66,5.31,0,1,1,0,0,0,composite,heavy,damaged,medium,informal,100.0
Television,0.86,15.58,0,1,1,0,0,0,composite,heavy,working,high,formal,100.0
Television,8.17,19.39,0,1,1,0,0,0,composite,heavy,broken,high,informal,100.0
Television,10.86,59.77,0,1,1,0,0,0,composite,heavy,broken,high,formal,100.0
Television,1.59,59.93,0,1,1,0,0,0,composite,heavy,damaged,high,none,100.0
Television,10.37,59.86,0,1,1,0,0,0,composite,heavy,working,low,informal,100.0
Television,7.01,18.77,0,1,1,0,0,0,composite,heavy,damaged,low,formal,100.0
Television,9.29,37.43,0,1,1,0,0,0,composite,heavy,broken,low,none,100.0
Television,7.68,51.87,0,1,1,0,0,0,composite,heavy,damaged,medium,none,100.0
Television,9.2,26.54,0,1,1,0,0,0,composite,heavy,broken,medium,formal,100.0
Television,11.19,20.52,0,1,1,0,0,0,composite,heavy,damaged,low,none,100.0
Television,11.78,38.97,0,1,1,0,0,0,composite,heavy,broken,high,informal,100.0
Television,8.26,40.66,0,1,1,0,0,0,composite,heavy,damaged,high,formal,100.0
Television,6.25,41.46,0,1,1,0,0,0,composite,heavy,damaged,medium,formal,100.0
Television,7.39,10.77,0,1,1,0,0,0,composite,heavy,broken,medium,none,100.0
Television,10.13,10.19,0,1,1,0,0,0,composite,heavy,working,high,informal,100.0
Television,9.73,57.66,0,1,1,0,0,0,composite,heavy,damaged,medium,informal,100.0
Television,2.27,34.36,0,1,1,0,0,0,composite,heavy,damaged,high,informal,100.0
Television,1.1,1.91,0,1,1,0,0,0,composite,heavy,damaged,low,informal,100.0
Television,10.63,52.98,0,1,1,0,0,0,composite,heavy,damaged,low,none,100.0
Television,8.98,17.2,0,1,1,0,0,0,composite,heavy,broken,high,formal,100.0
Television,10.82,37.36,0,1,1,0,0,0,composite,heavy,broken,medium,none,100.0
Television,1.27,58.52,0,1,1,0,0,0,composite,heavy,broken,high,none,100.0
Television,1.48,23.14,0,1,1,0,0,0,composite,heavy,working,low,formal,86.85
Television,1.66,10.06,0,1,1,0,0,0,composite,heavy,working,high,none,100.0
Television,11.63,26.39,0,1,1,0,0,0,composite,heavy,damaged,high,informal,100.0
Television,1.99,15.4,0,1,1,0,0,0,composite,heavy,damaged,medium,formal,100.0
Television,2.92,48.54,0,1,1,0,0,0,composite,heavy,working,medium,none,96.83
Television,6.98,48.23,0,1,1,0,0,0,composite,heavy,working,medium,informal,100.0
Television,2.16,37.44,0,1,1,0,0,0,composite,heavy,damaged,medium,formal,98.05
Television,9.96,3.43,0,1,1,0,0,0,composite,heavy,damaged,medium,none,100.0
Television,7.1,40.04,0,1,1,0,0,0,composite,heavy,broken,high,informal,100.0
Television,11.88,53.37,0,1,1,0,0,0,composite,heavy,damaged,low,informal,100.0
Television,9.03,29.56,0,1,1,0,0,0,composite,heavy,damaged,high,informal,100.0
Television,4.27,27.24,0,1,1,0,0,0,composite,heavy,broken,low,formal,100.0
Television,11.44,10.54,0,1,1,0,0,0,composite,heavy,damaged,medium,informal,100.0
Television,6.86,22.34,0,1,1,0,0,0,composite,heavy,damaged,low,informal,100.0
Television,2.63,16.73,0,1,1,0,0,0,composite,heavy,working,low,none,100.0
Television,11.65,34.28,0,1,1,0,0,0,composite,heavy,working,medium,none,100.0
Television,4.72,5.23,0,1,1,0,0,0,composite,heavy,damaged,high,none,100.0
Television,3.04,13.1,0,1,1,0,0,0,composite,heavy,broken,low,formal,100.0
Television,0.51,52.24,0,1,1,0,0,0,composite,heavy,broken,medium,none,100.0
Television,4.54,5.64,0,1,1,0,0,0,composite,heavy,damaged,high,formal,100.0
Television,3.85,12.46,0,1,1,0,0,0,composite,heavy,working,high,informal,100.0
Television,2.28,29.24,0,1,1,0,0,0,composite,heavy,damaged,medium,none,100.0
Television,9.35,23.88,0,1,1,0,0,0,composite,heavy,broken,low,formal,100.0
Television,6.37,36.91,0,1,1,0,0,0,composite,heavy,broken,medium,informal,100.0
Television,1.08,2.1,0,1,1,0,0,0,composite,heavy,damaged,medium,none,100.0
Television,1.07,43.48,0,1,1,0,0,0,composite,heavy,working,medium,formal,96.08
Television,2.5,22.79,0,1,1,0,0,0,composite,heavy,broken,medium,none,100.0
Television,3.22,40.65,0,1,1,0,0,0,composite,heavy,damaged,high,informal,100.0
Television,1.26,1.16,0,1,1,0,0,0,composite,heavy,broken,medium,none,100.0
Television,0.85,57.69,0,1,1,0,0,0,composite,heavy,damaged,high,formal,100.0
Television,7.53,40.71,0,1,1,0,0,0,composite,heavy,damaged,high,none,100.0
Television,3.69,16.9,0,1,1,0,0,0,composite,heavy,broken,low,none,100.0
Television,8.62,37.37,0,1,1,0,0,0,composite,heavy,broken,medium,informal,100.0
Television,3.5,20.61,0,1,1,0,0,0,composite,heavy,broken,high,formal,100.0
Television,4.78,55.72,0,1,1,0,0,0,composite,heavy,working,low,formal,93.36
Television,11.63,26.81,0,1,1,0,0,0,composite,heavy,damaged,low,informal,100.0
Television,8.11,45.07,0,1,1,0,0,0,composite,heavy,broken,medium,none,100.0
Television,1.14,0.42,0,1,1,0,0,0,composite,heavy,working,medium,informal,100.0
Television,5.13,53.08,0,1,1,0,0,0,composite,heavy,broken,high,informal,100.0
Television,2.69,11.09,0,1,1,0,0,0,composite,heavy,damaged,medium,none,100.0
Laptop,1.88,44.1,1,1,0,0,0,1,composite,medium,damaged,medium,informal,100.0
Laptop,5.49,9.87,1,1,0,0,0,1,composite,medium,working,medium,none,93.09
Laptop,4.46,43.98,1,1,0,0,0,1,composite,medium,damaged,high,none,100.0
Laptop,10.83,23.98,1,1,0,0,0,1,composite,medium,damaged,low,none,100.0
Laptop,9.71,6.28,1,1,0,0,0,1,composite,medium,damaged,medium,formal,100.0
Laptop,9.0,1.96,1,1,0,0,0,1,composite,medium,damaged,medium,formal,100.0
Laptop,2.48,34.08,1,1,0,0,0,1,composite,medium,damaged,high,none,100.0
Laptop,4.5,3.03,1,1,0,0,0,1,composite,medium,working,medium,informal,100.0
Laptop,3.1,36.84,1,1,0,0,0,1,composite,medium,damaged,medium,informal,100.0
Laptop,5.99,21.06,1,1,0,0,0,1,composite,medium,damaged,high,informal,100.0
Laptop,2.9,5.09,1,1,0,0,0,1,composite,medium,damaged,medium,none,100.0
Laptop,9.8,49.42,1,1,0,0,0,1,composite,medium,damaged,medium,informal,100.0
Laptop,11.22,7.13,1,1,0,0,0,1,composite,medium,broken,medium,informal,100.0
Laptop,5.19,9.68,1,1,0,0,0,1,composite,medium,damaged,high,informal,100.0
Laptop,8.72,4.12,1,1,0,0,0,1,composite,medium,damaged,low,informal,100.0
Laptop,1.38,21.29,1,1,0,0,0,1,composite,medium,damaged,medium,none,100.0
Laptop,9.87,36.71,1,1,0,0,0,1,composite,medium,damaged,medium,formal,100.0
Laptop,8.27,39.49,1,1,0,0,0,1,composite,medium,working,medium,formal,90.78
Laptop,2.3,49.64,1,1,0,0,0,1,composite,medium,working,medium,formal,91.38
Laptop,3.16,30.15,1,1,0,0,0,1,composite,medium,broken,high,formal,100.0
Laptop,10.69,56.06,1,1,0,0,0,1,composite,medium,broken,medium,informal,100.0
Laptop,6.61,40.65,1,1,0,0,0,1,composite,medium,damaged,high,none,100.0
Laptop,2.18,49.98,1,1,0,0,0,1,composite,medium,damaged,high,informal,100.0
Laptop,3.39,50.65,1,1,0,0,0,1,composite,medium,damaged,medium,informal,100.0
Laptop,7.09,19.52,1,1,0,0,0,1,composite,medium,working,medium,formal,100.0
Laptop,4.48,40.27,1,1,0,0,0,1,composite,medium,broken,high,informal,100.0
Laptop,9.51,15.96,1,1,0,0,0,1,composite,medium,broken,low,informal,100.0
Laptop,1.88,56.31,1,1,0,0,0,1,composite,medium,working,medium,formal,94.61
Laptop,4.03,32.79,1,1,0,0,0,1,composite,medium,damaged,low,formal,100.0
Laptop,10.83,5.06,1,1,0,0,0,1,composite,medium,damaged,low,formal,100.0
Laptop,8.11,36.15,1,1,0,0,0,1,composite,medium,working,low,formal,92.24
Laptop,10.49,55.59,1,1,0,0,0,1,composite,medium,damaged,low,formal,100.0
Laptop,7.1,23.58,1,1,0,0,0,1,composite,medium,working,medium,formal,93.81
Laptop,0.96,35.31,1,1,0,0,0,1,composite,medium,damaged,high,informal,100.0
Laptop,3.67,42.57,1,1,0,0,0,1,composite,medium,damaged,high,informal,100.0
Laptop,5.4,49.94,1,1,0,0,0,1,composite,medium,broken,low,formal,100.0
Laptop,9.9,55.82,1,1,0,0,0,1,composite,medium,working,medium,informal,100.0
Laptop,1.09,29.56,1,1,0,0,0,1,composite,medium,damaged,medium,informal,100.0
Laptop,6.59,9.69,1,1,0,0,0,1,composite,medium,damaged,high,none,100.0
Laptop,3.58,21.67,1,1,0,0,0,1,composite,medium,damaged,medium,formal,98.62
Laptop,0.9,23.52,1,1,0,0,0,1,composite,medium,damaged,low,informal,100.0
Laptop,10.8,17.84,1,1,0,0,0,1,composite,medium,working,medium,formal,98.7
Laptop,8.23,49.57,1,1,0,0,0,1,composite,medium,damaged,high,informal,100.0
Laptop,4.65,40.28,1,1,0,0,0,1,composite,medium,damaged,low,none,98.79
Laptop,2.3,59.31,1,1,0,0,0,1,composite,medium,broken,high,none,100.0
Laptop,3.83,28.07,1,1,0,0,0,1,composite,medium,damaged,medium,informal,100.0
Laptop,4.3,33.86,1,1,0,0,0,1,composite,medium,broken,low,none,100.0
Laptop,6.9,46.77,1,1,0,0,0,1,composite,medium,working,high,formal,100.0
Laptop,10.73,59.52,1,1,0,0,0,1,composite,medium,damaged,low,none,100.0
Laptop,1.68,7.57,1,1,0,0,0,1,composite,medium,broken,medium,none,100.0
Laptop,4.23,40.59,1,1,0,0,0,1,composite,medium,damaged,medium,none,98.19
Laptop,3.67,46.12,1,1,0,0,0,1,composite,medium,working,medium,formal,99.72
Laptop,7.69,44.83,1,1,0,0,0,1,composite,medium,working,low,formal,97.52
Laptop,1.02,44.05,1,1,0,0,0,1,composite,medium,damaged,medium,none,100.0
Laptop,4.32,27.93,1,1,0,0,0,1,composite,medium,working,low,formal,89.48
Laptop,5.4,32.89,1,1,0,0,0,1,composite,medium,working,medium,none,98.39
Laptop,11.6,3.03,1,1,0,0,0,1,composite,medium,broken,medium,informal,100.0
Laptop,1.53,36.06,1,1,0,0,0,1,composite,medium,damaged,high,informal,100.0
Laptop,2.15,42.89,1,1,0,0,0,1,composite,medium,damaged,medium,none,100.0
Laptop,8.28,40.78,1,1,0,0,0,1,composite,medium,broken,medium,formal,100.0
Laptop,3.63,13.08,1,1,0,0,0,1,composite,medium,damaged,medium,informal,100.0
Laptop,6.9,20.57,1,1,0,0,0,1,composite,medium,working,low,none,92.3
Laptop,11.06,38.99,1,1,0,0,0,1,composite,medium,working,medium,none,100.0
Laptop,0.5,42.73,1,1,0,0,0,1,composite,medium,damaged,medium,formal,96.71
Laptop,6.71,51.07,1,1,0,0,0,1,composite,medium,broken,medium,informal,100.0
Laptop,4.87,36.43,1,1,0,0,0,1,composite,medium,damaged,low,formal,93.48
Laptop,4.12,5.81,1,1,0,0,0,1,composite,medium,working,high,informal,100.0
Laptop,11.95,34.97,1,1,0,0,0,1,composite,medium,broken,medium,informal,100.0
Laptop,5.13,40.35,1,1,0,0,0,1,composite,medium,damaged,medium,formal,97.49
Laptop,7.15,41.61,1,1,0,0,0,1,composite,medium,broken,high,none,100.0
Laptop,6.25,43.82,1,1,0,0,0,1,composite,medium,damaged,low,formal,96.66
Laptop,7.6,51.0,1,1,0,0,0,1,composite,medium,working,low,none,91.16
Laptop,1.74,28.71,1,1,0,0,0,1,composite,medium,damaged,medium,formal,100.0
Laptop,3.19,38.27,1,1,0,0,0,1,composite,medium,broken,low,informal,100.0
Laptop,8.43,15.15,1,1,0,0,0,1,composite,medium,damaged,medium,none,100.0
Laptop,8.9,21.9,1,1,0,0,0,1,composite,medium,damaged,medium,formal,100.0
Laptop,8.57,33.39,1,1,0,0,0,1,composite,medium,damaged,high,formal,100.0
Laptop,9.32,42.13,1,1,0,0,0,1,composite,medium,damaged,medium,informal,100.0
Laptop,9.2,27.26,1,1,0,0,0,1,composite,medium,damaged,high,formal,100.0
Laptop,11.65,22.68,1,1,0,0,0,1,composite,medium,working,medium,informal,100.0
Laptop,2.36,39.49,1,1,0,0,0,1,composite,medium,broken,medium,informal,100.0
Laptop,10.66,24.9,1,1,0,0,0,1,composite,medium,damaged,medium,informal,100.0
Laptop,7.95,3.7,1,1,0,0,0,1,composite,medium,broken,high,informal,100.0
Laptop,7.19,24.09,1,1,0,0,0,1,composite,medium,damaged,low,informal,100.0
Laptop,2.37,44.06,1,1,0,0,0,1,composite,medium,working,low,informal,97.83
Laptop,7.14,20.74,1,1,0,0,0,1,composite,medium,broken,medium,formal,100.0
Laptop,7.01,54.48,1,1,0,0,0,1,composite,medium,damaged,medium,formal,100.0
Laptop,7.35,4.85,1,1,0,0,0,1,composite,medium,broken,high,informal,100.0
Laptop,10.03,4.82,1,1,0,0,0,1,composite,medium,damaged,medium,none,100.0
Laptop,11.32,7.47,1,1,0,0,0,1,composite,medium,broken,high,formal,100.0
Laptop,8.8,2.43,1,1,0,0,0,1,composite,medium,damaged,medium,informal,100.0
Laptop,6.03,48.58,1,1,0,0,0,1,composite,medium,broken,low,none,100.0
Laptop,1.49,48.87,1,1,0,0,0,1,composite,medium,damaged,low,informal,94.73
Laptop,1.13,35.97,1,1,0,0,0,1,composite,medium,broken,medium,formal,100.0
Laptop,5.59,2.91,1,1,0,0,0,1,composite,medium,broken,high,informal,100.0
Laptop,6.88,49.56,1,1,0,0,0,1,composite,medium,damaged,high,informal,100.0
Laptop,5.26,57.48,1,1,0,0,0,1,composite,medium,damaged,medium,formal,100.0
Laptop,2.63,3.58,1,1,0,0,0,1,composite,medium,damaged,high,informal,100.0
Laptop,3.11,39.99,1,1,0,0,0,1,composite,medium,working,medium,formal,89.66
Laptop,4.95,3.08,1,1,0,0,0,1,composite,medium,damaged,medium,informal,100.0
Laptop,4.9,50.35,1,1,0,0,0,1,composite,medium,working,medium,formal,94.39
Laptop,7.01,52.68,1,1,0,0,0,1,composite,medium,damaged,high,formal,100.0
Laptop,1.63,2.65,1,1,0,0,0,1,composite,medium,working,medium,informal,95.0
Laptop,1.39,10.2,1,1,0,0,0,1,composite,medium,working,low,informal,95.95
Laptop,3.33,21.49,1,1,0,0,0,1,composite,medium,broken,medium,none,100.0
Laptop,6.88,4.61,1,1,0,0,0,1,composite,medium,working,medium,informal,99.21
Laptop,5.22,29.38,1,1,0,0,0,1,composite,medium,damaged,low,informal,100.0
Laptop,8.88,18.93,1,1,0,0,0,1,composite,medium,damaged,low,formal,100.0
Laptop,2.56,47.85,1,1,0,0,0,1,composite,medium,damaged,medium,informal,100.0
Laptop,9.5,59.55,1,1,0,0,0,1,composite,medium,working,high,none,100.0
Laptop,3.08,23.97,1,1,0,0,0,1,composite,medium,damaged,high,formal,100.0
Laptop,8.91,25.21,1,1,0,0,0,1,composite,medium,damaged,high,none,100.0
Laptop,10.46,3.59,1,1,0,0,0,1,composite,medium,damaged,low,informal,100.0
Laptop,6.48,59.79,1,1,0,0,0,1,composite,medium,working,medium,informal,100.0
Laptop,2.03,9.53,1,1,0,0,0,1,composite,medium,broken,high,none,100.0
Laptop,6.06,25.11,1,1,0,0,0,1,composite,medium,damaged,medium,informal,100.0
Laptop,2.36,28.31,1,1,0,0,0,1,composite,medium,damaged,medium,formal,100.0
Laptop,6.98,15.68,1,1,0,0,0,1,composite,medium,damaged,medium,none,100.0
Laptop,8.95,36.61,1,1,0,0,0,1,composite,medium,damaged,low,formal,100.0
Laptop,6.41,17.3,1,1,0,0,0,1,composite,medium,working,medium,formal,89.79
Laptop,8.95,1.45,1,1,0,0,0,1,composite,medium,damaged,high,formal,100.0
Laptop,7.7,33.04,1,1,0,0,0,1,composite,medium,damaged,medium,none,100.0
Laptop,2.76,1.36,1,1,0,0,0,1,composite,medium,broken,medium,none,100.0
Laptop,5.44,44.99,1,1,0,0,0,1,composite,medium,broken,medium,formal,100.0
Laptop,3.59,11.93,1,1,0,0,0,1,composite,medium,working,medium,informal,93.09
Laptop,7.58,4.9,1,1,0,0,0,1,composite,medium,working,low,informal,100.0
Laptop,2.96,17.0,1,1,0,0,0,1,composite,medium,damaged,high,formal,100.0
Laptop,9.68,55.97,1,1,0,0,0,1,composite,medium,working,low,none,100.0
Laptop,5.77,33.88,1,1,0,0,0,1,composite,medium,damaged,medium,none,100.0
Laptop,1.07,13.87,1,1,0,0,0,1,composite,medium,broken,medium,formal,100.0
Laptop,2.09,51.55,1,1,0,0,0,1,composite,medium,damaged,medium,formal,100.0
Laptop,4.09,24.65,1,1,0,0,0,1,composite,medium,working,high,informal,100.0
Laptop,11.25,18.21,1,1,0,0,0,1,composite,medium,broken,high,none,100.0
Laptop,2.0,40.31,1,1,0,0,0,1,composite,medium,broken,medium,formal,100.0
Laptop,6.3,18.74,1,1,0,0,0,1,composite,medium,damaged,medium,none,100.0
Laptop,3.6,11.93,1,1,0,0,0,1,composite,medium,broken,high,informal,100.0
Laptop,9.14,53.82,1,1,0,0,0,1,composite,medium,broken,low,none,100.0
Laptop,1.22,29.18,1,1,0,0,0,1,composite,medium,working,low,informal,87.83
Laptop,9.8,52.53,1,1,0,0,0,1,composite,medium,damaged,high,none,100.0
Laptop,8.44,56.7,1,1,0,0,0,1,composite,medium,damaged,medium,informal,100.0
Laptop,7.93,30.64,1,1,0,0,0,1,composite,medium,working,medium,none,100.0
Laptop,8.12,45.11,1,1,0,0,0,1,composite,medium,broken,high,informal,100.0
Laptop,10.37,7.91,1,1,0,0,0,1,composite,medium,broken,high,none,100.0
Laptop,2.44,3.23,1,1,0,0,0,1,composite,medium,broken,medium,none,100.0
Laptop,4.91,10.11,1,1,0,0,0,1,composite,medium,broken,medium,formal,100.0
Laptop,7.45,27.66,1,1,0,0,0,1,composite,medium,broken,high,none,100.0
Laptop,1.71,50.33,1,1,0,0,0,1,composite,medium,damaged,medium,informal,100.0
Laptop,1.79,24.47,1,1,0,0,0,1,composite,medium,broken,low,none,100.0
Laptop,8.31,37.89,1,1,0,0,0,1,composite,medium,damaged,low,none,100.0
Laptop,5.02,8.36,1,1,0,0,0,1,composite,medium,working,medium,none,96.11
light bulbs,4.75,21.44,0,0,1,0,0,0,glass,light,damaged,medium,informal,98.75
light bulbs,6.34,8.31,0,0,1,0,0,0,glass,light,broken,low,formal,99.8
light bulbs,8.13,35.73,0,0,1,0,0,0,glass,light,damaged,medium,none,100.0
light bulbs,7.96,25.14,0,0,1,0,0,0,glass,light,damaged,medium,none,98.61
light bulbs,6.4,19.26,0,0,1,0,0,0,glass,light,damaged,high,informal,100.0
light bulbs,1.13,12.26,0,0,1,0,0,0,glass,light,damaged,low,formal,85.83
light bulbs,11.02,50.63,0,0,1,0,0,0,glass,light,broken,low,formal,100.0
light bulbs,11.18,25.84,0,0,1,0,0,0,glass,light,working,medium,informal,96.85
light bulbs,4.81,37.28,0,0,1,0,0,0,glass,light,broken,low,formal,93.35
light bulbs,9.73,20.48,0,0,1,0,0,0,glass,light,damaged,medium,informal,100.0
light bulbs,10.41,51.96,0,0,1,0,0,0,glass,light,working,high,informal,100.0
light bulbs,11.85,45.28,0,0,1,0,0,0,glass,light,working,medium,none,97.19
light bulbs,10.36,5.85,0,0,1,0,0,0,glass,light,broken,medium,formal,98.32
light bulbs,9.92,20.25,0,0,1,0,0,0,glass,light,broken,low,informal,100.0
light bulbs,3.27,14.02,0,0,1,0,0,0,glass,light,working,low,informal,83.29
light bulbs,4.83,52.56,0,0,1,0,0,0,glass,light,broken,medium,informal,98.14
light bulbs,1.73,57.2,0,0,1,0,0,0,glass,light,working,medium,formal,77.39
light bulbs,9.51,7.36,0,0,1,0,0,0,glass,light,damaged,low,formal,91.44
light bulbs,10.96,11.42,0,0,1,0,0,0,glass,light,broken,medium,formal,100.0
light bulbs,10.32,0.8,0,0,1,0,0,0,glass,light,damaged,high,none,100.0
light bulbs,10.96,49.18,0,0,1,0,0,0,glass,light,broken,low,formal,96.59
light bulbs,5.02,32.68,0,0,1,0,0,0,glass,light,working,medium,formal,79.18
light bulbs,4.07,30.21,0,0,1,0,0,0,glass,light,broken,high,informal,100.0
light bulbs,1.51,22.65,0,0,1,0,0,0,glass,light,damaged,low,formal,79.02
light bulbs,11.49,57.22,0,0,1,0,0,0,glass,light,damaged,low,formal,96.23
light bulbs,2.12,45.81,0,0,1,0,0,0,glass,light,working,high,informal,94.01
light bulbs,9.42,20.56,0,0,1,0,0,0,glass,light,damaged,low,formal,94.41
light bulbs,9.8,4.15,0,0,1,0,0,0,glass,light,damaged,medium,informal,100.0
light bulbs,4.59,8.92,0,0,1,0,0,0,glass,light,damaged,high,informal,100.0
light bulbs,3.23,18.0,0,0,1,0,0,0,glass,light,damaged,medium,none,93.53
light bulbs,4.67,49.44,0,0,1,0,0,0,glass,light,working,medium,none,88.29
light bulbs,8.36,1.53,0,0,1,0,0,0,glass,light,damaged,medium,formal,99.24
light bulbs,7.51,14.46,0,0,1,0,0,0,glass,light,damaged,low,formal,88.87
light bulbs,10.97,0.37,0,0,1,0,0,0,glass,light,damaged,low,informal,99.94
light bulbs,11.15,9.71,0,0,1,0,0,0,glass,light,broken,low,none,100.0
light bulbs,6.87,32.08,0,0,1,0,0,0,glass,light,working,low,none,88.73
light bulbs,4.27,22.33,0,0,1,0,0,0,glass,light,broken,medium,none,100.0
light bulbs,10.63,2.99,0,0,1,0,0,0,glass,light,damaged,medium,formal,100.0
light bulbs,9.05,55.15,0,0,1,0,0,0,glass,light,damaged,medium,none,99.56
light bulbs,4.54,54.57,0,0,1,0,0,0,glass,light,damaged,high,none,90.85
light bulbs,4.43,26.03,0,0,1,0,0,0,glass,light,broken,medium,none,100.0
light bulbs,9.03,48.31,0,0,1,0,0,0,glass,light,broken,medium,formal,100.0
light bulbs,5.12,40.43,0,0,1,0,0,0,glass,light,damaged,high,informal,100.0
light bulbs,9.12,32.75,0,0,1,0,0,0,glass,light,working,medium,none,96.89
light bulbs,6.05,12.97,0,0,1,0,0,0,glass,light,broken,high,none,100.0
light bulbs,10.83,31.51,0,0,1,0,0,0,glass,light,broken,medium,informal,100.0
light bulbs,1.92,12.37,0,0,1,0,0,0,glass,light,working,low,none,85.31
light bulbs,10.15,33.04,0,0,1,0,0,0,glass,light,working,high,informal,99.25
light bulbs,8.91,46.19,0,0,1,0,0,0,glass,light,broken,medium,informal,100.0
light bulbs,10.82,7.17,0,0,1,0,0,0,glass,light,damaged,high,informal,100.0
light bulbs,5.03,28.41,0,0,1,0,0,0,glass,light,broken,medium,none,100.0
light bulbs,10.25,10.92,0,0,1,0,0,0,glass,light,damaged,low,none,98.42
light bulbs,6.66,38.12,0,0,1,0,0,0,glass,light,working,low,formal,85.51
light bulbs,10.37,40.02,0,0,1,0,0,0,glass,light,damaged,high,none,100.0
light bulbs,11.2,31.66,0,0,1,0,0,0,glass,light,damaged,low,none,97.53
light bulbs,6.62,33.87,0,0,1,0,0,0,glass,light,damaged,low,informal,94.13
light bulbs,7.6,58.19,0,0,1,0,0,0,glass,light,broken,high,none,100.0
light bulbs,8.17,37.41,0,0,1,0,0,0,glass,light,damaged,medium,informal,100.0
light bulbs,4.35,31.16,0,0,1,0,0,0,glass,light,working,high,formal,89.71
light bulbs,8.07,26.27,0,0,1,0,0,0,glass,light,damaged,medium,informal,99.38
light bulbs,11.23,55.36,0,0,1,0,0,0,glass,light,damaged,medium,none,100.0
light bulbs,4.37,55.23,0,0,1,0,0,0,glass,light,working,medium,none,87.06
light bulbs,6.08,5.13,0,0,1,0,0,0,glass,light,broken,medium,informal,100.0
light bulbs,5.44,4.5,0,0,1,0,0,0,glass,light,working,high,formal,85.14
light bulbs,2.74,30.3,0,0,1,0,0,0,glass,light,broken,low,informal,100.0
light bulbs,3.52,25.31,0,0,1,0,0,0,glass,light,working,medium,informal,89.37
light bulbs,7.07,19.95,0,0,1,0,0,0,glass,light,damaged,low,informal,98.35
light bulbs,11.61,58.2,0,0,1,0,0,0,glass,light,broken,medium,none,100.0
light bulbs,3.78,37.85,0,0,1,0,0,0,glass,light,damaged,medium,none,91.68
light bulbs,11.13,3.38,0,0,1,0,0,0,glass,light,damaged,high,informal,100.0
light bulbs,6.78,14.99,0,0,1,0,0,0,glass,light,damaged,high,informal,100.0
light bulbs,0.68,57.82,0,0,1,0,0,0,glass,light,damaged,medium,formal,86.96
light bulbs,8.36,55.95,0,0,1,0,0,0,glass,light,damaged,low,informal,97.02
light bulbs,10.62,38.92,0,0,1,0,0,0,glass,light,broken,medium,formal,100.0
light bulbs,4.06,12.12,0,0,1,0,0,0,glass,light,broken,high,none,100.0
light bulbs,9.2,28.45,0,0,1,0,0,0,glass,light,working,medium,formal,87.74
light bulbs,4.25,28.12,0,0,1,0,0,0,glass,light,working,high,formal,88.94
light bulbs,9.34,25.54,0,0,1,0,0,0,glass,light,damaged,low,formal,91.77
light bulbs,5.63,49.0,0,0,1,0,0,0,glass,light,broken,low,informal,100.0
light bulbs,10.04,8.03,0,0,1,0,0,0,glass,light,broken,high,none,100.0
light bulbs,8.28,21.81,0,0,1,0,0,0,glass,light,broken,medium,informal,100.0
light bulbs,11.19,12.3,0,0,1,0,0,0,glass,light,broken,high,formal,100.0
light bulbs,4.95,16.97,0,0,1,0,0,0,glass,light,damaged,high,informal,100.0
light bulbs,5.5,52.17,0,0,1,0,0,0,glass,light,working,high,formal,89.62
light bulbs,4.25,45.37,0,0,1,0,0,0,glass,light,damaged,medium,informal,94.74
light bulbs,1.17,18.0,0,0,1,0,0,0,glass,light,damaged,low,informal,93.41
light bulbs,5.1,3.45,0,0,1,0,0,0,glass,light,damaged,high,formal,100.0
light bulbs,5.32,42.07,0,0,1,0,0,0,glass,light,damaged,medium,formal,96.39
light bulbs,8.45,39.68,0,0,1,0,0,0,glass,light,working,medium,none,94.41
light bulbs,10.96,43.04,0,0,1,0,0,0,glass,light,damaged,high,none,98.15
light bulbs,5.75,28.51,0,0,1,0,0,0,glass,light,damaged,high,none,100.0
light bulbs,6.82,25.04,0,0,1,0,0,0,glass,light,broken,low,none,100.0
light bulbs,6.91,3.29,0,0,1,0,0,0,glass,light,broken,medium,formal,100.0
light bulbs,4.01,11.57,0,0,1,0,0,0,glass,light,working,medium,none,88.42
light bulbs,5.92,13.66,0,0,1,0,0,0,glass,light,working,medium,none,85.79
light bulbs,10.75,27.63,0,0,1,0,0,0,glass,light,broken,high,formal,100.0
light bulbs,1.61,43.23,0,0,1,0,0,0,glass,light,damaged,low,formal,83.54
light bulbs,7.47,25.71,0,0,1,0,0,0,glass,light,working,high,formal,89.53
light bulbs,9.26,53.6,0,0,1,0,0,0,glass,light,damaged,medium,informal,100.0
light bulbs,10.78,20.16,0,0,1,0,0,0,glass,light,damaged,high,none,100.0
light bulbs,6.35,27.17,0,0,1,0,0,0,glass,light,damaged,high,formal,93.04
light bulbs,3.71,24.3,0,0,1,0,0,0,glass,light,broken,low,informal,100.0
light bulbs,1.45,9.28,0,0,1,0,0,0,glass,light,damaged,medium,formal,85.42
light bulbs,3.99,57.99,0,0,1,0,0,0,glass,light,broken,medium,informal,100.0
light bulbs,10.96,0.38,0,0,1,0,0,0,glass,light,broken,high,formal,100.0
light bulbs,3.46,27.0,0,0,1,0,0,0,glass,light,damaged,high,none,100.0
light bulbs,3.81,32.3,0,0,1,0,0,0,glass,light,damaged,medium,formal,100.0
light bulbs,3.11,32.63,0,0,1,0,0,0,glass,light,damaged,medium,none,94.57
light bulbs,7.53,22.26,0,0,1,0,0,0,glass,light,broken,low,informal,100.0
light bulbs,9.49,29.06,0,0,1,0,0,0,glass,light,broken,medium,informal,100.0
light bulbs,9.81,14.3,0,0,1,0,0,0,glass,light,working,medium,formal,79.16
light bulbs,11.62,34.28,0,0,1,0,0,0,glass,light,broken,low,informal,100.0
light bulbs,10.48,34.99,0,0,1,0,0,0,glass,light,broken,medium,formal,94.95
light bulbs,10.47,14.65,0,0,1,0,0,0,glass,light,broken,high,formal,100.0
light bulbs,4.5,53.73,0,0,1,0,0,0,glass,light,broken,medium,informal,100.0
light bulbs,3.64,44.19,0,0,1,0,0,0,glass,light,working,low,informal,87.46
light bulbs,4.56,18.94,0,0,1,0,0,0,glass,light,damaged,medium,formal,86.19
light bulbs,7.13,59.0,0,0,1,0,0,0,glass,light,working,medium,none,84.06
light bulbs,7.48,5.32,0,0,1,0,0,0,glass,light,damaged,low,informal,94.68
light bulbs,10.18,1.83,0,0,1,0,0,0,glass,light,broken,medium,formal,100.0
light bulbs,2.04,57.2,0,0,1,0,0,0,glass,light,working,low,informal,87.7
light bulbs,1.94,17.39,0,0,1,0,0,0,glass,light,working,low,informal,93.08
light bulbs,8.6,13.06,0,0,1,0,0,0,glass,light,damaged,medium,none,96.77
light bulbs,6.32,46.67,0,0,1,0,0,0,glass,light,broken,high,informal,100.0
light bulbs,8.4,18.78,0,0,1,0,0,0,glass,light,working,high,formal,88.2
light bulbs,8.47,45.98,0,0,1,0,0,0,glass,light,damaged,high,formal,98.5
light bulbs,5.63,43.62,0,0,1,0,0,0,glass,light,damaged,high,formal,100.0
light bulbs,11.02,9.39,0,0,1,0,0,0,glass,light,broken,medium,formal,100.0
light bulbs,5.96,20.03,0,0,1,0,0,0,glass,light,damaged,high,informal,100.0
light bulbs,1.09,13.98,0,0,1,0,0,0,glass,light,damaged,medium,formal,96.42
light bulbs,6.3,19.38,0,0,1,0,0,0,glass,light,damaged,medium,formal,91.15
light bulbs,9.42,48.48,0,0,1,0,0,0,glass,light,broken,low,informal,100.0
light bulbs,10.09,34.65,0,0,1,0,0,0,glass,light,damaged,medium,informal,100.0
light bulbs,1.44,26.11,0,0,1,0,0,0,glass,light,damaged,medium,formal,86.43
light bulbs,8.45,47.7,0,0,1,0,0,0,glass,light,working,low,formal,85.46
light bulbs,5.87,6.41,0,0,1,0,0,0,glass,light,damaged,high,none,100.0
light bulbs,7.7,4.53,0,0,1,0,0,0,glass,light,working,low,formal,82.61
light bulbs,4.93,56.58,0,0,1,0,0,0,glass,light,damaged,high,none,100.0
light bulbs,1.79,44.16,0,0,1,0,0,0,glass,light,damaged,medium,informal,96.44
light bulbs,0.78,41.8,0,0,1,0,0,0,glass,light,broken,high,none,100.0
light bulbs,11.72,3.93,0,0,1,0,0,0,glass,light,broken,medium,informal,100.0
light bulbs,11.8,54.71,0,0,1,0,0,0,glass,light,damaged,low,informal,97.51
light bulbs,10.0,42.09,0,0,1,0,0,0,glass,light,damaged,low,informal,100.0
light bulbs,7.87,18.71,0,0,1,0,0,0,glass,light,damaged,low,none,96.22
light bulbs,4.64,28.68,0,0,1,0,0,0,glass,light,damaged,medium,none,92.6
light bulbs,4.13,7.52,0,0,1,0,0,0,glass,light,damaged,low,informal,97.64
light bulbs,10.5,53.45,0,0,1,0,0,0,glass,light,damaged,medium,formal,100.0
light bulbs,3.31,25.28,0,0,1,0,0,0,glass,light,broken,high,formal,100.0
light bulbs,6.83,11.56,0,0,1,0,0,0,glass,light,working,high,none,97.35
light bulbs,4.44,32.79,0,0,1,0,0,0,glass,light,working,high,informal,100.0
Refrigerator,2.65,11.3,0,0,0,0,1,1,metal_cfc,heavy,working,low,informal,100.0
Refrigerator,9.92,19.61,0,0,0,0,1,1,metal_cfc,heavy,damaged,medium,formal,100.0
Refrigerator,0.81,44.12,0,0,0,0,1,1,metal_cfc,heavy,damaged,medium,none,100.0
Refrigerator,4.55,7.58,0,0,0,0,1,1,metal_cfc,heavy,working,medium,none,100.0
Refrigerator,11.57,37.7,0,0,0,0,1,1,metal_cfc,heavy,working,low,none,100.0
Refrigerator,9.49,42.2,0,0,0,0,1,1,metal_cfc,heavy,broken,low,none,100.0
Refrigerator,10.28,17.18,0,0,0,0,1,1,metal_cfc,heavy,damaged,medium,none,100.0
Refrigerator,2.41,42.74,0,0,0,0,1,1,metal_cfc,heavy,working,low,informal,99.05
Refrigerator,11.02,12.71,0,0,0,0,1,1,metal_cfc,heavy,working,high,informal,100.0
Refrigerator,2.3,41.01,0,0,0,0,1,1,metal_cfc,heavy,damaged,high,informal,100.0
Refrigerator,5.65,24.33,0,0,0,0,1,1,metal_cfc,heavy,broken,medium,formal,100.0
Refrigerator,3.4,54.92,0,0,0,0,1,1,metal_cfc,heavy,damaged,high,formal,100.0
Refrigerator,8.05,54.42,0,0,0,0,1,1,metal_cfc,heavy,working,high,informal,100.0
Refrigerator,3.97,11.31,0,0,0,0,1,1,metal_cfc,heavy,damaged,low,formal,100.0
Refrigerator,1.7,25.38,0,0,0,0,1,1,metal_cfc,heavy,broken,low,formal,100.0
Refrigerator,1.62,10.02,0,0,0,0,1,1,metal_cfc,heavy,broken,high,informal,100.0
Refrigerator,8.04,32.24,0,0,0,0,1,1,metal_cfc,heavy,damaged,medium,informal,100.0
Refrigerator,7.05,49.95,0,0,0,0,1,1,metal_cfc,heavy,broken,low,none,100.0
Refrigerator,8.25,58.8,0,0,0,0,1,1,metal_cfc,heavy,broken,medium,formal,100.0
Refrigerator,9.48,54.61,0,0,0,0,1,1,metal_cfc,heavy,damaged,medium,informal,100.0
Refrigerator,5.53,18.63,0,0,0,0,1,1,metal_cfc,heavy,broken,high,none,100.0
Refrigerator,8.98,15.18,0,0,0,0,1,1,metal_cfc,heavy,working,medium,none,100.0
Refrigerator,7.78,43.27,0,0,0,0,1,1,metal_cfc,heavy,damaged,high,formal,100.0
Refrigerator,2.18,49.38,0,0,0,0,1,1,metal_cfc,heavy,working,medium,informal,98.91
Refrigerator,7.35,6.46,0,0,0,0,1,1,metal_cfc,heavy,working,high,formal,100.0
Refrigerator,8.12,57.93,0,0,0,0,1,1,metal_cfc,heavy,broken,medium,none,100.0
Refrigerator,2.06,58.65,0,0,0,0,1,1,metal_cfc,heavy,broken,low,formal,100.0
Refrigerator,9.88,22.71,0,0,0,0,1,1,metal_cfc,heavy,working,medium,none,100.0
Refrigerator,7.74,24.98,0,0,0,0,1,1,metal_cfc,heavy,working,high,none,100.0
Refrigerator,1.15,7.23,0,0,0,0,1,1,metal_cfc,heavy,damaged,high,informal,100.0
Refrigerator,10.19,26.76,0,0,0,0,1,1,metal_cfc,heavy,broken,high,formal,100.0
Refrigerator,1.31,21.7,0,0,0,0,1,1,metal_cfc,heavy,damaged,high,informal,100.0
Refrigerator,9.88,25.93,0,0,0,0,1,1,metal_cfc,heavy,broken,medium,none,100.0
Refrigerator,7.75,25.05,0,0,0,0,1,1,metal_cfc,heavy,working,low,formal,94.39
Refrigerator,10.55,14.2,0,0,0,0,1,1,metal_cfc,heavy,working,high,informal,100.0
Refrigerator,11.54,51.1,0,0,0,0,1,1,metal_cfc,heavy,broken,medium,none,100.0
Refrigerator,2.15,0.53,0,0,0,0,1,1,metal_cfc,heavy,working,medium,informal,100.0
Refrigerator,5.36,43.09,0,0,0,0,1,1,metal_cfc,heavy,damaged,high,formal,100.0
Refrigerator,9.85,35.31,0,0,0,0,1,1,metal_cfc,heavy,working,low,informal,100.0
Refrigerator,3.47,52.02,0,0,0,0,1,1,metal_cfc,heavy,damaged,medium,informal,100.0
Refrigerator,2.85,37.61,0,0,0,0,1,1,metal_cfc,heavy,damaged,high,informal,100.0
Refrigerator,11.04,48.05,0,0,0,0,1,1,metal_cfc,heavy,damaged,high,informal,100.0
Refrigerator,6.16,11.55,0,0,0,0,1,1,metal_cfc,heavy,damaged,low,none,100.0
Refrigerator,6.63,37.9,0,0,0,0,1,1,metal_cfc,heavy,damaged,low,informal,100.0
Refrigerator,1.64,37.38,0,0,0,0,1,1,metal_cfc,heavy,damaged,high,formal,100.0
Refrigerator,11.16,42.63,0,0,0,0,1,1,metal_cfc,heavy,damaged,medium,formal,100.0
Refrigerator,11.82,39.99,0,0,0,0,1,1,metal_cfc,heavy,damaged,medium,formal,100.0
Refrigerator,8.75,46.61,0,0,0,0,1,1,metal_cfc,heavy,damaged,medium,none,100.0
Refrigerator,1.4,19.86,0,0,0,0,1,1,metal_cfc,heavy,working,high,informal,100.0
Refrigerator,2.94,14.35,0,0,0,0,1,1,metal_cfc,heavy,damaged,medium,formal,100.0
Refrigerator,0.73,52.76,0,0,0,0,1,1,metal_cfc,heavy,broken,medium,informal,100.0
Refrigerator,2.34,47.41,0,0,0,0,1,1,metal_cfc,heavy,damaged,low,informal,100.0
Refrigerator,4.05,22.13,0,0,0,0,1,1,metal_cfc,heavy,broken,high,informal,100.0
Refrigerator,9.38,29.04,0,0,0,0,1,1,metal_cfc,heavy,broken,high,formal,100.0
Refrigerator,11.27,49.53,0,0,0,0,1,1,metal_cfc,heavy,broken,low,none,100.0
Refrigerator,11.45,3.0,0,0,0,0,1,1,metal_cfc,heavy,working,medium,informal,100.0
Refrigerator,7.92,1.03,0,0,0,0,1,1,metal_cfc,heavy,broken,low,formal,100.0
Refrigerator,11.22,39.96,0,0,0,0,1,1,metal_cfc,heavy,broken,low,informal,100.0
Refrigerator,5.78,29.94,0,0,0,0,1,1,metal_cfc,heavy,working,medium,informal,100.0
Refrigerator,2.22,38.9,0,0,0,0,1,1,metal_cfc,heavy,working,high,informal,100.0
Refrigerator,2.31,57.74,0,0,0,0,1,1,metal_cfc,heavy,damaged,low,informal,100.0
Refrigerator,9.9,58.74,0,0,0,0,1,1,metal_cfc,heavy,damaged,medium,none,100.0
Refrigerator,2.02,32.82,0,0,0,0,1,1,metal_cfc,heavy,damaged,low,informal,100.0
Refrigerator,1.98,43.2,0,0,0,0,1,1,metal_cfc,heavy,working,medium,informal,100.0
Refrigerator,9.57,14.03,0,0,0,0,1,1,metal_cfc,heavy,damaged,low,none,100.0
Refrigerator,1.96,25.66,0,0,0,0,1,1,metal_cfc,heavy,working,high,none,100.0
Refrigerator,1.72,30.37,0,0,0,0,1,1,metal_cfc,heavy,broken,high,informal,100.0
Refrigerator,5.03,50.89,0,0,0,0,1,1,metal_cfc,heavy,damaged,medium,informal,100.0
Refrigerator,10.24,49.92,0,0,0,0,1,1,metal_cfc,heavy,damaged,medium,informal,100.0
Refrigerator,9.63,29.19,0,0,0,0,1,1,metal_cfc,heavy,damaged,low,formal,100.0
Refrigerator,11.42,18.31,0,0,0,0,1,1,metal_cfc,heavy,working,medium,informal,100.0
Refrigerator,6.76,33.11,0,0,0,0,1,1,metal_cfc,heavy,damaged,medium,none,100.0
Refrigerator,4.84,15.5,0,0,0,0,1,1,metal_cfc,heavy,working,medium,none,100.0
Refrigerator,0.74,25.14,0,0,0,0,1,1,metal_cfc,heavy,broken,medium,informal,100.0
Refrigerator,2.86,44.52,0,0,0,0,1,1,metal_cfc,heavy,working,high,formal,100.0
Refrigerator,8.81,19.16,0,0,0,0,1,1,metal_cfc,heavy,broken,low,formal,100.0
Refrigerator,6.17,4.93,0,0,0,0,1,1,metal_cfc,heavy,working,high,none,100.0
Refrigerator,6.77,16.19,0,0,0,0,1,1,metal_cfc,heavy,broken,medium,none,100.0
Refrigerator,3.55,40.33,0,0,0,0,1,1,metal_cfc,heavy,working,low,formal,95.46
Refrigerator,3.95,9.08,0,0,0,0,1,1,metal_cfc,heavy,damaged,medium,none,100.0
Refrigerator,6.71,4.66,0,0,0,0,1,1,metal_cfc,heavy,working,low,informal,100.0
Refrigerator,9.72,27.99,0,0,0,0,1,1,metal_cfc,heavy,damaged,low,none,100.0
Refrigerator,9.51,10.1,0,0,0,0,1,1,metal_cfc,heavy,damaged,medium,informal,100.0
Refrigerator,6.71,3.03,0,0,0,0,1,1,metal_cfc,heavy,working,low,formal,100.0
Refrigerator,9.05,43.4,0,0,0,0,1,1,metal_cfc,heavy,working,high,formal,100.0
Refrigerator,4.78,15.29,0,0,0,0,1,1,metal_cfc,heavy,damaged,medium,none,100.0
Refrigerator,1.14,8.54,0,0,0,0,1,1,metal_cfc,heavy,working,medium,formal,96.55
Refrigerator,6.56,33.7,0,0,0,0,1,1,metal_cfc,heavy,working,low,informal,100.0
Refrigerator,7.33,12.61,0,0,0,0,1,1,metal_cfc,heavy,working,high,formal,100.0
Refrigerator,3.92,8.15,0,0,0,0,1,1,metal_cfc,heavy,working,medium,informal,100.0
Refrigerator,9.5,56.25,0,0,0,0,1,1,metal_cfc,heavy,damaged,low,formal,100.0
Refrigerator,1.33,42.2,0,0,0,0,1,1,metal_cfc,heavy,damaged,high,none,100.0
Refrigerator,1.54,56.87,0,0,0,0,1,1,metal_cfc,heavy,damaged,medium,informal,100.0
Refrigerator,1.92,24.06,0,0,0,0,1,1,metal_cfc,heavy,damaged,high,none,100.0
Refrigerator,2.26,22.0,0,0,0,0,1,1,metal_cfc,heavy,damaged,low,none,100.0
Refrigerator,4.72,6.36,0,0,0,0,1,1,metal_cfc,heavy,damaged,low,none,100.0
Refrigerator,9.48,23.42,0,0,0,0,1,1,metal_cfc,heavy,damaged,high,informal,100.0
Refrigerator,10.2,38.66,0,0,0,0,1,1,metal_cfc,heavy,damaged,high,none,100.0
Refrigerator,11.08,5.7,0,0,0,0,1,1,metal_cfc,heavy,damaged,high,none,100.0
Refrigerator,9.67,43.21,0,0,0,0,1,1,metal_cfc,heavy,working,medium,formal,100.0
Refrigerator,4.38,1.09,0,0,0,0,1,1,metal_cfc,heavy,damaged,medium,informal,100.0
Refrigerator,2.98,7.24,0,0,0,0,1,1,metal_cfc,heavy,broken,low,none,100.0
Refrigerator,10.19,30.06,0,0,0,0,1,1,metal_cfc,heavy,broken,low,informal,100.0
Refrigerator,11.18,3.95,0,0,0,0,1,1,metal_cfc,heavy,damaged,medium,none,100.0
Refrigerator,3.44,21.88,0,0,0,0,1,1,metal_cfc,heavy,broken,low,none,100.0
Refrigerator,8.71,12.46,0,0,0,0,1,1,metal_cfc,heavy,damaged,high,informal,100.0
Refrigerator,11.62,27.14,0,0,0,0,1,1,metal_cfc,heavy,working,medium,none,100.0
Refrigerator,10.63,21.02,0,0,0,0,1,1,metal_cfc,heavy,working,high,informal,100.0
Refrigerator,9.5,26.56,0,0,0,0,1,1,metal_cfc,heavy,damaged,high,informal,100.0
Refrigerator,4.72,31.56,0,0,0,0,1,1,metal_cfc,heavy,broken,medium,informal,100.0
Refrigerator,8.21,16.17,0,0,0,0,1,1,metal_cfc,heavy,damaged,high,none,100.0
Refrigerator,0.84,37.09,0,0,0,0,1,1,metal_cfc,heavy,damaged,medium,informal,100.0
Refrigerator,1.44,11.61,0,0,0,0,1,1,metal_cfc,heavy,broken,medium,informal,100.0
Refrigerator,6.35,14.6,0,0,0,0,1,1,metal_cfc,heavy,broken,low,formal,100.0
Refrigerator,5.8,17.18,0,0,0,0,1,1,metal_cfc,heavy,working,medium,none,100.0
Refrigerator,1.34,16.43,0,0,0,0,1,1,metal_cfc,heavy,broken,medium,none,100.0
Refrigerator,0.58,31.1,0,0,0,0,1,1,metal_cfc,heavy,working,medium,none,100.0
Refrigerator,5.77,56.7,0,0,0,0,1,1,metal_cfc,heavy,damaged,low,informal,100.0
Refrigerator,3.26,28.19,0,0,0,0,1,1,metal_cfc,heavy,damaged,medium,informal,100.0
Refrigerator,10.05,39.84,0,0,0,0,1,1,metal_cfc,heavy,damaged,high,none,100.0
Refrigerator,2.91,2.37,0,0,0,0,1,1,metal_cfc,heavy,broken,high,none,100.0
Refrigerator,6.6,1.68,0,0,0,0,1,1,metal_cfc,heavy,working,medium,informal,100.0
Refrigerator,6.91,44.56,0,0,0,0,1,1,metal_cfc,heavy,damaged,medium,formal,100.0
Refrigerator,8.47,59.44,0,0,0,0,1,1,metal_cfc,heavy,damaged,medium,informal,100.0
Refrigerator,5.57,51.42,0,0,0,0,1,1,metal_cfc,heavy,damaged,high,formal,100.0
Refrigerator,4.12,30.73,0,0,0,0,1,1,metal_cfc,heavy,broken,low,informal,100.0
Refrigerator,10.35,23.77,0,0,0,0,1,1,metal_cfc,heavy,working,medium,informal,100.0
Refrigerator,6.31,59.3,0,0,0,0,1,1,metal_cfc,heavy,damaged,low,formal,100.0
Refrigerator,5.51,9.42,0,0,0,0,1,1,metal_cfc,heavy,broken,high,formal,100.0
Refrigerator,11.32,52.9,0,0,0,0,1,1,metal_cfc,heavy,damaged,high,informal,100.0
Refrigerator,6.86,6.89,0,0,0,0,1,1,metal_cfc,heavy,working,medium,formal,100.0
Refrigerator,6.7,58.13,0,0,0,0,1,1,metal_cfc,heavy,damaged,low,informal,100.0
Refrigerator,10.17,59.81,0,0,0,0,1,1,metal_cfc,heavy,damaged,medium,none,100.0
Refrigerator,5.17,2.47,0,0,0,0,1,1,metal_cfc,heavy,damaged,medium,none,100.0
Refrigerator,11.41,16.09,0,0,0,0,1,1,metal_cfc,heavy,broken,low,informal,100.0
Refrigerator,9.97,38.85,0,0,0,0,1,1,metal_cfc,heavy,broken,high,none,100.0
Refrigerator,6.45,7.03,0,0,0,0,1,1,metal_cfc,heavy,damaged,low,informal,100.0
Refrigerator,0.62,11.7,0,0,0,0,1,1,metal_cfc,heavy,damaged,high,informal,100.0
Refrigerator,5.38,42.88,0,0,0,0,1,1,metal_cfc,heavy,damaged,medium,informal,100.0
Refrigerator,0.8,13.31,0,0,0,0,1,1,metal_cfc,heavy,broken,low,formal,100.0
Refrigerator,5.96,0.61,0,0,0,0,1,1,metal_cfc,heavy,working,high,none,100.0
Refrigerator,9.5,50.73,0,0,0,0,1,1,metal_cfc,heavy,broken,medium,formal,100.0
Refrigerator,10.22,43.63,0,0,0,0,1,1,metal_cfc,heavy,broken,low,formal,100.0
Refrigerator,2.65,4.01,0,0,0,0,1,1,metal_cfc,heavy,broken,low,none,100.0
Refrigerator,4.7,50.5,0,0,0,0,1,1,metal_cfc,heavy,damaged,high,none,100.0
Refrigerator,10.72,27.6,0,0,0,0,1,1,metal_cfc,heavy,damaged,low,none,100.0
Refrigerator,11.62,16.12,0,0,0,0,1,1,metal_cfc,heavy,damaged,low,informal,100.0
Refrigerator,5.58,20.05,0,0,0,0,1,1,metal_cfc,heavy,damaged,medium,formal,100.0
Refrigerator,9.25,42.78,0,0,0,0,1,1,metal_cfc,heavy,damaged,low,none,100.0
Refrigerator,7.13,9.3,0,0,0,0,1,1,metal_cfc,heavy,damaged,medium,informal,100.0
Air-Conditioner,4.94,25.22,0,0,0,0,1,1,metal_cfc,medium,damaged,low,formal,100.0
Air-Conditioner,3.61,22.24,0,0,0,0,1,1,metal_cfc,medium,damaged,high,none,100.0
Air-Conditioner,9.0,5.21,0,0,0,0,1,1,metal_cfc,medium,damaged,medium,informal,100.0
Air-Conditioner,3.97,23.05,0,0,0,0,1,1,metal_cfc,medium,broken,high,formal,100.0
Air-Conditioner,1.85,15.13,0,0,0,0,1,1,metal_cfc,medium,broken,medium,informal,100.0
Air-Conditioner,9.78,31.4,0,0,0,0,1,1,metal_cfc,medium,working,low,informal,100.0
Air-Conditioner,11.27,18.51,0,0,0,0,1,1,metal_cfc,medium,broken,high,formal,100.0
Air-Conditioner,4.77,30.11,0,0,0,0,1,1,metal_cfc,medium,broken,low,informal,100.0
Air-Conditioner,6.08,32.45,0,0,0,0,1,1,metal_cfc,medium,broken,low,none,100.0
Air-Conditioner,8.54,24.73,0,0,0,0,1,1,metal_cfc,medium,working,medium,informal,100.0
Air-Conditioner,7.85,20.29,0,0,0,0,1,1,metal_cfc,medium,broken,medium,formal,100.0
Air-Conditioner,9.63,29.68,0,0,0,0,1,1,metal_cfc,medium,broken,medium,informal,100.0
Air-Conditioner,10.83,53.78,0,0,0,0,1,1,metal_cfc,medium,damaged,high,formal,100.0
Air-Conditioner,2.55,14.37,0,0,0,0,1,1,metal_cfc,medium,damaged,medium,informal,100.0
Air-Conditioner,2.05,17.78,0,0,0,0,1,1,metal_cfc,medium,damaged,medium,informal,100.0
Air-Conditioner,9.2,19.93,0,0,0,0,1,1,metal_cfc,medium,broken,low,formal,100.0
Air-Conditioner,4.47,48.46,0,0,0,0,1,1,metal_cfc,medium,working,low,formal,94.81
Air-Conditioner,3.41,33.32,0,0,0,0,1,1,metal_cfc,medium,damaged,medium,formal,100.0
Air-Conditioner,10.44,18.57,0,0,0,0,1,1,metal_cfc,medium,damaged,low,informal,100.0
Air-Conditioner,1.34,47.41,0,0,0,0,1,1,metal_cfc,medium,working,medium,none,90.29
Air-Conditioner,6.96,44.46,0,0,0,0,1,1,metal_cfc,medium,damaged,medium,none,100.0
Air-Conditioner,9.07,22.74,0,0,0,0,1,1,metal_cfc,medium,damaged,medium,none,100.0
Air-Conditioner,11.19,32.71,0,0,0,0,1,1,metal_cfc,medium,damaged,high,formal,100.0
Air-Conditioner,9.97,51.42,0,0,0,0,1,1,metal_cfc,medium,damaged,low,informal,100.0
Air-Conditioner,3.15,17.48,0,0,0,0,1,1,metal_cfc,medium,broken,low,none,100.0
Air-Conditioner,1.53,20.25,0,0,0,0,1,1,metal_cfc,medium,working,high,none,99.09
Air-Conditioner,5.79,13.42,0,0,0,0,1,1,metal_cfc,medium,broken,medium,formal,100.0
Air-Conditioner,0.54,14.3,0,0,0,0,1,1,metal_cfc,medium,broken,low,formal,100.0
Air-Conditioner,7.06,51.71,0,0,0,0,1,1,metal_cfc,medium,damaged,high,none,100.0
Air-Conditioner,6.92,18.27,0,0,0,0,1,1,metal_cfc,medium,working,low,informal,100.0
Air-Conditioner,10.12,34.34,0,0,0,0,1,1,metal_cfc,medium,broken,medium,formal,100.0
Air-Conditioner,3.78,47.57,0,0,0,0,1,1,metal_cfc,medium,broken,high,formal,100.0
Air-Conditioner,10.63,19.7,0,0,0,0,1,1,metal_cfc,medium,working,high,informal,100.0
Air-Conditioner,3.8,44.21,0,0,0,0,1,1,metal_cfc,medium,damaged,high,formal,100.0
Air-Conditioner,4.58,28.92,0,0,0,0,1,1,metal_cfc,medium,damaged,medium,none,100.0
Air-Conditioner,6.83,49.56,0,0,0,0,1,1,metal_cfc,medium,damaged,medium,informal,100.0
Air-Conditioner,5.87,17.14,0,0,0,0,1,1,metal_cfc,medium,broken,medium,formal,100.0
Air-Conditioner,1.77,13.17,0,0,0,0,1,1,metal_cfc,medium,damaged,medium,none,100.0
Air-Conditioner,9.0,25.58,0,0,0,0,1,1,metal_cfc,medium,damaged,medium,none,100.0
Air-Conditioner,2.01,14.14,0,0,0,0,1,1,metal_cfc,medium,broken,high,none,100.0
Air-Conditioner,6.05,31.22,0,0,0,0,1,1,metal_cfc,medium,broken,high,formal,100.0
Air-Conditioner,2.96,40.57,0,0,0,0,1,1,metal_cfc,medium,damaged,high,formal,100.0
Air-Conditioner,6.38,55.11,0,0,0,0,1,1,metal_cfc,medium,broken,low,informal,100.0
Air-Conditioner,11.63,54.89,0,0,0,0,1,1,metal_cfc,medium,working,low,formal,100.0
Air-Conditioner,10.96,11.63,0,0,0,0,1,1,metal_cfc,medium,damaged,medium,informal,100.0
Air-Conditioner,3.66,54.58,0,0,0,0,1,1,metal_cfc,medium,damaged,low,none,98.49
Air-Conditioner,11.51,4.67,0,0,0,0,1,1,metal_cfc,medium,damaged,medium,informal,100.0
Air-Conditioner,11.52,30.19,0,0,0,0,1,1,metal_cfc,medium,working,medium,informal,100.0
Air-Conditioner,10.34,26.09,0,0,0,0,1,1,metal_cfc,medium,working,low,none,100.0
Air-Conditioner,2.87,19.31,0,0,0,0,1,1,metal_cfc,medium,damaged,high,none,100.0
Air-Conditioner,2.88,21.5,0,0,0,0,1,1,metal_cfc,medium,working,medium,informal,100.0
Air-Conditioner,10.81,48.4,0,0,0,0,1,1,metal_cfc,medium,working,medium,informal,100.0
Air-Conditioner,3.14,11.98,0,0,0,0,1,1,metal_cfc,medium,working,medium,formal,97.44
Air-Conditioner,6.06,24.97,0,0,0,0,1,1,metal_cfc,medium,broken,low,formal,100.0
Air-Conditioner,3.86,10.37,0,0,0,0,1,1,metal_cfc,medium,damaged,high,informal,100.0
Air-Conditioner,1.06,12.62,0,0,0,0,1,1,metal_cfc,medium,damaged,medium,formal,99.72
Air-Conditioner,5.13,38.95,0,0,0,0,1,1,metal_cfc,medium,damaged,medium,informal,100.0
Air-Conditioner,1.98,56.86,0,0,0,0,1,1,metal_cfc,medium,damaged,medium,none,100.0
Air-Conditioner,6.23,18.61,0,0,0,0,1,1,metal_cfc,medium,broken,high,none,100.0
Air-Conditioner,9.28,8.2,0,0,0,0,1,1,metal_cfc,medium,working,high,formal,100.0
Air-Conditioner,9.16,28.43,0,0,0,0,1,1,metal_cfc,medium,damaged,low,none,100.0
Air-Conditioner,8.29,42.16,0,0,0,0,1,1,metal_cfc,medium,broken,medium,informal,100.0
Air-Conditioner,11.47,38.53,0,0,0,0,1,1,metal_cfc,medium,damaged,low,none,100.0
Air-Conditioner,5.91,11.94,0,0,0,0,1,1,metal_cfc,medium,damaged,low,informal,100.0
Air-Conditioner,6.79,26.17,0,0,0,0,1,1,metal_cfc,medium,broken,high,none,100.0
Air-Conditioner,10.1,50.55,0,0,0,0,1,1,metal_cfc,medium,damaged,medium,informal,100.0
Air-Conditioner,2.31,1.87,0,0,0,0,1,1,metal_cfc,medium,broken,low,formal,100.0
Air-Conditioner,10.98,20.74,0,0,0,0,1,1,metal_cfc,medium,damaged,low,formal,100.0
Air-Conditioner,10.06,46.01,0,0,0,0,1,1,metal_cfc,medium,damaged,medium,informal,100.0
Air-Conditioner,9.77,16.79,0,0,0,0,1,1,metal_cfc,medium,working,medium,none,100.0
Air-Conditioner,3.28,4.72,0,0,0,0,1,1,metal_cfc,medium,damaged,high,informal,100.0
Air-Conditioner,6.17,2.41,0,0,0,0,1,1,metal_cfc,medium,broken,medium,formal,100.0
Air-Conditioner,8.17,17.06,0,0,0,0,1,1,metal_cfc,medium,damaged,medium,informal,100.0
Air-Conditioner,5.66,32.27,0,0,0,0,1,1,metal_cfc,medium,damaged,high,informal,100.0
Air-Conditioner,7.93,9.05,0,0,0,0,1,1,metal_cfc,medium,broken,medium,none,100.0
Air-Conditioner,6.56,55.79,0,0,0,0,1,1,metal_cfc,medium,damaged,medium,formal,100.0
Air-Conditioner,9.73,14.83,0,0,0,0,1,1,metal_cfc,medium,broken,high,none,100.0
Air-Conditioner,9.45,7.87,0,0,0,0,1,1,metal_cfc,medium,damaged,low,informal,100.0
Air-Conditioner,2.28,10.98,0,0,0,0,1,1,metal_cfc,medium,damaged,medium,informal,100.0
Air-Conditioner,2.6,34.44,0,0,0,0,1,1,metal_cfc,medium,damaged,medium,none,100.0
Air-Conditioner,4.36,45.91,0,0,0,0,1,1,metal_cfc,medium,damaged,medium,informal,100.0
Air-Conditioner,1.49,5.47,0,0,0,0,1,1,metal_cfc,medium,broken,medium,formal,100.0
Air-Conditioner,4.6,35.55,0,0,0,0,1,1,metal_cfc,medium,broken,low,formal,100.0
Air-Conditioner,1.27,1.7,0,0,0,0,1,1,metal_cfc,medium,working,high,informal,100.0
Air-Conditioner,8.78,55.1,0,0,0,0,1,1,metal_cfc,medium,damaged,low,informal,100.0
Air-Conditioner,7.08,54.45,0,0,0,0,1,1,metal_cfc,medium,working,medium,none,100.0
Air-Conditioner,5.22,28.92,0,0,0,0,1,1,metal_cfc,medium,working,medium,informal,100.0
Air-Conditioner,5.8,40.28,0,0,0,0,1,1,metal_cfc,medium,working,medium,none,100.0
Air-Conditioner,10.47,37.58,0,0,0,0,1,1,metal_cfc,medium,damaged,low,none,100.0
Air-Conditioner,3.55,56.02,0,0,0,0,1,1,metal_cfc,medium,broken,high,formal,100.0
Air-Conditioner,5.59,37.07,0,0,0,0,1,1,metal_cfc,medium,broken,low,none,100.0
Air-Conditioner,9.96,31.1,0,0,0,0,1,1,metal_cfc,medium,damaged,medium,informal,100.0
Air-Conditioner,8.89,24.66,0,0,0,0,1,1,metal_cfc,medium,damaged,medium,none,100.0
Air-Conditioner,3.28,28.99,0,0,0,0,1,1,metal_cfc,medium,broken,medium,none,100.0
Air-Conditioner,1.61,28.57,0,0,0,0,1,1,metal_cfc,medium,broken,high,formal,100.0
Air-Conditioner,5.21,46.81,0,0,0,0,1,1,metal_cfc,medium,broken,low,none,100.0
Air-Conditioner,7.31,22.8,0,0,0,0,1,1,metal_cfc,medium,damaged,medium,informal,100.0
Air-Conditioner,2.53,48.77,0,0,0,0,1,1,metal_cfc,medium,damaged,low,none,88.88
Air-Conditioner,11.22,56.84,0,0,0,0,1,1,metal_cfc,medium,damaged,low,informal,100.0
Air-Conditioner,5.18,23.0,0,0,0,0,1,1,metal_cfc,medium,broken,medium,formal,100.0
Air-Conditioner,3.57,30.55,0,0,0,0,1,1,metal_cfc,medium,working,medium,informal,100.0
Air-Conditioner,10.99,56.77,0,0,0,0,1,1,metal_cfc,medium,working,low,informal,100.0
Air-Conditioner,10.79,58.32,0,0,0,0,1,1,metal_cfc,medium,broken,low,none,100.0
Air-Conditioner,5.59,2.77,0,0,0,0,1,1,metal_cfc,medium,damaged,medium,informal,100.0
Air-Conditioner,7.55,52.13,0,0,0,0,1,1,metal_cfc,medium,damaged,medium,none,100.0
Air-Conditioner,1.04,40.12,0,0,0,0,1,1,metal_cfc,medium,broken,low,none,100.0
Air-Conditioner,10.31,54.86,0,0,0,0,1,1,metal_cfc,medium,damaged,high,informal,100.0
Air-Conditioner,1.0,43.23,0,0,0,0,1,1,metal_cfc,medium,damaged,medium,formal,100.0
Air-Conditioner,8.2,0.03,0,0,0,0,1,1,metal_cfc,medium,broken,low,formal,100.0
Air-Conditioner,4.58,19.25,0,0,0,0,1,1,metal_cfc,medium,broken,medium,formal,100.0
Air-Conditioner,5.45,52.5,0,0,0,0,1,1,metal_cfc,medium,damaged,low,none,100.0
Air-Conditioner,1.12,8.44,0,0,0,0,1,1,metal_cfc,medium,damaged,low,informal,100.0
Air-Conditioner,6.77,17.02,0,0,0,0,1,1,metal_cfc,medium,broken,high,none,100.0
Air-Conditioner,11.75,9.52,0,0,0,0,1,1,metal_cfc,medium,damaged,medium,informal,100.0
Air-Conditioner,1.98,25.82,0,0,0,0,1,1,metal_cfc,medium,damaged,high,formal,100.0
Air-Conditioner,0.86,58.01,0,0,0,0,1,1,metal_cfc,medium,damaged,medium,informal,100.0
Air-Conditioner,1.26,59.36,0,0,0,0,1,1,metal_cfc,medium,working,medium,informal,94.28
Air-Conditioner,8.58,4.09,0,0,0,0,1,1,metal_cfc,medium,working,low,none,100.0
Air-Conditioner,2.68,34.41,0,0,0,0,1,1,metal_cfc,medium,working,high,none,97.47
Air-Conditioner,3.19,3.0,0,0,0,0,1,1,metal_cfc,medium,damaged,medium,informal,100.0
Air-Conditioner,11.36,23.78,0,0,0,0,1,1,metal_cfc,medium,damaged,medium,informal,100.0
Air-Conditioner,5.91,42.4,0,0,0,0,1,1,metal_cfc,medium,broken,medium,formal,100.0
Air-Conditioner,6.21,32.67,0,0,0,0,1,1,metal_cfc,medium,working,high,none,100.0
Air-Conditioner,5.72,32.44,0,0,0,0,1,1,metal_cfc,medium,broken,medium,informal,100.0
Air-Conditioner,6.17,34.75,0,0,0,0,1,1,metal_cfc,medium,working,high,none,100.0
Air-Conditioner,7.45,7.27,0,0,0,0,1,1,metal_cfc,medium,working,medium,informal,100.0
Air-Conditioner,7.27,5.36,0,0,0,0,1,1,metal_cfc,medium,damaged,low,none,100.0
Air-Conditioner,4.24,5.69,0,0,0,0,1,1,metal_cfc,medium,broken,medium,informal,100.0
Air-Conditioner,7.97,1.49,0,0,0,0,1,1,metal_cfc,medium,broken,medium,formal,100.0
Air-Conditioner,3.37,3.95,0,0,0,0,1,1,metal_cfc,medium,damaged,medium,informal,100.0
Air-Conditioner,4.68,13.02,0,0,0,0,1,1,metal_cfc,medium,damaged,high,formal,100.0
Air-Conditioner,5.64,15.26,0,0,0,0,1,1,metal_cfc,medium,broken,medium,informal,100.0
Air-Conditioner,4.0,10.92,0,0,0,0,1,1,metal_cfc,medium,working,high,formal,99.18
Air-Conditioner,5.28,28.16,0,0,0,0,1,1,metal_cfc,medium,damaged,low,informal,100.0
Air-Conditioner,8.13,39.95,0,0,0,0,1,1,metal_cfc,medium,damaged,medium,formal,100.0
Air-Conditioner,3.12,16.78,0,0,0,0,1,1,metal_cfc,medium,working,medium,formal,96.61
Air-Conditioner,2.04,38.69,0,0,0,0,1,1,metal_cfc,medium,damaged,high,informal,100.0
Air-Conditioner,1.84,32.19,0,0,0,0,1,1,metal_cfc,medium,damaged,medium,informal,100.0
Air-Conditioner,10.52,59.93,0,0,0,0,1,1,metal_cfc,medium,damaged,medium,formal,100.0
Air-Conditioner,4.72,54.83,0,0,0,0,1,1,metal_cfc,medium,damaged,medium,informal,100.0
Air-Conditioner,10.12,39.05,0,0,0,0,1,1,metal_cfc,medium,damaged,medium,none,100.0
Air-Conditioner,6.22,40.05,0,0,0,0,1,1,metal_cfc,medium,working,high,informal,100.0
Air-Conditioner,4.44,8.3,0,0,0,0,1,1,metal_cfc,medium,damaged,medium,informal,100.0
Air-Conditioner,11.56,35.96,0,0,0,0,1,1,metal_cfc,medium,broken,low,informal,100.0
Air-Conditioner,4.37,34.17,0,0,0,0,1,1,metal_cfc,medium,broken,low,formal,100.0
Air-Conditioner,8.19,32.58,0,0,0,0,1,1,metal_cfc,medium,broken,low,formal,100.0
Air-Conditioner,6.9,56.78,0,0,0,0,1,1,metal_cfc,medium,damaged,medium,informal,100.0
Air-Conditioner,9.94,17.12,0,0,0,0,1,1,metal_cfc,medium,working,high,formal,100.0
Air-Conditioner,4.75,30.35,0,0,0,0,1,1,metal_cfc,medium,damaged,high,informal,100.0
Air-Conditioner,6.8,38.43,0,0,0,0,1,1,metal_cfc,medium,damaged,low,formal,100.0
Microwave,3.08,30.02,0,0,0,0,0,1,metal,heavy,broken,high,none,75.3
Microwave,5.03,11.52,0,0,0,0,0,1,metal,heavy,working,medium,none,56.16
Microwave,2.42,2.81,0,0,0,0,0,1,metal,heavy,broken,medium,none,73.93
Microwave,5.2,39.72,0,0,0,0,0,1,metal,heavy,damaged,medium,informal,72.71
Microwave,2.67,30.48,0,0,0,0,0,1,metal,heavy,damaged,high,none,70.12
Microwave,8.79,30.02,0,0,0,0,0,1,metal,heavy,broken,high,formal,82.85
Microwave,9.94,2.27,0,0,0,0,0,1,metal,heavy,damaged,medium,formal,72.1
Microwave,8.72,55.0,0,0,0,0,0,1,metal,heavy,broken,medium,informal,77.65
Microwave,0.51,7.22,0,0,0,0,0,1,metal,heavy,damaged,medium,informal,67.28
Microwave,1.35,11.53,0,0,0,0,0,1,metal,heavy,broken,high,none,84.61
Microwave,1.85,59.41,0,0,0,0,0,1,metal,heavy,working,low,none,58.98
Microwave,2.53,34.82,0,0,0,0,0,1,metal,heavy,broken,medium,none,68.15
Microwave,2.66,37.49,0,0,0,0,0,1,metal,heavy,damaged,low,informal,59.45
Microwave,5.66,19.24,0,0,0,0,0,1,metal,heavy,broken,high,informal,82.47
Microwave,10.4,33.96,0,0,0,0,0,1,metal,heavy,working,medium,informal,74.16
Microwave,5.56,54.07,0,0,0,0,0,1,metal,heavy,broken,medium,informal,79.9
Microwave,4.24,59.02,0,0,0,0,0,1,metal,heavy,damaged,low,informal,64.88
Microwave,0.77,27.01,0,0,0,0,0,1,metal,heavy,damaged,medium,formal,60.54
Microwave,2.39,41.35,0,0,0,0,0,1,metal,heavy,damaged,low,informal,62.02
Microwave,2.2,4.4,0,0,0,0,0,1,metal,heavy,broken,high,none,79.25
Microwave,8.74,40.17,0,0,0,0,0,1,metal,heavy,damaged,medium,formal,74.67
Microwave,6.25,21.46,0,0,0,0,0,1,metal,heavy,damaged,medium,none,73.77
Microwave,10.52,20.55,0,0,0,0,0,1,metal,heavy,broken,medium,none,89.06
Microwave,7.15,44.96,0,0,0,0,0,1,metal,heavy,broken,low,formal,80.72
Microwave,11.28,31.8,0,0,0,0,0,1,metal,heavy,damaged,medium,formal,74.05
Microwave,4.08,18.38,0,0,0,0,0,1,metal,heavy,broken,low,none,74.21
Microwave,3.45,35.58,0,0,0,0,0,1,metal,heavy,broken,medium,informal,71.85
Microwave,3.69,59.8,0,0,0,0,0,1,metal,heavy,broken,medium,informal,81.64
Microwave,1.07,1.87,0,0,0,0,0,1,metal,heavy,damaged,high,informal,68.09
Microwave,5.64,4.35,0,0,0,0,0,1,metal,heavy,broken,low,none,70.14
Microwave,5.4,59.13,0,0,0,0,0,1,metal,heavy,damaged,high,formal,73.07
Microwave,2.11,5.78,0,0,0,0,0,1,metal,heavy,damaged,high,informal,75.51
Microwave,6.57,8.48,0,0,0,0,0,1,metal,heavy,working,high,formal,68.7
Microwave,2.9,39.92,0,0,0,0,0,1,metal,heavy,working,medium,formal,56.39
Microwave,8.96,18.08,0,0,0,0,0,1,metal,heavy,damaged,medium,formal,66.28
Microwave,8.12,9.51,0,0,0,0,0,1,metal,heavy,damaged,low,informal,76.0
Microwave,3.34,44.91,0,0,0,0,0,1,metal,heavy,damaged,high,none,75.86
Microwave,1.51,23.5,0,0,0,0,0,1,metal,heavy,broken,medium,informal,68.88
Microwave,3.75,22.69,0,0,0,0,0,1,metal,heavy,working,high,informal,65.48
Microwave,4.23,20.06,0,0,0,0,0,1,metal,heavy,working,medium,none,65.42
Microwave,10.82,31.1,0,0,0,0,0,1,metal,heavy,damaged,low,none,63.44
Microwave,11.13,1.47,0,0,0,0,0,1,metal,heavy,damaged,medium,formal,70.42
Microwave,5.43,39.14,0,0,0,0,0,1,metal,heavy,broken,low,none,70.56
Microwave,3.53,2.28,0,0,0,0,0,1,metal,heavy,working,high,informal,66.77
Microwave,1.83,6.43,0,0,0,0,0,1,metal,heavy,broken,high,formal,67.26
Microwave,6.43,15.22,0,0,0,0,0,1,metal,heavy,broken,high,informal,84.22
Microwave,4.58,22.88,0,0,0,0,0,1,metal,heavy,damaged,high,informal,80.34
Microwave,1.59,12.04,0,0,0,0,0,1,metal,heavy,damaged,low,none,54.22
Microwave,2.32,27.35,0,0,0,0,0,1,metal,heavy,damaged,medium,informal,69.56
Microwave,5.55,4.04,0,0,0,0,0,1,metal,heavy,damaged,high,informal,82.88
Microwave,10.07,29.65,0,0,0,0,0,1,metal,heavy,working,low,informal,70.93
Microwave,3.9,29.74,0,0,0,0,0,1,metal,heavy,damaged,medium,formal,66.36
Microwave,2.07,11.81,0,0,0,0,0,1,metal,heavy,working,low,formal,44.58
Microwave,11.69,11.63,0,0,0,0,0,1,metal,heavy,damaged,medium,formal,75.09
Microwave,10.15,1.93,0,0,0,0,0,1,metal,heavy,broken,high,informal,98.22
Microwave,4.95,38.84,0,0,0,0,0,1,metal,heavy,working,low,informal,63.27
Microwave,6.82,53.27,0,0,0,0,0,1,metal,heavy,working,high,formal,59.76
Microwave,5.1,9.04,0,0,0,0,0,1,metal,heavy,damaged,high,informal,74.41
Microwave,6.14,50.93,0,0,0,0,0,1,metal,heavy,broken,medium,formal,73.14
Microwave,3.04,16.15,0,0,0,0,0,1,metal,heavy,broken,low,none,73.51
Microwave,2.0,47.77,0,0,0,0,0,1,metal,heavy,damaged,medium,none,70.48
Microwave,1.07,0.15,0,0,0,0,0,1,metal,heavy,working,medium,formal,43.81
Microwave,1.81,24.66,0,0,0,0,0,1,metal,heavy,damaged,high,formal,69.81
Microwave,10.43,46.35,0,0,0,0,0,1,metal,heavy,working,high,none,73.21
Microwave,7.36,20.24,0,0,0,0,0,1,metal,heavy,damaged,low,informal,63.62
Microwave,5.97,21.82,0,0,0,0,0,1,metal,heavy,damaged,high,formal,76.53
Microwave,4.89,8.46,0,0,0,0,0,1,metal,heavy,damaged,high,none,76.47
Microwave,1.16,53.63,0,0,0,0,0,1,metal,heavy,damaged,medium,none,62.83
Microwave,2.23,2.33,0,0,0,0,0,1,metal,heavy,broken,medium,formal,77.24
Microwave,0.86,16.5,0,0,0,0,0,1,metal,heavy,working,medium,none,54.96
Microwave,11.8,38.23,0,0,0,0,0,1,metal,heavy,working,high,informal,80.24
Microwave,8.66,12.03,0,0,0,0,0,1,metal,heavy,working,medium,formal,65.99
Microwave,5.54,46.92,0,0,0,0,0,1,metal,heavy,broken,medium,none,78.46
Microwave,3.13,16.45,0,0,0,0,0,1,metal,heavy,damaged,low,formal,62.7
Microwave,2.91,27.33,0,0,0,0,0,1,metal,heavy,broken,low,none,67.03
Microwave,11.11,34.11,0,0,0,0,0,1,metal,heavy,damaged,high,formal,78.14
Microwave,8.48,2.39,0,0,0,0,0,1,metal,heavy,broken,medium,informal,84.93
Microwave,9.38,28.4,0,0,0,0,0,1,metal,heavy,damaged,medium,none,70.91
Microwave,6.23,50.51,0,0,0,0,0,1,metal,heavy,broken,medium,formal,77.25
Microwave,3.12,31.47,0,0,0,0,0,1,metal,heavy,broken,medium,informal,74.36
Microwave,3.32,6.57,0,0,0,0,0,1,metal,heavy,broken,low,formal,63.38
Microwave,11.69,58.78,0,0,0,0,0,1,metal,heavy,damaged,low,none,75.72
Microwave,5.69,6.05,0,0,0,0,0,1,metal,heavy,broken,low,none,76.72
Microwave,5.07,20.19,0,0,0,0,0,1,metal,heavy,working,medium,informal,67.58
Microwave,7.77,15.43,0,0,0,0,0,1,metal,heavy,broken,low,none,75.27
Microwave,4.33,26.95,0,0,0,0,0,1,metal,heavy,damaged,medium,informal,69.83
Microwave,8.93,41.16,0,0,0,0,0,1,metal,heavy,broken,low,informal,71.48
Microwave,6.09,18.83,0,0,0,0,0,1,metal,heavy,working,low,formal,60.04
Microwave,8.36,39.65,0,0,0,0,0,1,metal,heavy,broken,high,formal,89.42
Microwave,11.72,31.94,0,0,0,0,0,1,metal,heavy,broken,low,formal,67.46
Microwave,5.57,35.09,0,0,0,0,0,1,metal,heavy,broken,high,informal,79.61
Microwave,6.19,44.54,0,0,0,0,0,1,metal,heavy,broken,medium,informal,81.18
Microwave,11.7,39.81,0,0,0,0,0,1,metal,heavy,damaged,medium,none,73.33
Microwave,6.59,17.41,0,0,0,0,0,1,metal,heavy,damaged,low,none,65.81
Microwave,3.76,0.02,0,0,0,0,0,1,metal,heavy,working,high,none,70.46
Microwave,7.5,58.25,0,0,0,0,0,1,metal,heavy,damaged,medium,formal,65.17
Microwave,5.06,57.83,0,0,0,0,0,1,metal,heavy,damaged,medium,formal,68.93
Microwave,4.8,57.06,0,0,0,0,0,1,metal,heavy,working,medium,none,68.19
Microwave,4.19,15.14,0,0,0,0,0,1,metal,heavy,damaged,high,formal,72.32
Microwave,4.93,24.14,0,0,0,0,0,1,metal,heavy,broken,high,formal,73.47
Microwave,5.34,28.86,0,0,0,0,0,1,metal,heavy,damaged,medium,formal,62.89
Microwave,2.74,48.96,0,0,0,0,0,1,metal,heavy,broken,medium,formal,75.61
Microwave,7.84,17.3,0,0,0,0,0,1,metal,heavy,working,high,formal,65.65
Microwave,11.27,31.21,0,0,0,0,0,1,metal,heavy,damaged,high,informal,81.62
Microwave,4.35,12.44,0,0,0,0,0,1,metal,heavy,damaged,medium,none,71.69
Microwave,1.26,11.49,0,0,0,0,0,1,metal,heavy,damaged,high,informal,66.78
Microwave,8.14,15.31,0,0,0,0,0,1,metal,heavy,working,low,informal,63.46
Microwave,9.25,0.96,0,0,0,0,0,1,metal,heavy,damaged,medium,informal,75.73
Microwave,6.97,18.81,0,0,0,0,0,1,metal,heavy,damaged,high,none,77.23
Microwave,6.84,21.58,0,0,0,0,0,1,metal,heavy,working,medium,informal,70.22
Microwave,2.83,27.12,0,0,0,0,0,1,metal,heavy,broken,medium,formal,75.68
Microwave,9.62,37.75,0,0,0,0,0,1,metal,heavy,working,high,none,76.26
Microwave,0.78,24.71,0,0,0,0,0,1,metal,heavy,damaged,medium,formal,63.13
Microwave,9.67,55.29,0,0,0,0,0,1,metal,heavy,broken,low,informal,80.31
Microwave,5.25,51.59,0,0,0,0,0,1,metal,heavy,damaged,high,informal,80.57
Microwave,0.75,49.01,0,0,0,0,0,1,metal,heavy,working,medium,informal,57.12
Microwave,7.53,41.76,0,0,0,0,0,1,metal,heavy,damaged,low,formal,66.4
Microwave,9.04,30.59,0,0,0,0,0,1,metal,heavy,damaged,medium,formal,80.0
Microwave,4.36,58.56,0,0,0,0,0,1,metal,heavy,broken,medium,informal,76.44
Microwave,0.71,4.48,0,0,0,0,0,1,metal,heavy,damaged,high,none,75.52
Microwave,1.32,11.37,0,0,0,0,0,1,metal,heavy,broken,high,informal,78.69
Microwave,10.03,47.3,0,0,0,0,0,1,metal,heavy,damaged,high,formal,77.27
Microwave,0.96,12.08,0,0,0,0,0,1,metal,heavy,working,medium,informal,47.14
Microwave,3.61,1.76,0,0,0,0,0,1,metal,heavy,damaged,medium,formal,68.12
Microwave,10.47,44.81,0,0,0,0,0,1,metal,heavy,broken,medium,formal,73.08
Microwave,5.57,3.91,0,0,0,0,0,1,metal,heavy,broken,low,none,75.31
Microwave,10.44,27.88,0,0,0,0,0,1,metal,heavy,broken,medium,none,87.67
Microwave,5.82,56.46,0,0,0,0,0,1,metal,heavy,damaged,medium,none,69.63
Microwave,9.95,33.27,0,0,0,0,0,1,metal,heavy,working,medium,none,71.85
Microwave,0.88,28.08,0,0,0,0,0,1,metal,heavy,damaged,high,formal,68.42
Microwave,10.3,32.91,0,0,0,0,0,1,metal,heavy,working,medium,formal,61.39
Microwave,2.32,48.76,0,0,0,0,0,1,metal,heavy,working,low,informal,57.97
Microwave,6.45,45.82,0,0,0,0,0,1,metal,heavy,damaged,high,informal,71.6
Microwave,9.05,34.85,0,0,0,0,0,1,metal,heavy,damaged,low,formal,60.89
Microwave,7.12,25.41,0,0,0,0,0,1,metal,heavy,damaged,low,none,66.75
Microwave,6.15,58.53,0,0,0,0,0,1,metal,heavy,damaged,medium,formal,68.99
Microwave,7.47,5.39,0,0,0,0,0,1,metal,heavy,broken,high,none,87.86
Microwave,5.67,51.5,0,0,0,0,0,1,metal,heavy,broken,medium,none,83.39
Microwave,7.21,32.31,0,0,0,0,0,1,metal,heavy,damaged,low,formal,63.89
Microwave,4.87,26.91,0,0,0,0,0,1,metal,heavy,broken,medium,informal,71.35
Microwave,2.04,2.89,0,0,0,0,0,1,metal,heavy,broken,medium,none,73.37
Microwave,3.42,13.69,0,0,0,0,0,1,metal,heavy,working,low,informal,54.56
Microwave,1.84,59.15,0,0,0,0,0,1,metal,heavy,damaged,low,formal,54.53
Microwave,10.42,57.69,0,0,0,0,0,1,metal,heavy,working,medium,formal,64.54
Microwave,7.87,24.84,0,0,0,0,0,1,metal,heavy,damaged,low,none,64.47
Microwave,8.42,33.91,0,0,0,0,0,1,metal,heavy,broken,low,none,74.81
Microwave,8.25,6.91,0,0,0,0,0,1,metal,heavy,damaged,medium,none,75.4
Microwave,4.89,57.41,0,0,0,0,0,1,metal,heavy,damaged,high,none,72.09
Microwave,3.61,48.21,0,0,0,0,0,1,metal,heavy,broken,medium,informal,68.84
Microwave,0.68,13.22,0,0,0,0,0,1,metal,heavy,damaged,medium,formal,60.55
Washing Machine,10.54,42.3,0,0,0,0,0,1,metal,heavy,working,medium,none,54.58
Washing Machine,11.22,43.24,0,0,0,0,0,1,metal,heavy,broken,low,informal,64.66
Washing Machine,3.16,10.88,0,0,0,0,0,1,metal,heavy,broken,low,informal,51.79
Washing Machine,4.14,25.48,0,0,0,0,0,1,metal,heavy,damaged,medium,none,54.81
Washing Machine,2.26,44.0,0,0,0,0,0,1,metal,heavy,working,medium,none,41.23
Washing Machine,7.99,42.76,0,0,0,0,0,1,metal,heavy,damaged,medium,formal,51.24
Washing Machine,11.49,55.4,0,0,0,0,0,1,metal,heavy,damaged,high,informal,64.36
Washing Machine,5.4,32.25,0,0,0,0,0,1,metal,heavy,working,medium,none,47.46
Washing Machine,8.32,38.11,0,0,0,0,0,1,metal,heavy,broken,low,informal,63.82
Washing Machine,4.22,8.18,0,0,0,0,0,1,metal,heavy,broken,medium,none,65.91
Washing Machine,7.24,40.45,0,0,0,0,0,1,metal,heavy,broken,medium,informal,71.33
Washing Machine,4.8,23.29,0,0,0,0,0,1,metal,heavy,working,high,formal,49.01
Washing Machine,7.95,24.8,0,0,0,0,0,1,metal,heavy,damaged,medium,formal,59.17
Washing Machine,10.02,10.24,0,0,0,0,0,1,metal,heavy,broken,medium,none,68.94
Washing Machine,6.08,32.53,0,0,0,0,0,1,metal,heavy,broken,high,informal,67.44
Washing Machine,4.96,17.22,0,0,0,0,0,1,metal,heavy,damaged,high,formal,49.92
Washing Machine,8.29,10.38,0,0,0,0,0,1,metal,heavy,damaged,low,formal,51.6
Washing Machine,3.05,27.82,0,0,0,0,0,1,metal,heavy,damaged,high,none,59.81
Washing Machine,6.4,40.25,0,0,0,0,0,1,metal,heavy,broken,low,informal,61.64
Washing Machine,6.74,31.78,0,0,0,0,0,1,metal,heavy,damaged,medium,none,58.72
Washing Machine,5.31,42.85,0,0,0,0,0,1,metal,heavy,broken,low,informal,66.08
Washing Machine,3.37,38.42,0,0,0,0,0,1,metal,heavy,broken,medium,none,55.76
Washing Machine,11.92,6.37,0,0,0,0,0,1,metal,heavy,working,high,none,60.04
Washing Machine,10.26,1.23,0,0,0,0,0,1,metal,heavy,damaged,medium,none,55.66
Washing Machine,3.76,41.21,0,0,0,0,0,1,metal,heavy,damaged,low,formal,38.03
Washing Machine,9.8,48.02,0,0,0,0,0,1,metal,heavy,damaged,medium,informal,59.97
Washing Machine,10.01,25.51,0,0,0,0,0,1,metal,heavy,damaged,medium,informal,54.7
Washing Machine,1.55,43.12,0,0,0,0,0,1,metal,heavy,working,low,informal,34.81
Washing Machine,3.12,35.04,0,0,0,0,0,1,metal,heavy,damaged,medium,informal,52.87
Washing Machine,10.62,26.03,0,0,0,0,0,1,metal,heavy,damaged,low,informal,57.38
Washing Machine,6.87,33.53,0,0,0,0,0,1,metal,heavy,broken,low,formal,54.22
Washing Machine,2.96,3.61,0,0,0,0,0,1,metal,heavy,damaged,low,none,44.05
Washing Machine,6.64,8.64,0,0,0,0,0,1,metal,heavy,working,high,formal,44.45
Washing Machine,7.23,18.95,0,0,0,0,0,1,metal,heavy,working,low,formal,45.92
Washing Machine,5.42,39.5,0,0,0,0,0,1,metal,heavy,damaged,low,informal,55.28
Washing Machine,7.28,28.28,0,0,0,0,0,1,metal,heavy,damaged,high,none,64.14
Washing Machine,4.21,14.24,0,0,0,0,0,1,metal,heavy,damaged,medium,none,51.0
Washing Machine,8.82,48.36,0,0,0,0,0,1,metal,heavy,damaged,medium,informal,61.61
Washing Machine,10.72,50.72,0,0,0,0,0,1,metal,heavy,damaged,medium,none,53.06
Washing Machine,9.17,13.21,0,0,0,0,0,1,metal,heavy,damaged,high,none,65.82
Washing Machine,5.14,12.89,0,0,0,0,0,1,metal,heavy,damaged,medium,formal,46.73
Washing Machine,5.72,23.16,0,0,0,0,0,1,metal,heavy,broken,medium,formal,60.25
Washing Machine,1.53,35.45,0,0,0,0,0,1,metal,heavy,damaged,medium,informal,52.94
Washing Machine,6.3,8.98,0,0,0,0,0,1,metal,heavy,working,low,formal,37.87
Washing Machine,7.51,11.8,0,0,0,0,0,1,metal,heavy,damaged,low,none,52.37
Washing Machine,4.27,12.6,0,0,0,0,0,1,metal,heavy,damaged,low,none,52.29
Washing Machine,6.52,53.92,0,0,0,0,0,1,metal,heavy,working,high,none,54.75
Washing Machine,2.46,15.29,0,0,0,0,0,1,metal,heavy,damaged,medium,informal,50.03
Washing Machine,11.4,7.59,0,0,0,0,0,1,metal,heavy,broken,low,none,59.39
Washing Machine,10.37,18.54,0,0,0,0,0,1,metal,heavy,damaged,medium,informal,61.37
Washing Machine,6.2,43.94,0,0,0,0,0,1,metal,heavy,working,medium,none,47.46
Washing Machine,5.14,8.23,0,0,0,0,0,1,metal,heavy,damaged,low,informal,60.03
Washing Machine,9.28,15.5,0,0,0,0,0,1,metal,heavy,damaged,high,none,64.99
Washing Machine,9.33,2.44,0,0,0,0,0,1,metal,heavy,working,low,informal,55.8
Washing Machine,10.23,20.78,0,0,0,0,0,1,metal,heavy,damaged,high,informal,73.03
Washing Machine,4.44,5.04,0,0,0,0,0,1,metal,heavy,broken,low,formal,43.85
Washing Machine,10.6,18.12,0,0,0,0,0,1,metal,heavy,damaged,medium,informal,59.7
Washing Machine,5.22,43.23,0,0,0,0,0,1,metal,heavy,damaged,high,formal,51.26
Washing Machine,6.29,35.06,0,0,0,0,0,1,metal,heavy,broken,low,informal,58.82
Washing Machine,10.58,1.15,0,0,0,0,0,1,metal,heavy,broken,high,none,75.36
Washing Machine,5.55,2.7,0,0,0,0,0,1,metal,heavy,broken,medium,formal,55.91
Washing Machine,1.93,12.86,0,0,0,0,0,1,metal,heavy,working,medium,informal,54.13
Washing Machine,6.32,49.03,0,0,0,0,0,1,metal,heavy,broken,medium,formal,54.71
Washing Machine,7.0,38.95,0,0,0,0,0,1,metal,heavy,damaged,high,formal,65.24
Washing Machine,8.22,0.27,0,0,0,0,0,1,metal,heavy,broken,low,formal,51.36
Washing Machine,2.96,35.11,0,0,0,0,0,1,metal,heavy,damaged,low,informal,44.61
Washing Machine,9.82,41.39,0,0,0,0,0,1,metal,heavy,broken,medium,informal,67.65
Washing Machine,10.07,58.83,0,0,0,0,0,1,metal,heavy,damaged,low,formal,50.0
Washing Machine,4.2,34.72,0,0,0,0,0,1,metal,heavy,working,high,informal,55.25
Washing Machine,9.19,36.41,0,0,0,0,0,1,metal,heavy,damaged,medium,informal,62.33
Washing Machine,6.87,59.18,0,0,0,0,0,1,metal,heavy,broken,high,none,78.22
Washing Machine,10.04,26.63,0,0,0,0,0,1,metal,heavy,damaged,medium,formal,45.1
Washing Machine,7.57,49.68,0,0,0,0,0,1,metal,heavy,working,medium,informal,52.87
Washing Machine,3.12,10.29,0,0,0,0,0,1,metal,heavy,damaged,medium,informal,55.75
Washing Machine,1.51,53.61,0,0,0,0,0,1,metal,heavy,damaged,medium,informal,56.83
Washing Machine,11.19,18.21,0,0,0,0,0,1,metal,heavy,broken,high,none,71.79
Washing Machine,3.33,34.62,0,0,0,0,0,1,metal,heavy,damaged,high,formal,46.36
Washing Machine,4.21,38.7,0,0,0,0,0,1,metal,heavy,broken,medium,none,63.13
Washing Machine,3.54,31.17,0,0,0,0,0,1,metal,heavy,damaged,low,informal,55.19
Washing Machine,8.97,34.28,0,0,0,0,0,1,metal,heavy,working,low,informal,57.68
Washing Machine,3.66,4.79,0,0,0,0,0,1,metal,heavy,damaged,medium,informal,58.9
Washing Machine,4.33,45.29,0,0,0,0,0,1,metal,heavy,damaged,medium,informal,61.56
Washing Machine,0.63,41.79,0,0,0,0,0,1,metal,heavy,damaged,high,none,49.71
Washing Machine,2.84,20.43,0,0,0,0,0,1,metal,heavy,damaged,medium,informal,56.55
Washing Machine,2.4,58.66,0,0,0,0,0,1,metal,heavy,working,high,none,57.96
Washing Machine,5.51,37.81,0,0,0,0,0,1,metal,heavy,damaged,medium,informal,58.42
Washing Machine,6.23,34.78,0,0,0,0,0,1,metal,heavy,damaged,medium,formal,46.44
Washing Machine,10.52,29.1,0,0,0,0,0,1,metal,heavy,damaged,medium,informal,66.52
Washing Machine,6.99,6.88,0,0,0,0,0,1,metal,heavy,broken,medium,informal,61.77
Washing Machine,10.08,27.26,0,0,0,0,0,1,metal,heavy,broken,low,none,68.58
Washing Machine,8.96,12.71,0,0,0,0,0,1,metal,heavy,working,medium,none,51.56
Washing Machine,0.85,23.84,0,0,0,0,0,1,metal,heavy,damaged,high,informal,51.4
Washing Machine,9.92,32.83,0,0,0,0,0,1,metal,heavy,working,medium,informal,53.04
Washing Machine,2.81,55.35,0,0,0,0,0,1,metal,heavy,broken,high,informal,63.6
Washing Machine,6.3,27.87,0,0,0,0,0,1,metal,heavy,damaged,medium,formal,49.68
Washing Machine,6.45,22.21,0,0,0,0,0,1,metal,heavy,broken,high,none,74.86
Washing Machine,8.81,12.28,0,0,0,0,0,1,metal,heavy,damaged,medium,informal,58.46
Washing Machine,2.09,23.95,0,0,0,0,0,1,metal,heavy,broken,low,informal,60.15
Washing Machine,5.48,4.27,0,0,0,0,0,1,metal,heavy,damaged,high,informal,62.02
Washing Machine,1.49,56.19,0,0,0,0,0,1,metal,heavy,damaged,medium,none,53.54
Washing Machine,4.23,42.97,0,0,0,0,0,1,metal,heavy,working,medium,formal,39.81
Washing Machine,8.75,56.6,0,0,0,0,0,1,metal,heavy,damaged,medium,informal,64.05
Washing Machine,4.25,28.54,0,0,0,0,0,1,metal,heavy,damaged,high,none,68.45
Washing Machine,10.79,23.58,0,0,0,0,0,1,metal,heavy,broken,medium,informal,67.29
Washing Machine,8.66,57.04,0,0,0,0,0,1,metal,heavy,working,high,informal,63.9
Washing Machine,6.85,39.66,0,0,0,0,0,1,metal,heavy,damaged,medium,informal,56.29
Washing Machine,5.16,11.91,0,0,0,0,0,1,metal,heavy,broken,medium,none,54.11
Washing Machine,5.18,24.56,0,0,0,0,0,1,metal,heavy,damaged,medium,informal,52.87
Washing Machine,2.05,29.77,0,0,0,0,0,1,metal,heavy,working,low,none,47.02
Washing Machine,5.12,54.54,0,0,0,0,0,1,metal,heavy,damaged,high,informal,67.46
Washing Machine,11.54,49.23,0,0,0,0,0,1,metal,heavy,broken,low,formal,54.01
Washing Machine,10.34,1.92,0,0,0,0,0,1,metal,heavy,working,medium,formal,45.27
Washing Machine,3.17,47.88,0,0,0,0,0,1,metal,heavy,damaged,low,informal,47.06
Washing Machine,8.28,42.13,0,0,0,0,0,1,metal,heavy,broken,high,formal,65.04
Washing Machine,11.47,48.85,0,0,0,0,0,1,metal,heavy,broken,low,none,64.75
Washing Machine,1.57,44.33,0,0,0,0,0,1,metal,heavy,broken,medium,informal,60.49
Washing Machine,11.37,26.58,0,0,0,0,0,1,metal,heavy,damaged,medium,none,61.01
Washing Machine,8.4,47.52,0,0,0,0,0,1,metal,heavy,damaged,high,none,61.83
Washing Machine,1.24,24.15,0,0,0,0,0,1,metal,heavy,working,medium,informal,48.98
Washing Machine,3.56,53.97,0,0,0,0,0,1,metal,heavy,broken,medium,none,68.98
Washing Machine,4.92,44.21,0,0,0,0,0,1,metal,heavy,damaged,low,none,57.64
Washing Machine,4.72,1.14,0,0,0,0,0,1,metal,heavy,working,medium,none,46.35
Washing Machine,4.35,41.73,0,0,0,0,0,1,metal,heavy,damaged,high,informal,62.13
Washing Machine,5.68,11.97,0,0,0,0,0,1,metal,heavy,damaged,low,informal,57.27
Washing Machine,3.36,18.26,0,0,0,0,0,1,metal,heavy,broken,medium,formal,56.01
Washing Machine,1.99,27.23,0,0,0,0,0,1,metal,heavy,damaged,medium,informal,51.0
Washing Machine,9.82,2.69,0,0,0,0,0,1,metal,heavy,damaged,medium,formal,51.76
Washing Machine,6.5,39.83,0,0,0,0,0,1,metal,heavy,damaged,high,informal,60.33
Washing Machine,3.84,32.48,0,0,0,0,0,1,metal,heavy,working,low,informal,44.96
Washing Machine,1.51,50.78,0,0,0,0,0,1,metal,heavy,broken,medium,none,57.52
Washing Machine,5.15,13.3,0,0,0,0,0,1,metal,heavy,damaged,medium,informal,59.65
Washing Machine,10.88,52.54,0,0,0,0,0,1,metal,heavy,broken,high,formal,68.36
Washing Machine,3.55,29.71,0,0,0,0,0,1,metal,heavy,broken,medium,none,57.61
Washing Machine,8.92,9.89,0,0,0,0,0,1,metal,heavy,damaged,medium,informal,59.29
Washing Machine,8.65,22.08,0,0,0,0,0,1,metal,heavy,damaged,low,none,61.18
Washing Machine,8.84,12.59,0,0,0,0,0,1,metal,heavy,broken,medium,informal,62.53
Washing Machine,2.6,56.54,0,0,0,0,0,1,metal,heavy,broken,low,informal,58.5
Washing Machine,9.31,26.48,0,0,0,0,0,1,metal,heavy,broken,medium,formal,64.94
Washing Machine,7.78,58.56,0,0,0,0,0,1,metal,heavy,damaged,medium,none,63.15
Washing Machine,9.26,3.51,0,0,0,0,0,1,metal,heavy,broken,high,none,72.69
Washing Machine,7.99,51.38,0,0,0,0,0,1,metal,heavy,working,medium,none,53.71
Washing Machine,2.37,51.26,0,0,0,0,0,1,metal,heavy,damaged,medium,none,53.67
Washing Machine,5.32,11.65,0,0,0,0,0,1,metal,heavy,damaged,medium,informal,59.66
Washing Machine,7.19,46.85,0,0,0,0,0,1,metal,heavy,working,low,none,49.0
Washing Machine,1.37,14.81,0,0,0,0,0,1,metal,heavy,damaged,medium,none,53.33
Washing Machine,4.82,32.1,0,0,0,0,0,1,metal,heavy,broken,high,formal,54.93
Washing Machine,5.81,32.95,0,0,0,0,0,1,metal,heavy,broken,high,formal,59.89
Washing Machine,0.59,0.57,0,0,0,0,0,1,metal,heavy,damaged,medium,formal,50.45
Washing Machine,8.4,17.65,0,0,0,0,0,1,metal,heavy,damaged,medium,formal,48.38
Washing Machine,6.65,11.94,0,0,0,0,0,1,metal,heavy,damaged,low,none,51.01
Printer,9.17,6.63,0,1,0,0,0,1,composite,medium,damaged,low,informal,78.81
Printer,6.45,55.46,0,1,0,0,0,1,composite,medium,damaged,medium,informal,71.88
Printer,11.41,46.63,0,1,0,0,0,1,composite,medium,damaged,high,informal,90.6
Printer,2.67,42.07,0,1,0,0,0,1,composite,medium,damaged,medium,formal,68.84
Printer,8.84,13.8,0,1,0,0,0,1,composite,medium,working,high,formal,72.6
Printer,4.87,28.56,0,1,0,0,0,1,composite,medium,working,high,none,72.32
Printer,4.22,19.13,0,1,0,0,0,1,composite,medium,damaged,medium,formal,70.42
Printer,3.45,22.82,0,1,0,0,0,1,composite,medium,broken,medium,informal,79.96
Printer,8.36,1.19,0,1,0,0,0,1,composite,medium,broken,medium,none,85.14
Printer,4.64,27.91,0,1,0,0,0,1,composite,medium,damaged,high,formal,79.14
Printer,11.06,48.91,0,1,0,0,0,1,composite,medium,broken,high,formal,91.31
Printer,9.75,53.96,0,1,0,0,0,1,composite,medium,damaged,low,formal,65.65
Printer,1.65,21.81,0,1,0,0,0,1,composite,medium,damaged,low,informal,70.94
Printer,5.84,29.72,0,1,0,0,0,1,composite,medium,damaged,high,formal,72.71
Printer,6.44,44.16,0,1,0,0,0,1,composite,medium,damaged,high,informal,81.25
Printer,7.5,17.3,0,1,0,0,0,1,composite,medium,working,medium,informal,72.7
Printer,1.37,41.9,0,1,0,0,0,1,composite,medium,damaged,low,informal,69.6
Printer,5.05,19.35,0,1,0,0,0,1,composite,medium,damaged,high,none,88.2
Printer,1.36,27.65,0,1,0,0,0,1,composite,medium,broken,low,none,71.89
Printer,10.21,25.11,0,1,0,0,0,1,composite,medium,damaged,medium,none,83.36
Printer,0.89,35.59,0,1,0,0,0,1,composite,medium,working,medium,informal,56.87
Printer,1.73,8.75,0,1,0,0,0,1,composite,medium,working,medium,none,62.55
Printer,1.83,56.78,0,1,0,0,0,1,composite,medium,broken,medium,informal,86.91
Printer,7.25,49.97,0,1,0,0,0,1,composite,medium,working,medium,informal,72.88
Printer,4.86,20.42,0,1,0,0,0,1,composite,medium,damaged,high,informal,81.39
Printer,1.68,3.7,0,1,0,0,0,1,composite,medium,working,medium,informal,70.79
Printer,8.76,44.57,0,1,0,0,0,1,composite,medium,working,low,formal,58.94
Printer,2.04,56.63,0,1,0,0,0,1,composite,medium,broken,low,informal,76.06
Printer,4.59,47.46,0,1,0,0,0,1,composite,medium,damaged,low,none,64.55
Printer,4.82,29.87,0,1,0,0,0,1,composite,medium,damaged,low,informal,70.19
Printer,0.72,46.35,0,1,0,0,0,1,composite,medium,working,low,none,61.44
Printer,6.18,12.33,0,1,0,0,0,1,composite,medium,broken,medium,formal,79.66
Printer,10.89,6.27,0,1,0,0,0,1,composite,medium,broken,high,none,93.46
Printer,2.69,26.53,0,1,0,0,0,1,composite,medium,working,medium,none,66.14
Printer,4.94,19.82,0,1,0,0,0,1,composite,medium,damaged,high,formal,71.59
Printer,8.5,6.35,0,1,0,0,0,1,composite,medium,damaged,medium,formal,72.74
Printer,11.27,1.12,0,1,0,0,0,1,composite,medium,damaged,low,informal,70.88
Printer,2.02,22.59,0,1,0,0,0,1,composite,medium,damaged,high,informal,79.47
Printer,7.28,12.04,0,1,0,0,0,1,composite,medium,damaged,low,formal,69.17
Printer,6.97,56.7,0,1,0,0,0,1,composite,medium,working,medium,none,64.21
Printer,6.94,15.31,0,1,0,0,0,1,composite,medium,damaged,low,informal,78.18
Printer,9.5,27.32,0,1,0,0,0,1,composite,medium,damaged,medium,formal,71.52
Printer,5.08,34.8,0,1,0,0,0,1,composite,medium,broken,low,informal,79.5
Printer,0.78,18.79,0,1,0,0,0,1,composite,medium,broken,medium,informal,69.66
Printer,3.78,17.89,0,1,0,0,0,1,composite,medium,damaged,high,none,71.33
Printer,10.24,25.62,0,1,0,0,0,1,composite,medium,damaged,low,none,72.28
Printer,6.62,48.54,0,1,0,0,0,1,composite,medium,broken,low,none,76.65
Printer,2.49,0.17,0,1,0,0,0,1,composite,medium,damaged,medium,informal,78.45
Printer,2.66,51.58,0,1,0,0,0,1,composite,medium,damaged,low,informal,64.2
Printer,3.63,10.19,0,1,0,0,0,1,composite,medium,broken,high,informal,87.33
Printer,8.71,44.16,0,1,0,0,0,1,composite,medium,working,high,none,76.21
Printer,1.95,8.31,0,1,0,0,0,1,composite,medium,broken,medium,none,75.22
Printer,9.08,36.28,0,1,0,0,0,1,composite,medium,damaged,low,informal,73.37
Printer,8.41,47.55,0,1,0,0,0,1,composite,medium,damaged,low,none,78.64
Printer,4.47,6.4,0,1,0,0,0,1,composite,medium,damaged,high,formal,71.74
Printer,11.9,11.85,0,1,0,0,0,1,composite,medium,damaged,high,formal,78.75
Printer,11.66,56.85,0,1,0,0,0,1,composite,medium,broken,low,informal,87.2
Printer,4.4,10.55,0,1,0,0,0,1,composite,medium,damaged,high,informal,79.64
Printer,6.68,59.71,0,1,0,0,0,1,composite,medium,damaged,medium,informal,85.32
Printer,11.29,32.55,0,1,0,0,0,1,composite,medium,broken,low,formal,74.55
Printer,6.27,1.21,0,1,0,0,0,1,composite,medium,damaged,medium,formal,71.94
Printer,7.09,55.55,0,1,0,0,0,1,composite,medium,damaged,medium,none,70.59
Printer,9.53,12.01,0,1,0,0,0,1,composite,medium,working,medium,informal,78.16
Printer,7.69,59.18,0,1,0,0,0,1,composite,medium,damaged,low,none,77.53
Printer,3.4,46.64,0,1,0,0,0,1,composite,medium,broken,medium,informal,72.44
Printer,4.56,38.19,0,1,0,0,0,1,composite,medium,broken,medium,formal,72.95
Printer,6.18,47.5,0,1,0,0,0,1,composite,medium,damaged,medium,none,72.51
Printer,10.8,9.76,0,1,0,0,0,1,composite,medium,broken,low,formal,84.95
Printer,10.74,14.7,0,1,0,0,0,1,composite,medium,broken,high,none,90.45
Printer,5.18,50.88,0,1,0,0,0,1,composite,medium,damaged,medium,informal,78.61
Printer,7.93,58.37,0,1,0,0,0,1,composite,medium,working,medium,none,68.22
Printer,6.95,19.93,0,1,0,0,0,1,composite,medium,working,high,informal,78.19
Printer,11.23,48.36,0,1,0,0,0,1,composite,medium,damaged,low,informal,76.8
Printer,6.44,15.81,0,1,0,0,0,1,composite,medium,working,medium,formal,61.39
Printer,1.17,22.34,0,1,0,0,0,1,composite,medium,broken,medium,informal,70.51
Printer,11.27,3.3,0,1,0,0,0,1,composite,medium,damaged,high,none,90.86
Printer,2.62,17.76,0,1,0,0,0,1,composite,medium,broken,low,none,78.05
Printer,1.65,43.07,0,1,0,0,0,1,composite,medium,damaged,high,formal,75.71
Printer,0.77,22.39,0,1,0,0,0,1,composite,medium,working,medium,none,67.26
Printer,0.5,10.12,0,1,0,0,0,1,composite,medium,working,medium,none,61.24
Printer,1.61,36.39,0,1,0,0,0,1,composite,medium,damaged,high,formal,65.21
Printer,10.5,36.3,0,1,0,0,0,1,composite,medium,damaged,medium,formal,74.0
Printer,5.62,59.97,0,1,0,0,0,1,composite,medium,broken,high,none,86.86
Printer,0.54,18.22,0,1,0,0,0,1,composite,medium,working,medium,none,61.36
Printer,10.56,44.96,0,1,0,0,0,1,composite,medium,broken,low,formal,72.94
Printer,3.42,19.86,0,1,0,0,0,1,composite,medium,damaged,medium,informal,78.97
Printer,6.39,40.37,0,1,0,0,0,1,composite,medium,damaged,medium,formal,76.77
Printer,9.2,40.02,0,1,0,0,0,1,composite,medium,working,medium,informal,71.87
Printer,6.07,33.0,0,1,0,0,0,1,composite,medium,damaged,medium,none,77.47
Printer,2.06,4.01,0,1,0,0,0,1,composite,medium,broken,high,formal,76.62
Printer,5.6,11.18,0,1,0,0,0,1,composite,medium,damaged,high,none,76.05
Printer,7.44,18.73,0,1,0,0,0,1,composite,medium,broken,high,informal,97.13
Printer,4.24,17.61,0,1,0,0,0,1,composite,medium,working,high,informal,73.75
Printer,9.92,7.49,0,1,0,0,0,1,composite,medium,broken,high,none,84.86
Printer,5.07,13.04,0,1,0,0,0,1,composite,medium,damaged,medium,formal,67.99
Printer,10.46,1.94,0,1,0,0,0,1,composite,medium,damaged,high,none,96.62
Printer,10.69,43.74,0,1,0,0,0,1,composite,medium,broken,medium,informal,87.52
Printer,3.49,10.63,0,1,0,0,0,1,composite,medium,working,high,formal,66.23
Printer,8.96,9.14,0,1,0,0,0,1,composite,medium,broken,high,none,92.95
Printer,4.47,53.62,0,1,0,0,0,1,composite,medium,damaged,medium,formal,72.33
Printer,11.1,8.45,0,1,0,0,0,1,composite,medium,working,medium,none,68.66
Printer,0.51,45.43,0,1,0,0,0,1,composite,medium,broken,high,informal,85.99
Printer,10.89,24.6,0,1,0,0,0,1,composite,medium,damaged,medium,informal,83.6
Printer,4.14,15.5,0,1,0,0,0,1,composite,medium,working,medium,formal,68.1
Printer,2.2,39.23,0,1,0,0,0,1,composite,medium,damaged,high,informal,81.68
Printer,3.99,58.98,0,1,0,0,0,1,composite,medium,damaged,low,informal,76.41
Printer,1.15,58.71,0,1,0,0,0,1,composite,medium,damaged,medium,none,68.33
Printer,7.54,42.97,0,1,0,0,0,1,composite,medium,damaged,high,formal,79.04
Printer,3.04,9.69,0,1,0,0,0,1,composite,medium,damaged,high,none,84.01
Printer,8.79,14.48,0,1,0,0,0,1,composite,medium,working,high,informal,73.51
Printer,11.79,20.27,0,1,0,0,0,1,composite,medium,broken,low,formal,69.95
Printer,2.43,15.78,0,1,0,0,0,1,composite,medium,working,high,informal,73.44
Printer,1.58,10.31,0,1,0,0,0,1,composite,medium,working,medium,formal,60.74
Printer,8.76,4.39,0,1,0,0,0,1,composite,medium,broken,medium,none,84.34
Printer,7.41,40.91,0,1,0,0,0,1,composite,medium,broken,low,informal,79.66
Printer,0.67,7.16,0,1,0,0,0,1,composite,medium,damaged,medium,informal,71.61
Printer,0.87,28.16,0,1,0,0,0,1,composite,medium,broken,medium,informal,80.75
Printer,6.47,51.48,0,1,0,0,0,1,composite,medium,damaged,high,formal,80.44
Printer,3.72,3.2,0,1,0,0,0,1,composite,medium,broken,medium,formal,75.71
Printer,10.09,33.22,0,1,0,0,0,1,composite,medium,damaged,medium,informal,82.17
Printer,11.03,7.55,0,1,0,0,0,1,composite,medium,damaged,medium,informal,88.02
Printer,2.11,30.79,0,1,0,0,0,1,composite,medium,working,low,formal,44.26
Printer,9.27,25.65,0,1,0,0,0,1,composite,medium,damaged,high,none,76.77
Printer,4.82,38.41,0,1,0,0,0,1,composite,medium,damaged,high,none,78.33
Printer,2.46,8.18,0,1,0,0,0,1,composite,medium,damaged,medium,formal,65.91
Printer,11.19,43.05,0,1,0,0,0,1,composite,medium,broken,low,formal,79.48
Printer,6.49,10.33,0,1,0,0,0,1,composite,medium,damaged,medium,formal,74.25
Printer,2.42,1.72,0,1,0,0,0,1,composite,medium,damaged,high,informal,77.4
Printer,1.86,34.23,0,1,0,0,0,1,composite,medium,broken,high,informal,86.98
Printer,1.55,40.74,0,1,0,0,0,1,composite,medium,broken,high,formal,70.18
Printer,0.71,32.74,0,1,0,0,0,1,composite,medium,broken,high,formal,77.22
Printer,4.3,51.63,0,1,0,0,0,1,composite,medium,damaged,high,informal,75.29
Printer,9.39,19.97,0,1,0,0,0,1,composite,medium,broken,medium,informal,87.76
Printer,4.16,16.01,0,1,0,0,0,1,composite,medium,broken,low,none,70.05
Printer,11.82,1.2,0,1,0,0,0,1,composite,medium,damaged,medium,formal,78.64
Printer,0.64,35.28,0,1,0,0,0,1,composite,medium,damaged,high,formal,70.17
Printer,8.34,40.81,0,1,0,0,0,1,composite,medium,damaged,high,none,84.86
Printer,5.08,18.62,0,1,0,0,0,1,composite,medium,damaged,medium,informal,74.75
Printer,11.76,5.33,0,1,0,0,0,1,composite,medium,broken,medium,informal,87.2
Printer,5.45,24.58,0,1,0,0,0,1,composite,medium,damaged,high,none,85.79
Printer,1.75,6.5,0,1,0,0,0,1,composite,medium,damaged,low,informal,69.4
Printer,0.58,19.0,0,1,0,0,0,1,composite,medium,damaged,medium,none,65.07
Printer,10.55,21.55,0,1,0,0,0,1,composite,medium,working,high,none,79.19
Printer,11.98,15.52,0,1,0,0,0,1,composite,medium,broken,high,formal,88.7
Printer,10.94,18.58,0,1,0,0,0,1,composite,medium,broken,medium,none,87.4
Printer,6.62,28.68,0,1,0,0,0,1,composite,medium,working,high,formal,70.09
Printer,6.86,15.2,0,1,0,0,0,1,composite,medium,broken,low,formal,72.25
Printer,3.18,29.49,0,1,0,0,0,1,composite,medium,broken,high,informal,80.88
Printer,1.52,41.64,0,1,0,0,0,1,composite,medium,working,high,formal,57.58
Printer,10.38,7.6,0,1,0,0,0,1,composite,medium,damaged,low,none,72.98
Microchip-IC,10.91,26.08,0,1,0,0,0,1,silicon,light,damaged,high,informal,100.0
Microchip-IC,8.43,6.42,0,1,0,0,0,1,silicon,light,broken,medium,formal,85.41
Microchip-IC,9.54,22.62,0,1,0,0,0,1,silicon,light,working,medium,none,85.09
Microchip-IC,4.71,36.1,0,1,0,0,0,1,silicon,light,damaged,medium,none,79.91
Microchip-IC,6.29,27.89,0,1,0,0,0,1,silicon,light,broken,medium,formal,89.99
Microchip-IC,9.43,47.32,0,1,0,0,0,1,silicon,light,broken,medium,none,93.55
Microchip-IC,10.77,11.66,0,1,0,0,0,1,silicon,light,working,high,none,95.39
Microchip-IC,6.77,3.08,0,1,0,0,0,1,silicon,light,broken,medium,informal,94.52
Microchip-IC,6.28,29.51,0,1,0,0,0,1,silicon,light,working,medium,formal,69.64
Microchip-IC,7.29,36.61,0,1,0,0,0,1,silicon,light,working,high,none,80.9
Microchip-IC,3.23,17.33,0,1,0,0,0,1,silicon,light,broken,high,none,91.26
Microchip-IC,6.93,11.25,0,1,0,0,0,1,silicon,light,damaged,medium,informal,83.17
Microchip-IC,9.48,50.43,0,1,0,0,0,1,silicon,light,damaged,high,formal,87.36
Microchip-IC,1.45,38.51,0,1,0,0,0,1,silicon,light,damaged,high,informal,86.74
Microchip-IC,3.8,30.05,0,1,0,0,0,1,silicon,light,damaged,medium,none,82.9
Microchip-IC,11.69,16.01,0,1,0,0,0,1,silicon,light,broken,medium,none,95.72
Microchip-IC,5.97,59.63,0,1,0,0,0,1,silicon,light,broken,high,none,88.63
Microchip-IC,4.76,1.22,0,1,0,0,0,1,silicon,light,damaged,medium,informal,82.63
Microchip-IC,11.7,54.69,0,1,0,0,0,1,silicon,light,working,medium,informal,87.68
Microchip-IC,6.53,34.33,0,1,0,0,0,1,silicon,light,broken,high,formal,88.64
Microchip-IC,8.71,26.13,0,1,0,0,0,1,silicon,light,damaged,low,informal,79.31
Microchip-IC,8.49,46.17,0,1,0,0,0,1,silicon,light,working,low,none,72.19
Microchip-IC,0.61,56.23,0,1,0,0,0,1,silicon,light,damaged,medium,formal,72.98
Microchip-IC,2.42,31.72,0,1,0,0,0,1,silicon,light,damaged,medium,formal,69.88
Microchip-IC,0.93,1.59,0,1,0,0,0,1,silicon,light,broken,medium,none,77.03
Microchip-IC,6.4,42.78,0,1,0,0,0,1,silicon,light,damaged,low,informal,72.84
Microchip-IC,4.26,26.56,0,1,0,0,0,1,silicon,light,damaged,medium,informal,89.78
Microchip-IC,8.62,32.06,0,1,0,0,0,1,silicon,light,damaged,high,informal,95.57
Microchip-IC,5.25,45.86,0,1,0,0,0,1,silicon,light,damaged,low,none,78.81
Microchip-IC,5.42,19.84,0,1,0,0,0,1,silicon,light,working,medium,informal,75.14
Microchip-IC,1.7,36.75,0,1,0,0,0,1,silicon,light,broken,high,none,92.25
Microchip-IC,10.45,17.8,0,1,0,0,0,1,silicon,light,working,medium,informal,82.56
Microchip-IC,7.12,35.01,0,1,0,0,0,1,silicon,light,broken,medium,formal,83.83
Microchip-IC,11.67,7.08,0,1,0,0,0,1,silicon,light,broken,low,formal,88.23
Microchip-IC,1.04,42.31,0,1,0,0,0,1,silicon,light,broken,medium,none,90.29
Microchip-IC,10.22,17.82,0,1,0,0,0,1,silicon,light,damaged,high,none,98.89
Microchip-IC,11.73,54.11,0,1,0,0,0,1,silicon,light,working,high,informal,88.94
Microchip-IC,6.87,31.79,0,1,0,0,0,1,silicon,light,damaged,low,none,81.28
Microchip-IC,9.73,8.38,0,1,0,0,0,1,silicon,light,broken,medium,informal,98.13
Microchip-IC,8.55,32.87,0,1,0,0,0,1,silicon,light,damaged,low,informal,82.59
Microchip-IC,2.73,12.51,0,1,0,0,0,1,silicon,light,damaged,high,informal,89.63
Microchip-IC,10.52,44.9,0,1,0,0,0,1,silicon,light,broken,medium,none,89.37
Microchip-IC,2.11,20.9,0,1,0,0,0,1,silicon,light,damaged,medium,none,76.68
Microchip-IC,3.84,36.89,0,1,0,0,0,1,silicon,light,broken,high,none,88.35
Microchip-IC,10.14,31.52,0,1,0,0,0,1,silicon,light,working,medium,informal,79.69
Microchip-IC,4.74,21.85,0,1,0,0,0,1,silicon,light,broken,medium,none,90.55
Microchip-IC,9.13,15.94,0,1,0,0,0,1,silicon,light,damaged,high,informal,96.73
Microchip-IC,10.01,50.67,0,1,0,0,0,1,silicon,light,damaged,medium,none,88.73
Microchip-IC,5.47,32.33,0,1,0,0,0,1,silicon,light,damaged,medium,informal,93.04
Microchip-IC,2.1,0.21,0,1,0,0,0,1,silicon,light,working,high,formal,67.22
Microchip-IC,10.95,12.91,0,1,0,0,0,1,silicon,light,working,low,formal,73.79
Microchip-IC,7.56,11.3,0,1,0,0,0,1,silicon,light,damaged,medium,none,86.37
Microchip-IC,3.34,43.9,0,1,0,0,0,1,silicon,light,damaged,medium,informal,85.27
Microchip-IC,1.29,57.31,0,1,0,0,0,1,silicon,light,working,high,none,72.83
Microchip-IC,11.63,28.68,0,1,0,0,0,1,silicon,light,broken,medium,formal,84.08
Microchip-IC,11.79,5.78,0,1,0,0,0,1,silicon,light,damaged,medium,informal,89.16
Microchip-IC,8.12,6.98,0,1,0,0,0,1,silicon,light,damaged,medium,none,88.85
Microchip-IC,3.16,30.55,0,1,0,0,0,1,silicon,light,broken,medium,informal,83.3
Microchip-IC,4.78,27.35,0,1,0,0,0,1,silicon,light,working,medium,informal,78.48
Microchip-IC,7.52,21.86,0,1,0,0,0,1,silicon,light,working,high,informal,88.42
Microchip-IC,3.08,11.72,0,1,0,0,0,1,silicon,light,working,high,formal,63.3
Microchip-IC,7.17,52.63,0,1,0,0,0,1,silicon,light,broken,medium,formal,91.32
Microchip-IC,5.4,36.38,0,1,0,0,0,1,silicon,light,damaged,medium,formal,73.14
Microchip-IC,9.13,20.35,0,1,0,0,0,1,silicon,light,broken,low,informal,92.96
Microchip-IC,8.61,13.62,0,1,0,0,0,1,silicon,light,broken,medium,informal,93.28
Microchip-IC,7.37,28.35,0,1,0,0,0,1,silicon,light,damaged,medium,formal,71.07
Microchip-IC,2.96,0.36,0,1,0,0,0,1,silicon,light,damaged,high,none,88.96
Microchip-IC,8.63,43.35,0,1,0,0,0,1,silicon,light,working,low,formal,70.37
Microchip-IC,8.74,20.67,0,1,0,0,0,1,silicon,light,broken,medium,none,91.85
Microchip-IC,4.42,24.52,0,1,0,0,0,1,silicon,light,damaged,high,formal,81.59
Microchip-IC,4.54,50.24,0,1,0,0,0,1,silicon,light,working,high,none,79.42
Microchip-IC,4.78,46.59,0,1,0,0,0,1,silicon,light,damaged,medium,none,79.72
Microchip-IC,1.86,49.99,0,1,0,0,0,1,silicon,light,broken,medium,none,80.41
Microchip-IC,5.44,29.65,0,1,0,0,0,1,silicon,light,working,high,formal,79.09
Microchip-IC,8.52,30.38,0,1,0,0,0,1,silicon,light,working,high,none,79.01
Microchip-IC,1.9,21.81,0,1,0,0,0,1,silicon,light,damaged,medium,none,78.83
Microchip-IC,7.11,53.4,0,1,0,0,0,1,silicon,light,damaged,medium,none,88.92
Microchip-IC,3.85,7.74,0,1,0,0,0,1,silicon,light,broken,medium,none,86.28
Microchip-IC,11.29,3.23,0,1,0,0,0,1,silicon,light,damaged,medium,informal,87.33
Microchip-IC,6.9,42.53,0,1,0,0,0,1,silicon,light,working,high,informal,88.85
Microchip-IC,11.42,20.38,0,1,0,0,0,1,silicon,light,working,medium,formal,76.65
Microchip-IC,4.74,3.96,0,1,0,0,0,1,silicon,light,damaged,medium,formal,83.22
Microchip-IC,10.97,18.25,0,1,0,0,0,1,silicon,light,damaged,medium,formal,82.28
Microchip-IC,1.43,23.24,0,1,0,0,0,1,silicon,light,damaged,medium,none,80.21
Microchip-IC,1.14,17.08,0,1,0,0,0,1,silicon,light,broken,low,none,84.46
Microchip-IC,2.26,3.98,0,1,0,0,0,1,silicon,light,working,low,informal,63.39
Microchip-IC,6.42,35.33,0,1,0,0,0,1,silicon,light,broken,medium,informal,88.74
Microchip-IC,5.27,50.53,0,1,0,0,0,1,silicon,light,working,low,none,61.34
Microchip-IC,2.83,53.41,0,1,0,0,0,1,silicon,light,broken,low,formal,86.25
Microchip-IC,3.66,43.01,0,1,0,0,0,1,silicon,light,damaged,medium,formal,74.96
Microchip-IC,9.13,12.89,0,1,0,0,0,1,silicon,light,broken,medium,informal,90.03
Microchip-IC,9.41,25.99,0,1,0,0,0,1,silicon,light,working,high,formal,79.13
Microchip-IC,0.8,1.23,0,1,0,0,0,1,silicon,light,damaged,medium,informal,74.41
Microchip-IC,8.32,3.5,0,1,0,0,0,1,silicon,light,broken,low,none,82.89
Microchip-IC,2.47,46.3,0,1,0,0,0,1,silicon,light,working,low,none,66.84
Microchip-IC,8.58,33.43,0,1,0,0,0,1,silicon,light,broken,medium,informal,98.5
Microchip-IC,6.08,21.24,0,1,0,0,0,1,silicon,light,broken,low,formal,87.66
Microchip-IC,2.74,23.45,0,1,0,0,0,1,silicon,light,broken,low,none,84.88
Microchip-IC,9.01,26.89,0,1,0,0,0,1,silicon,light,broken,high,informal,100.0
Microchip-IC,7.31,52.72,0,1,0,0,0,1,silicon,light,damaged,medium,formal,82.33
Microchip-IC,0.93,2.59,0,1,0,0,0,1,silicon,light,broken,medium,none,87.34
Microchip-IC,6.02,52.23,0,1,0,0,0,1,silicon,light,damaged,high,none,90.61
Microchip-IC,3.46,33.85,0,1,0,0,0,1,silicon,light,damaged,low,informal,76.84
Microchip-IC,11.41,38.49,0,1,0,0,0,1,silicon,light,broken,medium,informal,95.46
Microchip-IC,6.4,40.55,0,1,0,0,0,1,silicon,light,broken,medium,none,90.57
Microchip-IC,11.21,23.88,0,1,0,0,0,1,silicon,light,broken,high,formal,97.22
Microchip-IC,10.93,29.07,0,1,0,0,0,1,silicon,light,damaged,medium,formal,88.09
Microchip-IC,0.68,16.38,0,1,0,0,0,1,silicon,light,working,medium,none,69.34
Microchip-IC,9.69,56.71,0,1,0,0,0,1,silicon,light,damaged,medium,none,89.19
Microchip-IC,8.5,55.46,0,1,0,0,0,1,silicon,light,broken,medium,none,97.99
Microchip-IC,0.96,23.19,0,1,0,0,0,1,silicon,light,damaged,low,formal,69.64
Microchip-IC,9.73,59.29,0,1,0,0,0,1,silicon,light,damaged,medium,none,84.15
Microchip-IC,2.42,43.06,0,1,0,0,0,1,silicon,light,broken,low,none,81.38
Microchip-IC,6.62,16.07,0,1,0,0,0,1,silicon,light,broken,medium,formal,76.55
Microchip-IC,3.95,31.87,0,1,0,0,0,1,silicon,light,damaged,medium,formal,71.46
Microchip-IC,7.61,43.11,0,1,0,0,0,1,silicon,light,damaged,high,informal,86.97
Microchip-IC,5.68,38.8,0,1,0,0,0,1,silicon,light,broken,high,formal,88.38
Microchip-IC,4.12,42.01,0,1,0,0,0,1,silicon,light,broken,high,none,84.76
Microchip-IC,3.63,52.5,0,1,0,0,0,1,silicon,light,broken,medium,none,87.02
Microchip-IC,6.62,17.54,0,1,0,0,0,1,silicon,light,damaged,medium,formal,78.05
Microchip-IC,0.85,26.02,0,1,0,0,0,1,silicon,light,damaged,high,none,89.53
Microchip-IC,5.55,44.77,0,1,0,0,0,1,silicon,light,working,medium,informal,78.4
Microchip-IC,0.71,43.35,0,1,0,0,0,1,silicon,light,broken,medium,informal,86.51
Microchip-IC,3.81,19.45,0,1,0,0,0,1,silicon,light,damaged,medium,formal,77.69
Microchip-IC,4.06,54.0,0,1,0,0,0,1,silicon,light,damaged,high,none,85.42
Microchip-IC,4.49,51.75,0,1,0,0,0,1,silicon,light,broken,low,informal,93.49
Microchip-IC,4.73,24.95,0,1,0,0,0,1,silicon,light,broken,medium,none,89.76
Microchip-IC,8.23,15.14,0,1,0,0,0,1,silicon,light,damaged,high,none,87.78
Microchip-IC,4.28,32.04,0,1,0,0,0,1,silicon,light,working,low,informal,72.91
Microchip-IC,8.47,56.42,0,1,0,0,0,1,silicon,light,damaged,medium,none,86.55
Microchip-IC,7.88,1.86,0,1,0,0,0,1,silicon,light,broken,high,none,100.0
Microchip-IC,11.89,5.45,0,1,0,0,0,1,silicon,light,damaged,medium,informal,93.45
Microchip-IC,7.49,9.22,0,1,0,0,0,1,silicon,light,working,medium,formal,75.92
Microchip-IC,4.26,29.29,0,1,0,0,0,1,silicon,light,broken,low,informal,83.06
Microchip-IC,7.47,45.32,0,1,0,0,0,1,silicon,light,broken,high,none,92.92
Microchip-IC,8.67,39.67,0,1,0,0,0,1,silicon,light,working,high,formal,79.09
Microchip-IC,5.47,40.08,0,1,0,0,0,1,silicon,light,damaged,medium,formal,83.23
Microchip-IC,11.02,24.82,0,1,0,0,0,1,silicon,light,damaged,high,none,91.89
Microchip-IC,3.57,26.41,0,1,0,0,0,1,silicon,light,broken,medium,formal,76.66
Microchip-IC,6.37,31.75,0,1,0,0,0,1,silicon,light,broken,medium,formal,86.53
Microchip-IC,3.16,52.46,0,1,0,0,0,1,silicon,light,working,medium,formal,67.21
Microchip-IC,4.54,21.67,0,1,0,0,0,1,silicon,light,broken,medium,none,93.61
Microchip-IC,10.82,54.11,0,1,0,0,0,1,silicon,light,damaged,high,formal,92.31
Microchip-IC,3.66,16.39,0,1,0,0,0,1,silicon,light,damaged,medium,informal,81.36
Microchip-IC,8.86,53.7,0,1,0,0,0,1,silicon,light,damaged,low,none,79.89
Microchip-IC,1.53,33.81,0,1,0,0,0,1,silicon,light,working,low,informal,67.0
Microchip-IC,3.74,36.26,0,1,0,0,0,1,silicon,light,broken,high,formal,84.54
Microchip-IC,8.63,35.26,0,1,0,0,0,1,silicon,light,damaged,medium,none,78.56
Microchip-IC,0.99,0.68,0,1,0,0,0,1,silicon,light,damaged,low,none,71.85
Microchip-IC,2.77,32.91,0,1,0,0,0,1,silicon,light,working,low,formal,57.65
Keyboard,11.47,8.55,0,0,0,0,0,1,plastic,light,broken,low,formal,20.43
Keyboard,11.44,56.69,0,0,0,0,0,1,plastic,light,broken,medium,informal,47.18
Keyboard,4.6,56.83,0,0,0,0,0,1,plastic,light,damaged,medium,formal,22.23
Keyboard,1.82,50.22,0,0,0,0,0,1,plastic,light,working,high,formal,12.76
Keyboard,10.7,43.79,0,0,0,0,0,1,plastic,light,working,medium,informal,32.13
Keyboard,5.14,23.92,0,0,0,0,0,1,plastic,light,working,medium,none,22.15
Keyboard,4.68,57.1,0,0,0,0,0,1,plastic,light,broken,low,formal,25.41
Keyboard,0.55,16.44,0,0,0,0,0,1,plastic,light,damaged,high,formal,29.71
Keyboard,1.77,55.33,0,0,0,0,0,1,plastic,light,broken,medium,none,38.22
Keyboard,4.78,14.65,0,0,0,0,0,1,plastic,light,broken,medium,none,34.05
Keyboard,4.52,55.3,0,0,0,0,0,1,plastic,light,broken,low,none,34.66
Keyboard,5.68,44.66,0,0,0,0,0,1,plastic,light,damaged,low,formal,21.29
Keyboard,5.39,45.33,0,0,0,0,0,1,plastic,light,damaged,medium,formal,23.04
Keyboard,9.9,59.39,0,0,0,0,0,1,plastic,light,damaged,low,formal,26.78
Keyboard,8.0,36.73,0,0,0,0,0,1,plastic,light,broken,medium,none,35.15
Keyboard,6.77,8.84,0,0,0,0,0,1,plastic,light,damaged,high,informal,44.86
Keyboard,10.16,35.42,0,0,0,0,0,1,plastic,light,working,medium,informal,27.22
Keyboard,5.29,4.38,0,0,0,0,0,1,plastic,light,working,medium,informal,24.34
Keyboard,11.14,22.55,0,0,0,0,0,1,plastic,light,broken,medium,none,47.09
Keyboard,4.7,6.02,0,0,0,0,0,1,plastic,light,damaged,low,informal,28.1
Keyboard,2.72,37.65,0,0,0,0,0,1,plastic,light,broken,medium,none,25.68
Keyboard,11.2,53.4,0,0,0,0,0,1,plastic,light,broken,medium,informal,58.18
Keyboard,3.07,26.64,0,0,0,0,0,1,plastic,light,damaged,high,none,32.56
Keyboard,10.41,10.46,0,0,0,0,0,1,plastic,light,damaged,low,informal,33.8
Keyboard,11.84,6.05,0,0,0,0,0,1,plastic,light,damaged,medium,none,34.54
Keyboard,1.43,37.63,0,0,0,0,0,1,plastic,light,damaged,medium,formal,22.77
Keyboard,2.03,41.19,0,0,0,0,0,1,plastic,light,working,high,formal,27.45
Keyboard,2.6,36.6,0,0,0,0,0,1,plastic,light,broken,medium,none,30.81
Keyboard,7.44,23.35,0,0,0,0,0,1,plastic,light,damaged,medium,formal,21.14
Keyboard,5.11,45.67,0,0,0,0,0,1,plastic,light,damaged,high,formal,26.92
Keyboard,5.28,47.22,0,0,0,0,0,1,plastic,light,damaged,medium,formal,19.26
Keyboard,11.99,18.51,0,0,0,0,0,1,plastic,light,broken,medium,informal,41.31
Keyboard,6.75,50.43,0,0,0,0,0,1,plastic,light,broken,low,informal,34.86
Keyboard,7.38,51.29,0,0,0,0,0,1,plastic,light,damaged,high,informal,40.41
Keyboard,4.82,8.47,0,0,0,0,0,1,plastic,light,broken,high,none,42.26
Keyboard,9.2,6.64,0,0,0,0,0,1,plastic,light,broken,medium,none,38.12
Keyboard,11.67,5.03,0,0,0,0,0,1,plastic,light,broken,low,informal,50.31
Keyboard,8.64,49.97,0,0,0,0,0,1,plastic,light,working,high,informal,36.07
Keyboard,5.68,25.44,0,0,0,0,0,1,plastic,light,damaged,high,informal,42.15
Keyboard,8.31,36.42,0,0,0,0,0,1,plastic,light,damaged,high,none,42.36
Keyboard,1.91,50.92,0,0,0,0,0,1,plastic,light,damaged,medium,none,31.58
Keyboard,3.53,0.25,0,0,0,0,0,1,plastic,light,damaged,low,none,23.07
Keyboard,3.67,26.62,0,0,0,0,0,1,plastic,light,working,medium,none,23.05
Keyboard,11.05,40.79,0,0,0,0,0,1,plastic,light,broken,low,formal,29.11
Keyboard,10.79,42.91,0,0,0,0,0,1,plastic,light,damaged,medium,informal,36.79
Keyboard,10.85,20.18,0,0,0,0,0,1,plastic,light,damaged,high,none,49.98
Keyboard,6.42,7.85,0,0,0,0,0,1,plastic,light,working,medium,informal,24.78
Keyboard,9.57,21.09,0,0,0,0,0,1,plastic,light,working,low,informal,31.28
Keyboard,10.89,14.35,0,0,0,0,0,1,plastic,light,working,high,formal,27.34
Keyboard,0.93,55.07,0,0,0,0,0,1,plastic,light,working,medium,formal,17.38
Keyboard,1.25,3.0,0,0,0,0,0,1,plastic,light,working,low,none,5.94
Keyboard,5.31,55.74,0,0,0,0,0,1,plastic,light,broken,high,none,41.59
Keyboard,4.18,22.87,0,0,0,0,0,1,plastic,light,damaged,medium,informal,31.69
Keyboard,9.94,26.1,0,0,0,0,0,1,plastic,light,broken,medium,formal,36.79
Keyboard,4.55,24.18,0,0,0,0,0,1,plastic,light,working,high,informal,27.5
Keyboard,2.51,53.38,0,0,0,0,0,1,plastic,light,damaged,high,none,33.58
Keyboard,4.78,17.94,0,0,0,0,0,1,plastic,light,broken,high,informal,46.22
Keyboard,4.59,34.46,0,0,0,0,0,1,plastic,light,broken,medium,formal,33.11
Keyboard,4.37,8.68,0,0,0,0,0,1,plastic,light,working,high,formal,20.44
Keyboard,7.59,32.05,0,0,0,0,0,1,plastic,light,working,low,formal,12.98
Keyboard,6.28,16.28,0,0,0,0,0,1,plastic,light,broken,medium,formal,28.96
Keyboard,8.02,16.78,0,0,0,0,0,1,plastic,light,damaged,high,none,44.41
Keyboard,3.5,20.1,0,0,0,0,0,1,plastic,light,damaged,high,none,30.29
Keyboard,4.47,8.91,0,0,0,0,0,1,plastic,light,damaged,high,none,35.32
Keyboard,4.82,35.94,0,0,0,0,0,1,plastic,light,broken,low,none,26.45
Keyboard,5.13,4.57,0,0,0,0,0,1,plastic,light,damaged,medium,informal,30.51
Keyboard,1.89,51.88,0,0,0,0,0,1,plastic,light,damaged,medium,informal,23.14
Keyboard,9.07,7.63,0,0,0,0,0,1,plastic,light,working,high,formal,27.39
Keyboard,4.03,28.52,0,0,0,0,0,1,plastic,light,damaged,high,informal,42.22
Keyboard,3.87,19.35,0,0,0,0,0,1,plastic,light,damaged,medium,none,32.27
Keyboard,9.86,9.89,0,0,0,0,0,1,plastic,light,working,low,formal,20.18
Keyboard,10.37,44.21,0,0,0,0,0,1,plastic,light,working,medium,informal,26.97
Keyboard,9.82,50.35,0,0,0,0,0,1,plastic,light,broken,medium,none,42.43
Keyboard,3.36,25.91,0,0,0,0,0,1,plastic,light,damaged,medium,formal,19.17
Keyboard,0.62,1.34,0,0,0,0,0,1,plastic,light,working,low,formal,5.78
Keyboard,6.77,51.48,0,0,0,0,0,1,plastic,light,damaged,medium,informal,32.59
Keyboard,8.72,43.69,0,0,0,0,0,1,plastic,light,damaged,high,none,33.84
Keyboard,7.88,49.09,0,0,0,0,0,1,plastic,light,working,high,formal,34.91
Keyboard,5.91,52.32,0,0,0,0,0,1,plastic,light,working,medium,formal,14.36
Keyboard,4.68,22.41,0,0,0,0,0,1,plastic,light,broken,high,formal,35.08
Keyboard,8.85,3.11,0,0,0,0,0,1,plastic,light,working,low,none,21.68
Keyboard,6.43,34.19,0,0,0,0,0,1,plastic,light,working,high,informal,30.18
Keyboard,11.1,39.41,0,0,0,0,0,1,plastic,light,damaged,high,none,38.11
Keyboard,11.26,9.89,0,0,0,0,0,1,plastic,light,working,medium,none,23.92
Keyboard,9.37,55.17,0,0,0,0,0,1,plastic,light,damaged,low,informal,32.46
Keyboard,2.49,0.75,0,0,0,0,0,1,plastic,light,damaged,high,none,33.53
Keyboard,11.79,3.79,0,0,0,0,0,1,plastic,light,broken,high,informal,51.52
Keyboard,1.88,31.92,0,0,0,0,0,1,plastic,light,damaged,high,none,38.44
Keyboard,10.97,0.9,0,0,0,0,0,1,plastic,light,broken,high,none,48.18
Keyboard,7.74,59.21,0,0,0,0,0,1,plastic,light,damaged,medium,informal,34.61
Keyboard,9.99,56.21,0,0,0,0,0,1,plastic,light,broken,medium,informal,43.87
Keyboard,2.99,10.19,0,0,0,0,0,1,plastic,light,working,high,formal,26.24
Keyboard,3.3,17.88,0,0,0,0,0,1,plastic,light,damaged,medium,none,19.5
Keyboard,3.9,4.03,0,0,0,0,0,1,plastic,light,broken,medium,formal,29.64
Keyboard,1.25,58.49,0,0,0,0,0,1,plastic,light,damaged,medium,none,28.59
Keyboard,6.0,25.8,0,0,0,0,0,1,plastic,light,working,high,informal,35.03
Keyboard,2.84,55.18,0,0,0,0,0,1,plastic,light,broken,high,none,40.75
Keyboard,3.16,5.92,0,0,0,0,0,1,plastic,light,broken,medium,none,35.22
Keyboard,0.55,1.27,0,0,0,0,0,1,plastic,light,damaged,low,none,17.53
Keyboard,2.37,23.29,0,0,0,0,0,1,plastic,light,working,high,informal,28.33
Keyboard,1.57,29.07,0,0,0,0,0,1,plastic,light,working,low,formal,7.86
Keyboard,3.63,32.95,0,0,0,0,0,1,plastic,light,broken,high,formal,39.34
Keyboard,1.07,41.66,0,0,0,0,0,1,plastic,light,broken,high,none,37.34
Keyboard,11.01,58.07,0,0,0,0,0,1,plastic,light,broken,medium,formal,39.48
Keyboard,6.8,27.19,0,0,0,0,0,1,plastic,light,broken,low,formal,27.69
Keyboard,4.19,23.24,0,0,0,0,0,1,plastic,light,damaged,low,none,25.95
Keyboard,5.65,55.02,0,0,0,0,0,1,plastic,light,damaged,medium,formal,25.81
Keyboard,1.73,23.51,0,0,0,0,0,1,plastic,light,damaged,medium,formal,20.49
Keyboard,9.41,56.81,0,0,0,0,0,1,plastic,light,working,low,none,25.81
Keyboard,4.14,39.26,0,0,0,0,0,1,plastic,light,working,low,none,17.31
Keyboard,6.58,55.68,0,0,0,0,0,1,plastic,light,damaged,high,informal,42.91
Keyboard,10.25,12.65,0,0,0,0,0,1,plastic,light,damaged,low,none,30.67
Keyboard,2.51,4.26,0,0,0,0,0,1,plastic,light,damaged,medium,none,26.79
Keyboard,1.2,44.95,0,0,0,0,0,1,plastic,light,damaged,medium,informal,29.11
Keyboard,6.28,20.33,0,0,0,0,0,1,plastic,light,broken,medium,none,31.25
Keyboard,10.29,33.44,0,0,0,0,0,1,plastic,light,working,medium,informal,32.05
Keyboard,10.21,27.2,0,0,0,0,0,1,plastic,light,broken,low,informal,38.01
Keyboard,4.29,39.03,0,0,0,0,0,1,plastic,light,broken,high,informal,40.1
Keyboard,9.82,26.23,0,0,0,0,0,1,plastic,light,working,medium,none,30.26
Keyboard,7.94,55.83,0,0,0,0,0,1,plastic,light,damaged,medium,none,38.99
Keyboard,10.43,19.39,0,0,0,0,0,1,plastic,light,damaged,medium,formal,30.58
Keyboard,10.57,11.37,0,0,0,0,0,1,plastic,light,damaged,low,none,34.02
Keyboard,7.18,37.54,0,0,0,0,0,1,plastic,light,working,low,formal,20.09
Keyboard,7.01,36.73,0,0,0,0,0,1,plastic,light,damaged,medium,formal,21.65
Keyboard,2.08,50.95,0,0,0,0,0,1,plastic,light,damaged,low,formal,18.98
Keyboard,8.08,24.42,0,0,0,0,0,1,plastic,light,damaged,high,none,41.99
Keyboard,3.97,50.86,0,0,0,0,0,1,plastic,light,broken,medium,informal,36.68
Keyboard,8.81,16.06,0,0,0,0,0,1,plastic,light,broken,high,formal,41.5
Keyboard,5.94,48.13,0,0,0,0,0,1,plastic,light,broken,high,informal,54.1
Keyboard,11.7,19.66,0,0,0,0,0,1,plastic,light,broken,medium,none,37.64
Keyboard,8.21,27.82,0,0,0,0,0,1,plastic,light,damaged,medium,formal,33.74
Keyboard,7.49,6.16,0,0,0,0,0,1,plastic,light,broken,medium,none,36.16
Keyboard,8.21,10.52,0,0,0,0,0,1,plastic,light,damaged,medium,formal,27.07
Keyboard,6.11,8.29,0,0,0,0,0,1,plastic,light,damaged,medium,formal,20.07
Keyboard,0.66,4.67,0,0,0,0,0,1,plastic,light,damaged,low,informal,25.94
Keyboard,3.16,20.64,0,0,0,0,0,1,plastic,light,damaged,high,none,42.34
Keyboard,6.86,21.74,0,0,0,0,0,1,plastic,light,damaged,high,formal,32.59
Keyboard,7.46,29.09,0,0,0,0,0,1,plastic,light,working,medium,none,26.21
Keyboard,6.82,24.81,0,0,0,0,0,1,plastic,light,working,high,none,32.06
Keyboard,5.49,35.6,0,0,0,0,0,1,plastic,light,working,high,informal,41.26
Keyboard,4.08,26.99,0,0,0,0,0,1,plastic,light,broken,low,formal,21.22
Keyboard,9.61,7.84,0,0,0,0,0,1,plastic,light,broken,low,formal,37.08
Keyboard,10.83,34.88,0,0,0,0,0,1,plastic,light,damaged,low,informal,35.04
Keyboard,11.81,38.11,0,0,0,0,0,1,plastic,light,damaged,medium,none,36.02
Keyboard,1.67,19.71,0,0,0,0,0,1,plastic,light,working,low,formal,15.99
Keyboard,6.08,20.14,0,0,0,0,0,1,plastic,light,working,medium,formal,18.99
Keyboard,7.57,58.63,0,0,0,0,0,1,plastic,light,working,low,informal,22.9
Keyboard,11.91,6.18,0,0,0,0,0,1,plastic,light,working,high,none,37.83
Keyboard,1.54,6.81,0,0,0,0,0,1,plastic,light,working,low,formal,9.96
Keyboard,9.45,46.57,0,0,0,0,0,1,plastic,light,damaged,high,informal,43.66
Mouse,4.12,33.67,0,0,0,0,0,1,plastic,light,damaged,high,none,38.75
Mouse,1.65,46.61,0,0,0,0,0,1,plastic,light,damaged,low,informal,20.02
Mouse,7.52,7.16,0,0,0,0,0,1,plastic,light,broken,low,none,29.02
Mouse,4.99,44.45,0,0,0,0,0,1,plastic,light,damaged,medium,informal,34.87
Mouse,6.11,59.39,0,0,0,0,0,1,plastic,light,working,medium,formal,20.37
Mouse,3.86,4.89,0,0,0,0,0,1,plastic,light,working,medium,informal,24.69
Mouse,11.87,28.19,0,0,0,0,0,1,plastic,light,damaged,high,informal,38.67
Mouse,4.9,56.65,0,0,0,0,0,1,plastic,light,damaged,medium,informal,30.7
Mouse,10.97,16.45,0,0,0,0,0,1,plastic,light,damaged,high,formal,38.1
Mouse,8.32,21.08,0,0,0,0,0,1,plastic,light,damaged,medium,formal,32.93
Mouse,5.33,11.3,0,0,0,0,0,1,plastic,light,working,high,informal,24.11
Mouse,9.59,47.02,0,0,0,0,0,1,plastic,light,working,high,formal,29.05
Mouse,7.55,59.14,0,0,0,0,0,1,plastic,light,broken,high,informal,50.9
Mouse,2.23,39.59,0,0,0,0,0,1,plastic,light,damaged,medium,none,24.68
Mouse,5.87,48.72,0,0,0,0,0,1,plastic,light,working,high,formal,25.27
Mouse,10.33,15.17,0,0,0,0,0,1,plastic,light,damaged,medium,formal,24.63
Mouse,9.83,46.42,0,0,0,0,0,1,plastic,light,working,medium,none,31.51
Mouse,1.08,36.53,0,0,0,0,0,1,plastic,light,working,high,informal,18.53
Mouse,3.74,50.45,0,0,0,0,0,1,plastic,light,working,medium,informal,23.41
Mouse,9.14,3.84,0,0,0,0,0,1,plastic,light,broken,medium,none,37.96
Mouse,4.1,34.45,0,0,0,0,0,1,plastic,light,damaged,medium,informal,31.53
Mouse,5.69,57.51,0,0,0,0,0,1,plastic,light,damaged,medium,none,25.82
Mouse,8.13,52.28,0,0,0,0,0,1,plastic,light,broken,medium,informal,40.26
Mouse,3.15,44.63,0,0,0,0,0,1,plastic,light,damaged,medium,formal,15.94
Mouse,11.99,4.31,0,0,0,0,0,1,plastic,light,working,low,none,21.93
Mouse,11.68,8.58,0,0,0,0,0,1,plastic,light,working,low,informal,26.43
Mouse,9.48,22.01,0,0,0,0,0,1,plastic,light,broken,medium,formal,42.27
Mouse,10.07,27.53,0,0,0,0,0,1,plastic,light,damaged,medium,informal,34.5
Mouse,11.84,2.95,0,0,0,0,0,1,plastic,light,broken,medium,formal,34.91
Mouse,4.31,10.9,0,0,0,0,0,1,plastic,light,working,high,informal,30.63
Mouse,11.0,13.93,0,0,0,0,0,1,plastic,light,working,low,informal,27.92
Mouse,9.49,0.93,0,0,0,0,0,1,plastic,light,broken,medium,formal,32.9
Mouse,3.1,28.12,0,0,0,0,0,1,plastic,light,damaged,medium,formal,17.83
Mouse,3.32,13.07,0,0,0,0,0,1,plastic,light,working,medium,informal,24.91
Mouse,8.61,40.82,0,0,0,0,0,1,plastic,light,damaged,medium,none,27.68
Mouse,4.8,16.33,0,0,0,0,0,1,plastic,light,working,high,none,24.32
Mouse,3.03,3.9,0,0,0,0,0,1,plastic,light,broken,low,informal,32.0
Mouse,2.88,20.16,0,0,0,0,0,1,plastic,light,working,low,none,16.74
Mouse,8.04,32.53,0,0,0,0,0,1,plastic,light,broken,high,none,38.84
Mouse,11.8,39.93,0,0,0,0,0,1,plastic,light,broken,low,none,42.0
Mouse,4.2,59.37,0,0,0,0,0,1,plastic,light,working,medium,none,15.31
Mouse,11.84,25.52,0,0,0,0,0,1,plastic,light,damaged,low,none,20.03
Mouse,7.95,24.25,0,0,0,0,0,1,plastic,light,working,medium,formal,17.49
Mouse,8.01,3.23,0,0,0,0,0,1,plastic,light,damaged,low,informal,27.54
Mouse,8.11,43.27,0,0,0,0,0,1,plastic,light,damaged,low,formal,25.24
Mouse,3.0,15.41,0,0,0,0,0,1,plastic,light,working,medium,none,18.19
Mouse,7.89,51.67,0,0,0,0,0,1,plastic,light,damaged,low,formal,26.87
Mouse,6.61,40.98,0,0,0,0,0,1,plastic,light,damaged,high,informal,44.25
Mouse,9.45,14.93,0,0,0,0,0,1,plastic,light,damaged,high,informal,44.24
Mouse,1.18,34.89,0,0,0,0,0,1,plastic,light,working,high,none,26.02
Mouse,1.76,7.31,0,0,0,0,0,1,plastic,light,damaged,medium,formal,10.15
Mouse,1.66,48.12,0,0,0,0,0,1,plastic,light,broken,high,none,39.32
Mouse,2.99,15.82,0,0,0,0,0,1,plastic,light,working,high,none,27.1
Mouse,7.85,23.27,0,0,0,0,0,1,plastic,light,damaged,low,formal,23.84
Mouse,8.5,26.31,0,0,0,0,0,1,plastic,light,damaged,medium,formal,17.28
Mouse,4.97,49.24,0,0,0,0,0,1,plastic,light,damaged,medium,none,19.79
Mouse,10.46,53.43,0,0,0,0,0,1,plastic,light,damaged,low,formal,26.89
Mouse,7.97,4.91,0,0,0,0,0,1,plastic,light,working,low,informal,21.54
Mouse,8.96,51.58,0,0,0,0,0,1,plastic,light,broken,low,informal,33.98
Mouse,11.02,34.51,0,0,0,0,0,1,plastic,light,broken,medium,formal,29.91
Mouse,1.24,32.28,0,0,0,0,0,1,plastic,light,broken,low,none,24.04
Mouse,9.08,24.25,0,0,0,0,0,1,plastic,light,damaged,high,none,43.99
Mouse,4.47,24.67,0,0,0,0,0,1,plastic,light,working,low,none,15.61
Mouse,2.57,17.11,0,0,0,0,0,1,plastic,light,damaged,medium,formal,23.09
Mouse,8.96,0.48,0,0,0,0,0,1,plastic,light,damaged,high,formal,40.33
Mouse,8.03,26.76,0,0,0,0,0,1,plastic,light,damaged,high,none,41.66
Mouse,4.19,6.19,0,0,0,0,0,1,plastic,light,working,low,informal,17.44
Mouse,9.16,17.67,0,0,0,0,0,1,plastic,light,broken,high,formal,38.37
Mouse,8.88,44.87,0,0,0,0,0,1,plastic,light,damaged,low,informal,31.53
Mouse,2.49,40.97,0,0,0,0,0,1,plastic,light,damaged,medium,none,27.61
Mouse,6.42,48.84,0,0,0,0,0,1,plastic,light,broken,medium,formal,30.56
Mouse,3.48,45.27,0,0,0,0,0,1,plastic,light,broken,low,none,23.65
Mouse,2.58,47.84,0,0,0,0,0,1,plastic,light,damaged,medium,formal,22.02
Mouse,6.83,7.33,0,0,0,0,0,1,plastic,light,working,low,none,15.24
Mouse,8.69,3.52,0,0,0,0,0,1,plastic,light,damaged,low,none,29.53
Mouse,11.15,48.69,0,0,0,0,0,1,plastic,light,broken,medium,informal,44.26
Mouse,3.0,19.64,0,0,0,0,0,1,plastic,light,damaged,low,formal,10.35
Mouse,7.27,55.39,0,0,0,0,0,1,plastic,light,broken,medium,informal,37.97
Mouse,6.11,11.2,0,0,0,0,0,1,plastic,light,broken,low,formal,23.5
Mouse,4.78,1.71,0,0,0,0,0,1,plastic,light,working,low,formal,13.91
Mouse,8.05,50.22,0,0,0,0,0,1,plastic,light,damaged,high,formal,29.1
Mouse,7.64,25.2,0,0,0,0,0,1,plastic,light,damaged,high,informal,37.38
Mouse,7.72,56.12,0,0,0,0,0,1,plastic,light,damaged,medium,none,26.57
Mouse,4.83,28.08,0,0,0,0,0,1,plastic,light,damaged,low,none,25.42
Mouse,9.27,28.89,0,0,0,0,0,1,plastic,light,damaged,high,formal,35.23
Mouse,9.69,2.18,0,0,0,0,0,1,plastic,light,broken,medium,informal,35.12
Mouse,3.87,10.47,0,0,0,0,0,1,plastic,light,broken,high,informal,48.79
Mouse,5.5,33.53,0,0,0,0,0,1,plastic,light,working,medium,formal,15.72
Mouse,9.9,49.5,0,0,0,0,0,1,plastic,light,working,medium,informal,22.52
Mouse,7.31,17.87,0,0,0,0,0,1,plastic,light,working,low,formal,17.66
Mouse,9.61,57.69,0,0,0,0,0,1,plastic,light,damaged,medium,formal,23.98
Mouse,7.53,56.0,0,0,0,0,0,1,plastic,light,working,high,formal,25.69
Mouse,4.82,6.65,0,0,0,0,0,1,plastic,light,damaged,low,informal,19.01
Mouse,8.05,55.13,0,0,0,0,0,1,plastic,light,damaged,low,formal,19.86
Mouse,10.32,34.3,0,0,0,0,0,1,plastic,light,damaged,low,informal,32.69
Mouse,10.67,5.04,0,0,0,0,0,1,plastic,light,damaged,low,informal,31.66
Mouse,10.58,31.66,0,0,0,0,0,1,plastic,light,damaged,low,none,27.68
Mouse,3.0,20.06,0,0,0,0,0,1,plastic,light,broken,medium,informal,42.63
Mouse,6.5,46.74,0,0,0,0,0,1,plastic,light,damaged,low,informal,32.77
Mouse,10.64,22.28,0,0,0,0,0,1,plastic,light,working,high,informal,38.86
Mouse,7.67,39.98,0,0,0,0,0,1,plastic,light,damaged,low,none,28.16
Mouse,6.12,6.85,0,0,0,0,0,1,plastic,light,working,medium,informal,29.82
Mouse,11.47,47.02,0,0,0,0,0,1,plastic,light,damaged,medium,formal,28.79
Mouse,1.73,29.63,0,0,0,0,0,1,plastic,light,broken,high,formal,31.89
Mouse,10.69,16.3,0,0,0,0,0,1,plastic,light,working,high,none,38.82
Mouse,9.85,47.18,0,0,0,0,0,1,plastic,light,broken,medium,none,47.34
Mouse,11.96,7.0,0,0,0,0,0,1,plastic,light,broken,medium,informal,39.71
Mouse,6.32,52.25,0,0,0,0,0,1,plastic,light,working,medium,none,23.17
Mouse,5.43,21.51,0,0,0,0,0,1,plastic,light,damaged,medium,informal,29.63
Mouse,9.9,32.03,0,0,0,0,0,1,plastic,light,damaged,medium,none,39.45
Mouse,6.92,3.41,0,0,0,0,0,1,plastic,light,working,medium,formal,15.03
Mouse,4.07,31.68,0,0,0,0,0,1,plastic,light,working,high,formal,24.44
Mouse,5.61,50.97,0,0,0,0,0,1,plastic,light,damaged,medium,informal,29.52
Mouse,11.98,0.22,0,0,0,0,0,1,plastic,light,working,high,formal,31.03
Mouse,1.2,14.24,0,0,0,0,0,1,plastic,light,damaged,high,informal,31.52
Mouse,11.15,48.9,0,0,0,0,0,1,plastic,light,damaged,high,none,33.58
Mouse,1.22,2.12,0,0,0,0,0,1,plastic,light,working,high,formal,13.83
Mouse,11.09,20.64,0,0,0,0,0,1,plastic,light,broken,high,formal,41.1
Mouse,5.84,1.49,0,0,0,0,0,1,plastic,light,broken,medium,formal,28.96
Mouse,11.31,41.58,0,0,0,0,0,1,plastic,light,broken,medium,formal,31.52
Mouse,11.7,1.04,0,0,0,0,0,1,plastic,light,broken,medium,formal,36.06
Mouse,7.83,44.37,0,0,0,0,0,1,plastic,light,working,high,informal,27.26
Mouse,10.24,32.41,0,0,0,0,0,1,plastic,light,damaged,high,informal,44.16
Mouse,0.54,2.41,0,0,0,0,0,1,plastic,light,working,low,formal,14.39
Mouse,4.01,21.61,0,0,0,0,0,1,plastic,light,damaged,low,formal,19.51
Mouse,5.61,38.07,0,0,0,0,0,1,plastic,light,broken,medium,informal,44.68
Mouse,11.47,50.38,0,0,0,0,0,1,plastic,light,damaged,medium,formal,30.38
Mouse,6.46,55.66,0,0,0,0,0,1,plastic,light,damaged,high,informal,37.93
Mouse,0.99,35.21,0,0,0,0,0,1,plastic,light,damaged,low,none,22.66
Mouse,3.81,11.67,0,0,0,0,0,1,plastic,light,broken,medium,informal,31.95
Mouse,7.51,33.63,0,0,0,0,0,1,plastic,light,broken,medium,informal,38.03
Mouse,6.76,57.03,0,0,0,0,0,1,plastic,light,damaged,high,none,37.24
Mouse,10.15,56.67,0,0,0,0,0,1,plastic,light,damaged,low,informal,28.0
Mouse,0.55,20.58,0,0,0,0,0,1,plastic,light,broken,medium,informal,33.62
Mouse,2.71,21.37,0,0,0,0,0,1,plastic,light,working,low,none,13.64
Mouse,5.81,12.3,0,0,0,0,0,1,plastic,light,damaged,low,none,23.35
Mouse,8.69,38.1,0,0,0,0,0,1,plastic,light,damaged,high,none,36.39
Mouse,6.54,5.48,0,0,0,0,0,1,plastic,light,damaged,medium,informal,29.45
Mouse,4.31,32.55,0,0,0,0,0,1,plastic,light,broken,low,none,25.39
Mouse,0.76,10.3,0,0,0,0,0,1,plastic,light,damaged,high,formal,24.4
Mouse,8.18,10.96,0,0,0,0,0,1,plastic,light,damaged,medium,none,28.64
Mouse,1.55,6.75,0,0,0,0,0,1,plastic,light,broken,high,informal,31.97
Mouse,8.73,45.72,0,0,0,0,0,1,plastic,light,damaged,low,formal,18.5
Mouse,1.22,10.78,0,0,0,0,0,1,plastic,light,working,high,formal,14.59
Mouse,6.68,35.59,0,0,0,0,0,1,plastic,light,damaged,low,informal,27.5
Mouse,2.67,33.7,0,0,0,0,0,1,plastic,light,damaged,medium,informal,24.97
Mouse,4.95,50.5,0,0,0,0,0,1,plastic,light,working,high,none,20.18
Mouse,5.91,5.6,0,0,0,0,0,1,plastic,light,working,low,formal,10.4
Mouse,6.3,50.95,0,0,0,0,0,1,plastic,light,working,high,none,26.04
Mouse,7.04,33.53,0,0,0,0,0,1,plastic,light,broken,high,informal,43.65
Resistor,4.47,11.16,0,0,0,0,0,1,ceramic,light,working,medium,informal,19.44
Resistor,11.04,37.69,0,0,0,0,0,1,ceramic,light,broken,low,none,38.25
Resistor,8.26,10.22,0,0,0,0,0,1,ceramic,light,working,high,formal,15.21
Resistor,8.15,50.38,0,0,0,0,0,1,ceramic,light,damaged,medium,none,27.23
Resistor,9.52,53.83,0,0,0,0,0,1,ceramic,light,damaged,low,informal,26.06
Resistor,3.61,2.81,0,0,0,0,0,1,ceramic,light,damaged,high,formal,25.64
Resistor,8.27,55.95,0,0,0,0,0,1,ceramic,light,working,medium,none,26.14
Resistor,8.25,20.17,0,0,0,0,0,1,ceramic,light,working,medium,informal,27.68
Resistor,8.88,26.49,0,0,0,0,0,1,ceramic,light,damaged,medium,formal,22.88
Resistor,4.49,2.2,0,0,0,0,0,1,ceramic,light,working,high,informal,24.36
Resistor,8.18,43.02,0,0,0,0,0,1,ceramic,light,damaged,high,formal,29.11
Resistor,4.26,10.36,0,0,0,0,0,1,ceramic,light,damaged,high,informal,32.88
Resistor,6.7,41.46,0,0,0,0,0,1,ceramic,light,damaged,high,none,33.73
Resistor,3.21,33.46,0,0,0,0,0,1,ceramic,light,broken,high,informal,34.4
Resistor,3.85,14.07,0,0,0,0,0,1,ceramic,light,damaged,low,informal,18.18
Resistor,1.57,31.01,0,0,0,0,0,1,ceramic,light,working,medium,none,19.08
Resistor,7.58,38.03,0,0,0,0,0,1,ceramic,light,damaged,high,none,26.34
Resistor,5.79,11.2,0,0,0,0,0,1,ceramic,light,damaged,medium,formal,21.45
Resistor,2.77,28.78,0,0,0,0,0,1,ceramic,light,broken,medium,none,31.64
Resistor,5.64,39.55,0,0,0,0,0,1,ceramic,light,working,medium,formal,6.3
Resistor,4.25,57.66,0,0,0,0,0,1,ceramic,light,working,medium,informal,18.13
Resistor,9.05,51.38,0,0,0,0,0,1,ceramic,light,damaged,medium,informal,36.1
Resistor,10.08,2.67,0,0,0,0,0,1,ceramic,light,damaged,medium,informal,38.85
Resistor,2.77,25.85,0,0,0,0,0,1,ceramic,light,damaged,high,formal,14.0
Resistor,10.48,38.66,0,0,0,0,0,1,ceramic,light,working,high,formal,20.84
Resistor,4.89,21.38,0,0,0,0,0,1,ceramic,light,damaged,medium,informal,23.39
Resistor,2.39,50.76,0,0,0,0,0,1,ceramic,light,broken,medium,none,24.74
Resistor,7.02,53.96,0,0,0,0,0,1,ceramic,light,broken,medium,none,42.27
Resistor,1.46,9.65,0,0,0,0,0,1,ceramic,light,broken,medium,informal,32.31
Resistor,2.63,37.62,0,0,0,0,0,1,ceramic,light,working,low,informal,6.82
Resistor,3.16,53.34,0,0,0,0,0,1,ceramic,light,working,low,informal,11.32
Resistor,0.58,59.28,0,0,0,0,0,1,ceramic,light,damaged,medium,informal,21.6
Resistor,3.57,20.7,0,0,0,0,0,1,ceramic,light,damaged,high,formal,21.05
Resistor,11.54,52.74,0,0,0,0,0,1,ceramic,light,broken,high,formal,37.69
Resistor,10.12,41.4,0,0,0,0,0,1,ceramic,light,broken,high,informal,42.04
Resistor,4.28,6.48,0,0,0,0,0,1,ceramic,light,broken,medium,informal,35.56
Resistor,5.0,57.6,0,0,0,0,0,1,ceramic,light,damaged,high,none,22.97
Resistor,9.1,54.77,0,0,0,0,0,1,ceramic,light,broken,low,none,27.67
Resistor,4.96,34.58,0,0,0,0,0,1,ceramic,light,broken,low,none,30.52
Resistor,2.48,25.25,0,0,0,0,0,1,ceramic,light,broken,low,formal,19.85
Resistor,11.89,16.83,0,0,0,0,0,1,ceramic,light,broken,low,informal,38.05
Resistor,7.18,31.8,0,0,0,0,0,1,ceramic,light,broken,low,informal,36.5
Resistor,2.29,35.76,0,0,0,0,0,1,ceramic,light,damaged,medium,informal,21.01
Resistor,10.45,41.68,0,0,0,0,0,1,ceramic,light,working,medium,formal,26.17
Resistor,9.48,59.49,0,0,0,0,0,1,ceramic,light,damaged,medium,formal,29.86
Resistor,2.43,15.94,0,0,0,0,0,1,ceramic,light,damaged,high,informal,29.12
Resistor,11.17,5.68,0,0,0,0,0,1,ceramic,light,damaged,high,formal,28.03
Resistor,1.14,7.27,0,0,0,0,0,1,ceramic,light,broken,medium,none,28.22
Resistor,4.33,35.56,0,0,0,0,0,1,ceramic,light,damaged,high,none,23.73
Resistor,11.17,15.45,0,0,0,0,0,1,ceramic,light,damaged,medium,formal,35.72
Resistor,1.99,51.45,0,0,0,0,0,1,ceramic,light,damaged,high,none,28.92
Resistor,1.46,54.92,0,0,0,0,0,1,ceramic,light,damaged,medium,informal,15.73
Resistor,5.8,15.11,0,0,0,0,0,1,ceramic,light,damaged,high,none,30.75
Resistor,10.55,3.17,0,0,0,0,0,1,ceramic,light,broken,low,none,25.4
Resistor,7.2,33.18,0,0,0,0,0,1,ceramic,light,broken,low,informal,37.06
Resistor,2.99,48.18,0,0,0,0,0,1,ceramic,light,damaged,low,none,19.25
Resistor,1.55,30.89,0,0,0,0,0,1,ceramic,light,working,medium,informal,7.39
Resistor,5.43,13.61,0,0,0,0,0,1,ceramic,light,damaged,high,none,36.5
Resistor,2.17,1.8,0,0,0,0,0,1,ceramic,light,broken,medium,informal,26.83
Resistor,6.04,58.12,0,0,0,0,0,1,ceramic,light,damaged,low,formal,21.45
Resistor,2.85,46.01,0,0,0,0,0,1,ceramic,light,damaged,low,none,15.35
Resistor,5.35,55.22,0,0,0,0,0,1,ceramic,light,broken,medium,informal,30.38
Resistor,6.88,14.61,0,0,0,0,0,1,ceramic,light,working,high,formal,20.74
Resistor,6.15,1.12,0,0,0,0,0,1,ceramic,light,working,medium,none,13.74
Resistor,3.13,25.39,0,0,0,0,0,1,ceramic,light,damaged,high,informal,30.62
Resistor,9.09,6.6,0,0,0,0,0,1,ceramic,light,damaged,low,formal,16.45
Resistor,6.05,17.9,0,0,0,0,0,1,ceramic,light,broken,medium,informal,33.95
Resistor,0.97,53.57,0,0,0,0,0,1,ceramic,light,broken,low,formal,6.76
Resistor,2.15,39.67,0,0,0,0,0,1,ceramic,light,damaged,high,none,36.22
Resistor,8.42,30.77,0,0,0,0,0,1,ceramic,light,damaged,medium,informal,27.25
Resistor,7.91,36.78,0,0,0,0,0,1,ceramic,light,broken,medium,informal,34.37
Resistor,3.28,0.1,0,0,0,0,0,1,ceramic,light,damaged,medium,none,30.54
Resistor,4.66,23.65,0,0,0,0,0,1,ceramic,light,working,low,none,16.07
Resistor,8.41,28.28,0,0,0,0,0,1,ceramic,light,broken,medium,formal,24.38
Resistor,10.8,51.7,0,0,0,0,0,1,ceramic,light,working,low,formal,6.8
Resistor,10.72,27.19,0,0,0,0,0,1,ceramic,light,damaged,high,none,40.79
Resistor,10.2,30.74,0,0,0,0,0,1,ceramic,light,broken,low,informal,34.81
Resistor,0.96,45.78,0,0,0,0,0,1,ceramic,light,working,medium,formal,13.97
Resistor,11.39,17.51,0,0,0,0,0,1,ceramic,light,working,low,none,24.0
Resistor,6.24,28.49,0,0,0,0,0,1,ceramic,light,working,medium,formal,18.0
Resistor,11.74,47.8,0,0,0,0,0,1,ceramic,light,damaged,low,none,26.25
Resistor,2.93,33.42,0,0,0,0,0,1,ceramic,light,broken,medium,formal,22.61
Resistor,5.84,44.89,0,0,0,0,0,1,ceramic,light,working,low,none,12.94
Resistor,2.94,20.42,0,0,0,0,0,1,ceramic,light,damaged,high,none,30.57
Resistor,8.83,11.17,0,0,0,0,0,1,ceramic,light,broken,high,formal,35.04
Resistor,1.43,39.41,0,0,0,0,0,1,ceramic,light,damaged,low,informal,21.25
Resistor,11.92,40.71,0,0,0,0,0,1,ceramic,light,broken,low,formal,24.23
Resistor,3.2,11.57,0,0,0,0,0,1,ceramic,light,damaged,medium,none,19.49
Resistor,2.62,27.88,0,0,0,0,0,1,ceramic,light,working,medium,formal,6.65
Resistor,7.31,45.53,0,0,0,0,0,1,ceramic,light,working,medium,none,20.69
Resistor,9.33,48.18,0,0,0,0,0,1,ceramic,light,broken,high,informal,49.79
Resistor,8.52,59.73,0,0,0,0,0,1,ceramic,light,working,medium,formal,18.54
Resistor,3.52,13.36,0,0,0,0,0,1,ceramic,light,broken,low,none,20.93
Resistor,3.41,37.74,0,0,0,0,0,1,ceramic,light,broken,high,none,38.42
Resistor,11.6,34.89,0,0,0,0,0,1,ceramic,light,broken,high,none,48.71
Resistor,1.96,23.76,0,0,0,0,0,1,ceramic,light,damaged,medium,formal,15.85
Resistor,9.77,0.56,0,0,0,0,0,1,ceramic,light,damaged,low,informal,25.3
Resistor,6.12,39.16,0,0,0,0,0,1,ceramic,light,working,low,formal,6.85
Resistor,11.7,23.84,0,0,0,0,0,1,ceramic,light,damaged,low,informal,19.48
Resistor,2.07,41.26,0,0,0,0,0,1,ceramic,light,broken,medium,informal,26.55
Resistor,11.57,49.89,0,0,0,0,0,1,ceramic,light,damaged,high,formal,24.79
Resistor,2.35,25.58,0,0,0,0,0,1,ceramic,light,working,medium,informal,17.22
Resistor,6.61,8.79,0,0,0,0,0,1,ceramic,light,working,medium,none,18.81
Resistor,10.5,4.35,0,0,0,0,0,1,ceramic,light,broken,medium,informal,36.88
Resistor,4.06,17.83,0,0,0,0,0,1,ceramic,light,damaged,high,none,34.13
Resistor,3.46,37.09,0,0,0,0,0,1,ceramic,light,damaged,high,informal,33.57
Resistor,7.9,52.93,0,0,0,0,0,1,ceramic,light,damaged,low,informal,31.72
Resistor,11.44,29.14,0,0,0,0,0,1,ceramic,light,damaged,medium,formal,21.31
Resistor,3.42,55.14,0,0,0,0,0,1,ceramic,light,damaged,low,formal,18.47
Resistor,10.16,17.54,0,0,0,0,0,1,ceramic,light,broken,medium,none,40.02
Resistor,7.36,7.37,0,0,0,0,0,1,ceramic,light,broken,low,formal,26.62
Resistor,10.14,30.95,0,0,0,0,0,1,ceramic,light,damaged,high,formal,36.73
Resistor,10.35,13.86,0,0,0,0,0,1,ceramic,light,broken,low,informal,34.73
Resistor,9.09,48.28,0,0,0,0,0,1,ceramic,light,broken,high,informal,47.9
Resistor,2.49,2.88,0,0,0,0,0,1,ceramic,light,working,low,informal,5.98
Resistor,10.78,4.22,0,0,0,0,0,1,ceramic,light,broken,medium,formal,36.52
Resistor,8.31,45.81,0,0,0,0,0,1,ceramic,light,damaged,high,formal,28.02
Resistor,2.93,14.33,0,0,0,0,0,1,ceramic,light,broken,low,informal,25.45
Resistor,6.62,53.92,0,0,0,0,0,1,ceramic,light,broken,high,none,37.12
Resistor,5.12,38.8,0,0,0,0,0,1,ceramic,light,damaged,medium,informal,28.05
Resistor,11.24,2.11,0,0,0,0,0,1,ceramic,light,broken,high,none,37.23
Resistor,6.77,45.92,0,0,0,0,0,1,ceramic,light,broken,high,formal,34.52
Resistor,7.4,19.94,0,0,0,0,0,1,ceramic,light,working,low,formal,9.94
Resistor,3.77,57.6,0,0,0,0,0,1,ceramic,light,damaged,low,formal,17.27
Resistor,1.87,6.18,0,0,0,0,0,1,ceramic,light,working,medium,formal,13.01
Resistor,5.38,54.94,0,0,0,0,0,1,ceramic,light,damaged,medium,none,24.01
Resistor,1.34,5.38,0,0,0,0,0,1,ceramic,light,damaged,medium,none,19.81
Resistor,7.36,30.05,0,0,0,0,0,1,ceramic,light,broken,high,none,42.81
Resistor,3.42,46.35,0,0,0,0,0,1,ceramic,light,damaged,low,none,20.34
Resistor,3.67,21.05,0,0,0,0,0,1,ceramic,light,working,medium,informal,17.05
Resistor,8.06,0.95,0,0,0,0,0,1,ceramic,light,working,low,informal,19.8
Resistor,3.32,34.47,0,0,0,0,0,1,ceramic,light,broken,medium,informal,31.08
Resistor,6.53,8.1,0,0,0,0,0,1,ceramic,light,working,low,informal,15.46
Resistor,2.7,54.68,0,0,0,0,0,1,ceramic,light,working,medium,informal,16.34
Resistor,8.24,35.33,0,0,0,0,0,1,ceramic,light,working,high,informal,28.47
Resistor,11.82,46.23,0,0,0,0,0,1,ceramic,light,broken,medium,informal,43.84
Resistor,9.19,52.82,0,0,0,0,0,1,ceramic,light,broken,medium,none,36.94
Resistor,2.57,20.85,0,0,0,0,0,1,ceramic,light,broken,low,informal,20.3
Resistor,7.32,7.25,0,0,0,0,0,1,ceramic,light,damaged,medium,formal,20.37
Resistor,5.73,44.87,0,0,0,0,0,1,ceramic,light,damaged,low,informal,21.68
Resistor,11.5,23.48,0,0,0,0,0,1,ceramic,light,damaged,high,none,38.95
Resistor,11.71,41.34,0,0,0,0,0,1,ceramic,light,broken,medium,none,43.82
Resistor,3.84,18.22,0,0,0,0,0,1,ceramic,light,broken,medium,informal,34.5
Resistor,1.77,49.77,0,0,0,0,0,1,ceramic,light,damaged,low,informal,16.84
Resistor,3.75,19.41,0,0,0,0,0,1,ceramic,light,damaged,low,none,19.74
Resistor,4.77,38.76,0,0,0,0,0,1,ceramic,light,damaged,medium,none,24.03
Resistor,8.44,6.85,0,0,0,0,0,1,ceramic,light,damaged,medium,formal,18.04
Resistor,5.87,42.29,0,0,0,0,0,1,ceramic,light,damaged,medium,formal,13.24
Resistor,8.4,34.07,0,0,0,0,0,1,ceramic,light,damaged,high,informal,41.64
Resistor,7.82,39.6,0,0,0,0,0,1,ceramic,light,damaged,low,formal,6.99
transistor,7.85,52.37,0,0,0,0,0,1,semiconductor,light,damaged,low,none,33.51
transistor,0.68,6.44,0,0,0,0,0,1,semiconductor,light,working,high,formal,20.02
transistor,6.21,28.37,0,0,0,0,0,1,semiconductor,light,damaged,high,formal,37.3
transistor,0.85,40.38,0,0,0,0,0,1,semiconductor,light,broken,high,none,34.41
transistor,4.17,35.19,0,0,0,0,0,1,semiconductor,light,working,medium,formal,20.04
transistor,4.49,33.72,0,0,0,0,0,1,semiconductor,light,damaged,medium,none,27.9
transistor,3.91,37.64,0,0,0,0,0,1,semiconductor,light,damaged,low,informal,29.82
transistor,7.0,28.1,0,0,0,0,0,1,semiconductor,light,broken,high,none,48.09
transistor,9.85,38.57,0,0,0,0,0,1,semiconductor,light,damaged,high,none,40.68
transistor,1.87,4.84,0,0,0,0,0,1,semiconductor,light,working,low,informal,21.07
transistor,8.57,59.18,0,0,0,0,0,1,semiconductor,light,damaged,medium,informal,41.42
transistor,0.6,0.11,0,0,0,0,0,1,semiconductor,light,working,low,none,25.14
transistor,2.86,53.68,0,0,0,0,0,1,semiconductor,light,broken,high,none,39.73
transistor,2.52,48.37,0,0,0,0,0,1,semiconductor,light,broken,high,informal,33.94
transistor,9.22,5.86,0,0,0,0,0,1,semiconductor,light,working,high,informal,35.81
transistor,10.01,49.03,0,0,0,0,0,1,semiconductor,light,broken,medium,none,46.65
transistor,2.24,4.93,0,0,0,0,0,1,semiconductor,light,damaged,high,informal,36.84
transistor,2.91,56.93,0,0,0,0,0,1,semiconductor,light,working,high,informal,31.56
transistor,6.25,25.35,0,0,0,0,0,1,semiconductor,light,working,medium,formal,17.26
transistor,6.12,47.88,0,0,0,0,0,1,semiconductor,light,damaged,high,informal,37.23
transistor,8.43,40.06,0,0,0,0,0,1,semiconductor,light,damaged,medium,formal,30.62
transistor,3.32,46.08,0,0,0,0,0,1,semiconductor,light,working,low,formal,13.94
transistor,9.47,45.35,0,0,0,0,0,1,semiconductor,light,broken,low,informal,36.13
transistor,7.97,5.06,0,0,0,0,0,1,semiconductor,light,working,medium,none,28.49
transistor,2.18,11.12,0,0,0,0,0,1,semiconductor,light,working,low,formal,17.18
transistor,5.54,46.56,0,0,0,0,0,1,semiconductor,light,broken,low,formal,23.17
transistor,10.6,4.8,0,0,0,0,0,1,semiconductor,light,working,low,informal,27.88
transistor,10.7,24.66,0,0,0,0,0,1,semiconductor,light,damaged,medium,formal,31.15
transistor,2.09,7.95,0,0,0,0,0,1,semiconductor,light,working,low,informal,17.85
transistor,11.86,22.35,0,0,0,0,0,1,semiconductor,light,damaged,medium,formal,33.02
transistor,2.15,56.71,0,0,0,0,0,1,semiconductor,light,broken,low,formal,18.44
transistor,4.68,7.75,0,0,0,0,0,1,semiconductor,light,damaged,medium,informal,30.37
transistor,1.58,25.69,0,0,0,0,0,1,semiconductor,light,broken,medium,none,34.38
transistor,10.35,4.55,0,0,0,0,0,1,semiconductor,light,damaged,high,none,46.5
transistor,11.56,46.78,0,0,0,0,0,1,semiconductor,light,broken,high,none,51.22
transistor,9.99,50.63,0,0,0,0,0,1,semiconductor,light,damaged,medium,formal,31.16
transistor,11.26,35.17,0,0,0,0,0,1,semiconductor,light,damaged,low,none,33.56
transistor,7.92,21.97,0,0,0,0,0,1,semiconductor,light,damaged,low,none,31.18
transistor,1.51,37.85,0,0,0,0,0,1,semiconductor,light,damaged,medium,none,23.05
transistor,9.58,31.78,0,0,0,0,0,1,semiconductor,light,working,low,informal,26.05
transistor,9.77,26.27,0,0,0,0,0,1,semiconductor,light,damaged,high,informal,45.91
transistor,7.73,44.05,0,0,0,0,0,1,semiconductor,light,damaged,high,formal,28.94
transistor,11.44,32.3,0,0,0,0,0,1,semiconductor,light,damaged,low,informal,37.03
transistor,0.96,32.8,0,0,0,0,0,1,semiconductor,light,working,high,none,28.1
transistor,0.74,51.52,0,0,0,0,0,1,semiconductor,light,broken,medium,none,38.77
transistor,4.41,19.36,0,0,0,0,0,1,semiconductor,light,damaged,low,none,22.36
transistor,4.51,24.01,0,0,0,0,0,1,semiconductor,light,broken,medium,informal,37.0
transistor,11.67,22.35,0,0,0,0,0,1,semiconductor,light,damaged,low,formal,21.89
transistor,9.01,46.2,0,0,0,0,0,1,semiconductor,light,broken,high,formal,36.69
transistor,10.92,35.11,0,0,0,0,0,1,semiconductor,light,working,high,none,30.65
transistor,1.5,51.74,0,0,0,0,0,1,semiconductor,light,damaged,medium,none,24.69
transistor,5.24,4.41,0,0,0,0,0,1,semiconductor,light,damaged,low,none,26.43
transistor,2.91,19.71,0,0,0,0,0,1,semiconductor,light,broken,high,formal,35.23
transistor,4.99,45.97,0,0,0,0,0,1,semiconductor,light,damaged,medium,informal,30.52
transistor,9.11,54.13,0,0,0,0,0,1,semiconductor,light,working,medium,formal,26.97
transistor,4.66,55.95,0,0,0,0,0,1,semiconductor,light,damaged,high,none,35.26
transistor,1.69,13.88,0,0,0,0,0,1,semiconductor,light,damaged,low,informal,26.42
transistor,5.49,47.14,0,0,0,0,0,1,semiconductor,light,broken,high,formal,37.44
transistor,6.2,20.87,0,0,0,0,0,1,semiconductor,light,damaged,medium,none,36.75
transistor,11.8,3.61,0,0,0,0,0,1,semiconductor,light,damaged,high,formal,26.28
transistor,7.53,14.38,0,0,0,0,0,1,semiconductor,light,broken,medium,informal,36.14
transistor,3.78,25.0,0,0,0,0,0,1,semiconductor,light,damaged,medium,informal,32.05
transistor,7.02,39.25,0,0,0,0,0,1,semiconductor,light,damaged,low,none,26.61
transistor,5.18,29.92,0,0,0,0,0,1,semiconductor,light,damaged,medium,formal,27.84
transistor,8.8,3.73,0,0,0,0,0,1,semiconductor,light,damaged,high,informal,43.6
transistor,5.23,11.04,0,0,0,0,0,1,semiconductor,light,broken,medium,none,37.78
transistor,4.43,20.12,0,0,0,0,0,1,semiconductor,light,broken,medium,formal,29.93
transistor,0.99,27.76,0,0,0,0,0,1,semiconductor,light,damaged,high,informal,27.12
transistor,11.8,10.85,0,0,0,0,0,1,semiconductor,light,damaged,low,none,28.89
transistor,10.1,56.16,0,0,0,0,0,1,semiconductor,light,broken,medium,none,53.34
transistor,2.29,15.22,0,0,0,0,0,1,semiconductor,light,working,medium,none,21.36
transistor,7.76,30.84,0,0,0,0,0,1,semiconductor,light,broken,medium,none,41.35
transistor,8.29,41.87,0,0,0,0,0,1,semiconductor,light,damaged,high,formal,40.17
transistor,6.17,53.35,0,0,0,0,0,1,semiconductor,light,damaged,medium,none,29.16
transistor,5.84,30.97,0,0,0,0,0,1,semiconductor,light,damaged,medium,none,28.47
transistor,8.48,36.16,0,0,0,0,0,1,semiconductor,light,working,medium,informal,31.47
transistor,8.54,38.33,0,0,0,0,0,1,semiconductor,light,damaged,high,none,45.36
transistor,4.34,52.88,0,0,0,0,0,1,semiconductor,light,damaged,high,informal,39.31
transistor,3.01,32.55,0,0,0,0,0,1,semiconductor,light,damaged,medium,informal,31.57
transistor,8.37,13.04,0,0,0,0,0,1,semiconductor,light,broken,high,none,49.74
transistor,4.3,32.14,0,0,0,0,0,1,semiconductor,light,working,medium,formal,25.25
transistor,4.99,29.92,0,0,0,0,0,1,semiconductor,light,broken,low,none,34.87
transistor,2.46,2.21,0,0,0,0,0,1,semiconductor,light,working,high,informal,28.24
transistor,0.76,43.01,0,0,0,0,0,1,semiconductor,light,working,high,formal,23.22
transistor,4.47,45.68,0,0,0,0,0,1,semiconductor,light,broken,medium,none,37.46
transistor,8.06,11.57,0,0,0,0,0,1,semiconductor,light,damaged,low,informal,29.57
transistor,2.84,38.64,0,0,0,0,0,1,semiconductor,light,broken,low,informal,34.68
transistor,6.32,32.63,0,0,0,0,0,1,semiconductor,light,damaged,medium,formal,27.16
transistor,5.2,3.16,0,0,0,0,0,1,semiconductor,light,damaged,medium,informal,36.82
transistor,1.6,21.28,0,0,0,0,0,1,semiconductor,light,damaged,high,none,25.61
transistor,7.17,31.23,0,0,0,0,0,1,semiconductor,light,broken,high,none,46.44
transistor,0.71,3.73,0,0,0,0,0,1,semiconductor,light,broken,high,informal,46.69
transistor,10.75,35.62,0,0,0,0,0,1,semiconductor,light,broken,medium,formal,31.11
transistor,6.84,6.34,0,0,0,0,0,1,semiconductor,light,broken,low,formal,20.06
transistor,6.56,32.24,0,0,0,0,0,1,semiconductor,light,damaged,high,informal,45.86
transistor,0.79,34.24,0,0,0,0,0,1,semiconductor,light,broken,low,informal,31.88
transistor,11.15,21.2,0,0,0,0,0,1,semiconductor,light,damaged,high,formal,36.67
transistor,6.41,50.15,0,0,0,0,0,1,semiconductor,light,broken,medium,formal,37.08
transistor,6.02,51.54,0,0,0,0,0,1,semiconductor,light,broken,high,none,37.4
transistor,9.41,44.39,0,0,0,0,0,1,semiconductor,light,damaged,low,none,39.71
transistor,5.74,21.81,0,0,0,0,0,1,semiconductor,light,damaged,medium,formal,23.86
transistor,2.65,24.39,0,0,0,0,0,1,semiconductor,light,broken,high,none,42.44
transistor,11.31,8.44,0,0,0,0,0,1,semiconductor,light,working,medium,formal,26.03
transistor,11.66,15.29,0,0,0,0,0,1,semiconductor,light,damaged,medium,formal,34.88
transistor,7.29,26.6,0,0,0,0,0,1,semiconductor,light,damaged,medium,formal,19.42
transistor,0.52,18.48,0,0,0,0,0,1,semiconductor,light,damaged,medium,formal,20.73
transistor,6.34,41.55,0,0,0,0,0,1,semiconductor,light,damaged,high,informal,45.11
transistor,5.42,42.1,0,0,0,0,0,1,semiconductor,light,damaged,medium,none,30.84
transistor,2.51,20.32,0,0,0,0,0,1,semiconductor,light,working,medium,formal,20.38
transistor,9.55,21.88,0,0,0,0,0,1,semiconductor,light,broken,medium,informal,44.89
transistor,10.11,43.8,0,0,0,0,0,1,semiconductor,light,broken,low,informal,40.05
transistor,8.36,35.28,0,0,0,0,0,1,semiconductor,light,broken,medium,informal,46.58
transistor,1.92,41.42,0,0,0,0,0,1,semiconductor,light,broken,low,none,24.32
transistor,5.33,11.66,0,0,0,0,0,1,semiconductor,light,damaged,medium,none,29.49
transistor,9.4,36.43,0,0,0,0,0,1,semiconductor,light,working,high,none,35.7
transistor,5.87,25.2,0,0,0,0,0,1,semiconductor,light,broken,medium,formal,26.69
transistor,11.39,55.23,0,0,0,0,0,1,semiconductor,light,damaged,medium,formal,31.26
transistor,2.34,0.47,0,0,0,0,0,1,semiconductor,light,damaged,low,formal,14.79
transistor,1.38,12.31,0,0,0,0,0,1,semiconductor,light,broken,high,informal,37.58
transistor,1.3,15.46,0,0,0,0,0,1,semiconductor,light,damaged,high,informal,33.59
transistor,5.01,7.11,0,0,0,0,0,1,semiconductor,light,broken,medium,none,42.87
transistor,10.93,55.26,0,0,0,0,0,1,semiconductor,light,damaged,medium,formal,31.37
transistor,11.26,27.48,0,0,0,0,0,1,semiconductor,light,working,medium,formal,35.58
transistor,4.38,4.31,0,0,0,0,0,1,semiconductor,light,broken,high,none,41.74
transistor,4.72,45.65,0,0,0,0,0,1,semiconductor,light,damaged,low,formal,17.08
transistor,11.98,2.96,0,0,0,0,0,1,semiconductor,light,damaged,medium,informal,36.47
transistor,7.07,9.01,0,0,0,0,0,1,semiconductor,light,broken,medium,informal,42.88
transistor,10.11,36.5,0,0,0,0,0,1,semiconductor,light,damaged,medium,none,37.33
transistor,10.59,6.24,0,0,0,0,0,1,semiconductor,light,damaged,high,informal,40.32
transistor,7.43,59.99,0,0,0,0,0,1,semiconductor,light,damaged,low,formal,16.96
transistor,0.99,33.53,0,0,0,0,0,1,semiconductor,light,damaged,low,none,17.68
transistor,4.46,59.43,0,0,0,0,0,1,semiconductor,light,damaged,high,informal,40.85
transistor,9.62,46.14,0,0,0,0,0,1,semiconductor,light,damaged,high,none,35.62
transistor,5.08,45.5,0,0,0,0,0,1,semiconductor,light,damaged,low,formal,22.91
transistor,8.35,15.07,0,0,0,0,0,1,semiconductor,light,damaged,high,informal,39.17
transistor,7.0,30.24,0,0,0,0,0,1,semiconductor,light,working,low,formal,13.09
transistor,11.82,28.12,0,0,0,0,0,1,semiconductor,light,broken,high,informal,46.36
transistor,8.42,16.35,0,0,0,0,0,1,semiconductor,light,broken,low,none,38.55
transistor,1.65,52.87,0,0,0,0,0,1,semiconductor,light,damaged,medium,informal,33.65
transistor,11.4,2.49,0,0,0,0,0,1,semiconductor,light,broken,medium,none,36.78
transistor,4.91,28.32,0,0,0,0,0,1,semiconductor,light,broken,medium,informal,43.33
transistor,7.2,8.61,0,0,0,0,0,1,semiconductor,light,damaged,medium,informal,38.19
transistor,10.51,46.55,0,0,0,0,0,1,semiconductor,light,working,high,informal,34.52
transistor,8.21,14.19,0,0,0,0,0,1,semiconductor,light,damaged,low,formal,26.53
transistor,1.56,14.39,0,0,0,0,0,1,semiconductor,light,working,medium,formal,9.85
transistor,11.37,55.99,0,0,0,0,0,1,semiconductor,light,working,medium,formal,25.32
transistor,11.22,31.38,0,0,0,0,0,1,semiconductor,light,working,medium,formal,30.46
transistor,5.9,23.03,0,0,0,0,0,1,semiconductor,light,working,low,formal,11.01
transistor,9.79,8.12,0,0,0,0,0,1,semiconductor,light,damaged,medium,formal,28.13
transistor,5.1,35.58,0,0,0,0,0,1,semiconductor,light,damaged,medium,informal,40.61
heat-sink,8.2,1.61,0,0,0,0,0,1,metal,light,damaged,low,formal,19.15
heat-sink,10.65,4.21,0,0,0,0,0,1,metal,light,damaged,medium,formal,21.71
heat-sink,9.3,44.66,0,0,0,0,0,1,metal,light,broken,low,formal,24.2
heat-sink,10.79,3.44,0,0,0,0,0,1,metal,light,damaged,medium,formal,24.91
heat-sink,6.41,36.58,0,0,0,0,0,1,metal,light,working,medium,informal,21.27
heat-sink,4.44,16.01,0,0,0,0,0,1,metal,light,broken,high,formal,25.92
heat-sink,9.36,6.63,0,0,0,0,0,1,metal,light,working,medium,formal,15.52
heat-sink,11.79,42.69,0,0,0,0,0,1,metal,light,damaged,medium,none,29.46
heat-sink,8.67,45.7,0,0,0,0,0,1,metal,light,broken,low,none,26.48
heat-sink,8.33,14.86,0,0,0,0,0,1,metal,light,damaged,medium,informal,20.07
heat-sink,5.58,31.76,0,0,0,0,0,1,metal,light,damaged,medium,formal,17.11
heat-sink,9.54,10.16,0,0,0,0,0,1,metal,light,working,high,informal,21.2
heat-sink,11.44,42.86,0,0,0,0,0,1,metal,light,damaged,medium,informal,30.09
heat-sink,6.41,0.64,0,0,0,0,0,1,metal,light,damaged,medium,informal,21.23
heat-sink,2.96,33.11,0,0,0,0,0,1,metal,light,broken,low,formal,11.34
heat-sink,4.86,49.09,0,0,0,0,0,1,metal,light,broken,low,informal,20.54
heat-sink,7.82,31.31,0,0,0,0,0,1,metal,light,damaged,low,informal,26.61
heat-sink,9.28,8.05,0,0,0,0,0,1,metal,light,working,high,informal,24.39
heat-sink,10.36,3.5,0,0,0,0,0,1,metal,light,damaged,medium,none,25.1
heat-sink,5.18,51.95,0,0,0,0,0,1,metal,light,broken,high,none,30.81
heat-sink,0.57,2.87,0,0,0,0,0,1,metal,light,working,medium,none,10.57
heat-sink,5.83,6.22,0,0,0,0,0,1,metal,light,damaged,medium,informal,23.83
heat-sink,5.54,1.05,0,0,0,0,0,1,metal,light,broken,medium,informal,30.71
heat-sink,3.5,47.96,0,0,0,0,0,1,metal,light,damaged,low,informal,14.12
heat-sink,2.76,45.47,0,0,0,0,0,1,metal,light,damaged,high,none,25.31
heat-sink,7.88,40.14,0,0,0,0,0,1,metal,light,broken,medium,informal,29.34
heat-sink,7.82,17.88,0,0,0,0,0,1,metal,light,working,medium,formal,4.95
heat-sink,9.15,22.52,0,0,0,0,0,1,metal,light,damaged,medium,none,30.04
heat-sink,4.6,57.83,0,0,0,0,0,1,metal,light,broken,high,none,38.23
heat-sink,9.03,41.77,0,0,0,0,0,1,metal,light,broken,high,none,27.46
heat-sink,4.51,49.98,0,0,0,0,0,1,metal,light,damaged,medium,informal,22.25
heat-sink,3.01,37.53,0,0,0,0,0,1,metal,light,damaged,high,informal,26.21
heat-sink,3.13,22.92,0,0,0,0,0,1,metal,light,damaged,low,informal,12.35
heat-sink,0.64,10.29,0,0,0,0,0,1,metal,light,broken,low,formal,13.77
heat-sink,9.21,35.17,0,0,0,0,0,1,metal,light,broken,high,formal,31.08
heat-sink,6.86,38.66,0,0,0,0,0,1,metal,light,working,high,informal,24.63
heat-sink,1.16,56.24,0,0,0,0,0,1,metal,light,damaged,medium,informal,16.49
heat-sink,1.38,42.36,0,0,0,0,0,1,metal,light,damaged,medium,formal,3.74
heat-sink,8.78,50.03,0,0,0,0,0,1,metal,light,damaged,medium,formal,28.42
heat-sink,11.06,22.89,0,0,0,0,0,1,metal,light,broken,medium,none,31.3
heat-sink,5.08,19.15,0,0,0,0,0,1,metal,light,broken,low,formal,16.64
heat-sink,5.12,11.22,0,0,0,0,0,1,metal,light,damaged,medium,informal,22.1
heat-sink,0.97,39.37,0,0,0,0,0,1,metal,light,broken,high,none,28.02
heat-sink,4.21,0.81,0,0,0,0,0,1,metal,light,broken,high,none,30.38
heat-sink,3.16,15.11,0,0,0,0,0,1,metal,light,damaged,high,formal,16.61
heat-sink,9.8,55.22,0,0,0,0,0,1,metal,light,damaged,medium,none,29.17
heat-sink,6.59,41.07,0,0,0,0,0,1,metal,light,damaged,low,none,21.28
heat-sink,3.77,19.07,0,0,0,0,0,1,metal,light,damaged,high,informal,22.93
heat-sink,10.65,18.45,0,0,0,0,0,1,metal,light,damaged,high,formal,25.28
heat-sink,4.59,19.33,0,0,0,0,0,1,metal,light,damaged,low,none,5.54
heat-sink,11.25,33.92,0,0,0,0,0,1,metal,light,damaged,low,none,25.21
heat-sink,11.76,35.73,0,0,0,0,0,1,metal,light,broken,medium,formal,21.02
heat-sink,9.67,2.11,0,0,0,0,0,1,metal,light,broken,low,none,27.81
heat-sink,7.37,27.46,0,0,0,0,0,1,metal,light,damaged,medium,informal,19.93
heat-sink,5.54,21.54,0,0,0,0,0,1,metal,light,damaged,low,none,11.04
heat-sink,5.99,51.99,0,0,0,0,0,1,metal,light,working,medium,informal,16.2
heat-sink,2.45,49.05,0,0,0,0,0,1,metal,light,damaged,medium,none,20.06
heat-sink,7.74,44.45,0,0,0,0,0,1,metal,light,broken,low,none,26.38
heat-sink,7.56,4.18,0,0,0,0,0,1,metal,light,damaged,low,none,21.49
heat-sink,2.61,36.37,0,0,0,0,0,1,metal,light,working,medium,none,10.38
heat-sink,8.81,48.91,0,0,0,0,0,1,metal,light,broken,low,informal,28.51
heat-sink,2.69,33.17,0,0,0,0,0,1,metal,light,damaged,medium,none,25.16
heat-sink,5.19,1.6,0,0,0,0,0,1,metal,light,working,high,none,15.13
heat-sink,11.29,39.77,0,0,0,0,0,1,metal,light,broken,high,informal,45.69
heat-sink,6.01,11.18,0,0,0,0,0,1,metal,light,damaged,high,none,26.12
heat-sink,1.49,3.43,0,0,0,0,0,1,metal,light,damaged,medium,informal,24.82
heat-sink,0.57,59.38,0,0,0,0,0,1,metal,light,damaged,high,informal,23.84
heat-sink,8.66,31.65,0,0,0,0,0,1,metal,light,damaged,low,none,18.97
heat-sink,10.98,5.6,0,0,0,0,0,1,metal,light,damaged,high,formal,28.9
heat-sink,7.36,24.95,0,0,0,0,0,1,metal,light,damaged,low,none,27.21
heat-sink,9.08,40.25,0,0,0,0,0,1,metal,light,damaged,low,formal,15.74
heat-sink,4.03,6.12,0,0,0,0,0,1,metal,light,working,medium,none,17.38
heat-sink,11.07,53.81,0,0,0,0,0,1,metal,light,broken,high,informal,42.61
heat-sink,2.96,16.04,0,0,0,0,0,1,metal,light,working,medium,informal,10.1
heat-sink,2.27,27.2,0,0,0,0,0,1,metal,light,broken,medium,none,20.83
heat-sink,7.12,27.81,0,0,0,0,0,1,metal,light,damaged,high,none,26.81
heat-sink,11.34,23.9,0,0,0,0,0,1,metal,light,working,medium,formal,10.29
heat-sink,5.06,6.68,0,0,0,0,0,1,metal,light,working,medium,informal,12.39
heat-sink,8.65,39.63,0,0,0,0,0,1,metal,light,working,medium,formal,14.29
heat-sink,2.82,20.49,0,0,0,0,0,1,metal,light,broken,medium,none,26.04
heat-sink,3.54,12.61,0,0,0,0,0,1,metal,light,broken,medium,none,32.52
heat-sink,8.96,16.21,0,0,0,0,0,1,metal,light,damaged,high,informal,39.6
heat-sink,6.78,42.16,0,0,0,0,0,1,metal,light,broken,medium,informal,31.7
heat-sink,8.91,27.8,0,0,0,0,0,1,metal,light,damaged,medium,none,26.43
heat-sink,10.66,6.52,0,0,0,0,0,1,metal,light,damaged,medium,none,22.47
heat-sink,0.8,33.93,0,0,0,0,0,1,metal,light,working,high,none,20.74
heat-sink,5.8,25.76,0,0,0,0,0,1,metal,light,broken,medium,formal,20.03
heat-sink,2.15,1.57,0,0,0,0,0,1,metal,light,working,high,formal,12.61
heat-sink,8.88,15.12,0,0,0,0,0,1,metal,light,damaged,high,formal,19.74
heat-sink,1.76,29.4,0,0,0,0,0,1,metal,light,damaged,medium,none,12.44
heat-sink,6.76,1.94,0,0,0,0,0,1,metal,light,damaged,low,informal,16.11
heat-sink,9.92,54.67,0,0,0,0,0,1,metal,light,broken,medium,informal,36.36
heat-sink,11.02,19.25,0,0,0,0,0,1,metal,light,broken,low,formal,26.14
heat-sink,9.57,55.8,0,0,0,0,0,1,metal,light,working,low,none,17.6
heat-sink,2.54,40.94,0,0,0,0,0,1,metal,light,damaged,low,formal,12.76
heat-sink,8.64,37.32,0,0,0,0,0,1,metal,light,damaged,medium,formal,19.64
heat-sink,5.2,1.72,0,0,0,0,0,1,metal,light,working,medium,informal,15.66
heat-sink,6.82,4.7,0,0,0,0,0,1,metal,light,broken,low,none,22.05
heat-sink,0.5,52.94,0,0,0,0,0,1,metal,light,working,high,informal,13.12
heat-sink,1.32,46.05,0,0,0,0,0,1,metal,light,working,high,formal,15.6
heat-sink,6.01,43.38,0,0,0,0,0,1,metal,light,damaged,low,none,17.69
heat-sink,4.68,15.43,0,0,0,0,0,1,metal,light,broken,medium,informal,18.18
heat-sink,5.14,42.76,0,0,0,0,0,1,metal,light,broken,medium,informal,30.64
heat-sink,1.2,5.75,0,0,0,0,0,1,metal,light,working,medium,none,13.33
heat-sink,4.1,23.06,0,0,0,0,0,1,metal,light,broken,high,none,28.66
heat-sink,0.68,6.43,0,0,0,0,0,1,metal,light,damaged,medium,formal,8.45
heat-sink,2.07,10.87,0,0,0,0,0,1,metal,light,damaged,medium,informal,15.69
heat-sink,1.61,13.6,0,0,0,0,0,1,metal,light,broken,high,informal,24.54
heat-sink,11.04,38.57,0,0,0,0,0,1,metal,light,working,high,formal,15.51
heat-sink,5.01,38.76,0,0,0,0,0,1,metal,light,damaged,medium,informal,25.33
heat-sink,4.43,57.56,0,0,0,0,0,1,metal,light,broken,medium,formal,18.67
heat-sink,2.92,21.97,0,0,0,0,0,1,metal,light,broken,low,formal,16.0
heat-sink,6.18,16.59,0,0,0,0,0,1,metal,light,damaged,medium,informal,21.74
heat-sink,1.11,36.5,0,0,0,0,0,1,metal,light,broken,medium,none,20.19
heat-sink,8.7,56.12,0,0,0,0,0,1,metal,light,working,low,formal,9.67
heat-sink,7.11,5.03,0,0,0,0,0,1,metal,light,damaged,medium,informal,26.08
heat-sink,3.47,4.39,0,0,0,0,0,1,metal,light,broken,medium,informal,27.19
heat-sink,7.0,54.1,0,0,0,0,0,1,metal,light,damaged,high,none,27.14
heat-sink,7.13,56.03,0,0,0,0,0,1,metal,light,damaged,medium,formal,23.93
heat-sink,9.4,9.0,0,0,0,0,0,1,metal,light,damaged,low,none,23.84
heat-sink,2.32,54.25,0,0,0,0,0,1,metal,light,working,medium,none,8.08
heat-sink,6.19,5.08,0,0,0,0,0,1,metal,light,broken,medium,formal,22.28
heat-sink,6.98,4.62,0,0,0,0,0,1,metal,light,broken,high,none,29.24
heat-sink,0.9,39.09,0,0,0,0,0,1,metal,light,damaged,medium,none,10.42
heat-sink,2.43,0.59,0,0,0,0,0,1,metal,light,working,low,formal,0.0
heat-sink,2.58,45.01,0,0,0,0,0,1,metal,light,working,medium,informal,12.21
heat-sink,6.39,56.03,0,0,0,0,0,1,metal,light,working,medium,none,8.28
heat-sink,5.07,40.82,0,0,0,0,0,1,metal,light,broken,low,formal,19.6
heat-sink,4.24,13.97,0,0,0,0,0,1,metal,light,damaged,low,formal,8.66
heat-sink,3.33,55.98,0,0,0,0,0,1,metal,light,broken,high,formal,23.28
heat-sink,10.12,24.5,0,0,0,0,0,1,metal,light,damaged,medium,none,27.34
heat-sink,11.17,14.29,0,0,0,0,0,1,metal,light,damaged,low,none,22.96
heat-sink,2.28,51.69,0,0,0,0,0,1,metal,light,damaged,medium,formal,14.67
heat-sink,0.79,24.39,0,0,0,0,0,1,metal,light,working,medium,formal,1.64
heat-sink,3.4,52.66,0,0,0,0,0,1,metal,light,damaged,medium,informal,18.36
heat-sink,6.78,14.26,0,0,0,0,0,1,metal,light,damaged,medium,none,19.58
heat-sink,11.4,6.96,0,0,0,0,0,1,metal,light,damaged,medium,formal,23.36
heat-sink,6.07,32.27,0,0,0,0,0,1,metal,light,working,medium,none,17.1
heat-sink,7.1,15.93,0,0,0,0,0,1,metal,light,damaged,medium,informal,15.0
heat-sink,8.77,53.03,0,0,0,0,0,1,metal,light,working,high,informal,24.52
heat-sink,8.56,51.34,0,0,0,0,0,1,metal,light,damaged,high,formal,27.07
heat-sink,10.51,53.55,0,0,0,0,0,1,metal,light,damaged,medium,informal,24.11
heat-sink,11.77,19.19,0,0,0,0,0,1,metal,light,broken,medium,informal,35.7
heat-sink,7.07,56.27,0,0,0,0,0,1,metal,light,working,medium,none,15.1
heat-sink,9.07,54.3,0,0,0,0,0,1,metal,light,working,low,informal,15.28
heat-sink,1.2,31.33,0,0,0,0,0,1,metal,light,damaged,low,informal,7.37
heat-sink,5.0,59.4,0,0,0,0,0,1,metal,light,working,medium,none,12.96
heat-sink,8.51,6.64,0,0,0,0,0,1,metal,light,damaged,high,informal,34.25
heat-sink,8.58,44.75,0,0,0,0,0,1,metal,light,damaged,high,informal,33.95
heat-sink,5.3,45.02,0,0,0,0,0,1,metal,light,damaged,medium,none,19.05
Passive-Component,7.22,23.44,0,0,0,0,0,1,semiconductor,light,working,high,formal,27.23
Passive-Component,7.85,55.33,0,0,0,0,0,1,semiconductor,light,working,medium,none,32.16
Passive-Component,9.21,31.54,0,0,0,0,0,1,semiconductor,light,damaged,high,none,40.27
Passive-Component,11.96,26.08,0,0,0,0,0,1,semiconductor,light,working,medium,formal,31.0
Passive-Component,1.9,16.9,0,0,0,0,0,1,semiconductor,light,working,medium,formal,15.89
Passive-Component,7.08,57.88,0,0,0,0,0,1,semiconductor,light,broken,high,formal,40.77
Passive-Component,3.55,4.59,0,0,0,0,0,1,semiconductor,light,broken,low,informal,30.98
Passive-Component,11.89,45.41,0,0,0,0,0,1,semiconductor,light,broken,medium,none,40.78
Passive-Component,7.92,56.77,0,0,0,0,0,1,semiconductor,light,damaged,medium,none,39.26
Passive-Component,11.77,29.63,0,0,0,0,0,1,semiconductor,light,damaged,medium,none,36.94
Passive-Component,7.92,2.7,0,0,0,0,0,1,semiconductor,light,damaged,low,none,30.18
Passive-Component,9.68,2.8,0,0,0,0,0,1,semiconductor,light,working,medium,formal,17.51
Passive-Component,4.39,59.89,0,0,0,0,0,1,semiconductor,light,broken,high,none,38.14
Passive-Component,3.19,49.81,0,0,0,0,0,1,semiconductor,light,damaged,low,informal,23.81
Passive-Component,6.33,31.69,0,0,0,0,0,1,semiconductor,light,broken,medium,none,46.01
Passive-Component,11.2,54.46,0,0,0,0,0,1,semiconductor,light,working,low,informal,27.47
Passive-Component,5.46,38.46,0,0,0,0,0,1,semiconductor,light,broken,low,informal,36.63
Passive-Component,11.59,28.73,0,0,0,0,0,1,semiconductor,light,working,high,none,36.94
Passive-Component,4.58,53.25,0,0,0,0,0,1,semiconductor,light,broken,medium,informal,42.29
Passive-Component,5.56,18.14,0,0,0,0,0,1,semiconductor,light,working,medium,formal,13.97
Passive-Component,6.73,36.1,0,0,0,0,0,1,semiconductor,light,damaged,medium,informal,35.72
Passive-Component,11.86,26.38,0,0,0,0,0,1,semiconductor,light,damaged,low,none,39.05
Passive-Component,10.29,56.55,0,0,0,0,0,1,semiconductor,light,broken,medium,informal,54.55
Passive-Component,2.31,51.37,0,0,0,0,0,1,semiconductor,light,broken,medium,formal,23.17
Passive-Component,2.12,41.03,0,0,0,0,0,1,semiconductor,light,damaged,high,none,37.79
Passive-Component,1.03,55.92,0,0,0,0,0,1,semiconductor,light,damaged,high,informal,43.2
Passive-Component,8.67,3.38,0,0,0,0,0,1,semiconductor,light,damaged,high,none,39.48
Passive-Component,11.72,59.71,0,0,0,0,0,1,semiconductor,light,working,high,formal,34.88
Passive-Component,8.43,20.29,0,0,0,0,0,1,semiconductor,light,broken,low,informal,32.81
Passive-Component,7.92,7.87,0,0,0,0,0,1,semiconductor,light,broken,high,none,44.49
Passive-Component,10.39,21.58,0,0,0,0,0,1,semiconductor,light,damaged,medium,formal,31.66
Passive-Component,0.94,43.17,0,0,0,0,0,1,semiconductor,light,damaged,high,informal,36.37
Passive-Component,1.75,55.93,0,0,0,0,0,1,semiconductor,light,damaged,high,informal,29.75
Passive-Component,2.8,32.56,0,0,0,0,0,1,semiconductor,light,damaged,medium,none,32.73
Passive-Component,8.44,2.76,0,0,0,0,0,1,semiconductor,light,damaged,medium,formal,29.23
Passive-Component,9.55,55.41,0,0,0,0,0,1,semiconductor,light,damaged,low,none,40.3
Passive-Component,11.49,34.82,0,0,0,0,0,1,semiconductor,light,damaged,medium,informal,41.1
Passive-Component,7.73,47.39,0,0,0,0,0,1,semiconductor,light,working,low,informal,26.88
Passive-Component,2.53,38.1,0,0,0,0,0,1,semiconductor,light,damaged,high,none,29.75
Passive-Component,7.94,59.57,0,0,0,0,0,1,semiconductor,light,damaged,low,formal,25.93
Passive-Component,4.18,11.76,0,0,0,0,0,1,semiconductor,light,broken,high,formal,33.5
Passive-Component,10.95,30.16,0,0,0,0,0,1,semiconductor,light,damaged,medium,informal,37.01
Passive-Component,4.94,20.39,0,0,0,0,0,1,semiconductor,light,damaged,medium,formal,25.42
Passive-Component,5.27,37.72,0,0,0,0,0,1,semiconductor,light,broken,low,formal,25.3
Passive-Component,2.73,30.14,0,0,0,0,0,1,semiconductor,light,damaged,high,formal,34.04
Passive-Component,10.97,57.53,0,0,0,0,0,1,semiconductor,light,broken,high,formal,45.93
Passive-Component,2.77,0.4,0,0,0,0,0,1,semiconductor,light,broken,high,formal,41.62
Passive-Component,11.17,38.82,0,0,0,0,0,1,semiconductor,light,broken,medium,informal,48.94
Passive-Component,6.74,23.02,0,0,0,0,0,1,semiconductor,light,working,high,none,29.97
Passive-Component,6.51,21.6,0,0,0,0,0,1,semiconductor,light,working,medium,formal,26.78
Passive-Component,1.42,45.33,0,0,0,0,0,1,semiconductor,light,working,high,informal,21.48
Passive-Component,10.2,21.68,0,0,0,0,0,1,semiconductor,light,damaged,high,informal,50.0
Passive-Component,0.69,23.42,0,0,0,0,0,1,semiconductor,light,damaged,medium,informal,29.33
Passive-Component,9.2,24.8,0,0,0,0,0,1,semiconductor,light,damaged,low,formal,25.54
Passive-Component,2.28,28.91,0,0,0,0,0,1,semiconductor,light,damaged,high,formal,32.31
Passive-Component,6.44,52.39,0,0,0,0,0,1,semiconductor,light,working,low,none,32.43
Passive-Component,4.47,1.07,0,0,0,0,0,1,semiconductor,light,damaged,medium,informal,32.08
Passive-Component,6.05,27.56,0,0,0,0,0,1,semiconductor,light,broken,low,none,30.43
Passive-Component,7.19,47.75,0,0,0,0,0,1,semiconductor,light,damaged,medium,none,33.62
Passive-Component,2.79,29.78,0,0,0,0,0,1,semiconductor,light,broken,medium,none,36.88
Passive-Component,8.64,46.72,0,0,0,0,0,1,semiconductor,light,damaged,medium,none,42.29
Passive-Component,4.47,40.2,0,0,0,0,0,1,semiconductor,light,damaged,low,none,30.24
Passive-Component,6.5,41.0,0,0,0,0,0,1,semiconductor,light,damaged,medium,informal,29.41
Passive-Component,8.73,48.36,0,0,0,0,0,1,semiconductor,light,damaged,medium,none,39.43
Passive-Component,8.5,42.25,0,0,0,0,0,1,semiconductor,light,damaged,medium,informal,35.51
Passive-Component,8.46,5.6,0,0,0,0,0,1,semiconductor,light,broken,high,none,46.24
Passive-Component,10.93,24.52,0,0,0,0,0,1,semiconductor,light,broken,low,formal,31.74
Passive-Component,8.25,2.6,0,0,0,0,0,1,semiconductor,light,broken,low,none,41.15
Passive-Component,3.08,4.12,0,0,0,0,0,1,semiconductor,light,damaged,low,none,22.81
Passive-Component,7.03,17.11,0,0,0,0,0,1,semiconductor,light,damaged,high,formal,30.63
Passive-Component,1.45,19.71,0,0,0,0,0,1,semiconductor,light,damaged,medium,informal,21.84
Passive-Component,7.95,57.98,0,0,0,0,0,1,semiconductor,light,damaged,high,informal,38.96
Passive-Component,0.85,9.95,0,0,0,0,0,1,semiconductor,light,damaged,medium,formal,14.46
Passive-Component,1.91,17.77,0,0,0,0,0,1,semiconductor,light,broken,medium,none,31.15
Passive-Component,7.54,25.64,0,0,0,0,0,1,semiconductor,light,working,medium,informal,25.34
Passive-Component,1.84,52.79,0,0,0,0,0,1,semiconductor,light,damaged,medium,informal,27.74
Passive-Component,10.53,32.82,0,0,0,0,0,1,semiconductor,light,damaged,high,none,46.14
Passive-Component,6.77,33.27,0,0,0,0,0,1,semiconductor,light,damaged,medium,none,35.95
Passive-Component,1.75,57.68,0,0,0,0,0,1,semiconductor,light,broken,medium,informal,34.87
Passive-Component,8.11,38.03,0,0,0,0,0,1,semiconductor,light,damaged,medium,none,31.13
Passive-Component,0.8,27.04,0,0,0,0,0,1,semiconductor,light,broken,medium,none,33.97
Passive-Component,1.13,29.47,0,0,0,0,0,1,semiconductor,light,working,low,informal,18.39
Passive-Component,2.29,57.82,0,0,0,0,0,1,semiconductor,light,broken,medium,informal,42.11
Passive-Component,7.72,0.03,0,0,0,0,0,1,semiconductor,light,broken,high,informal,49.83
Passive-Component,10.88,54.51,0,0,0,0,0,1,semiconductor,light,damaged,medium,none,33.83
Passive-Component,2.6,53.75,0,0,0,0,0,1,semiconductor,light,broken,low,none,26.34
Passive-Component,8.91,51.03,0,0,0,0,0,1,semiconductor,light,working,medium,none,37.69
Passive-Component,9.91,22.47,0,0,0,0,0,1,semiconductor,light,broken,low,formal,36.95
Passive-Component,1.0,21.87,0,0,0,0,0,1,semiconductor,light,damaged,high,none,40.98
Passive-Component,1.11,10.82,0,0,0,0,0,1,semiconductor,light,damaged,medium,none,24.09
Passive-Component,5.13,43.36,0,0,0,0,0,1,semiconductor,light,damaged,high,formal,41.83
Passive-Component,11.98,12.08,0,0,0,0,0,1,semiconductor,light,damaged,medium,informal,44.4
Passive-Component,3.17,2.87,0,0,0,0,0,1,semiconductor,light,damaged,medium,formal,23.45
Passive-Component,11.43,34.87,0,0,0,0,0,1,semiconductor,light,broken,medium,none,43.47
Passive-Component,6.06,34.44,0,0,0,0,0,1,semiconductor,light,damaged,high,informal,38.49
Passive-Component,7.47,29.36,0,0,0,0,0,1,semiconductor,light,working,medium,informal,28.18
Passive-Component,10.01,4.58,0,0,0,0,0,1,semiconductor,light,damaged,high,informal,49.15
Passive-Component,6.17,29.91,0,0,0,0,0,1,semiconductor,light,broken,high,informal,45.49
Passive-Component,2.12,19.55,0,0,0,0,0,1,semiconductor,light,working,low,informal,30.74
Passive-Component,0.57,12.94,0,0,0,0,0,1,semiconductor,light,working,high,formal,22.65
Passive-Component,10.49,38.6,0,0,0,0,0,1,semiconductor,light,working,low,informal,30.16
Passive-Component,4.51,35.25,0,0,0,0,0,1,semiconductor,light,damaged,high,none,39.53
Passive-Component,7.57,25.4,0,0,0,0,0,1,semiconductor,light,damaged,medium,formal,32.78
Passive-Component,7.7,5.05,0,0,0,0,0,1,semiconductor,light,broken,medium,formal,35.58
Passive-Component,3.92,34.64,0,0,0,0,0,1,semiconductor,light,damaged,medium,none,34.92
Passive-Component,2.52,46.96,0,0,0,0,0,1,semiconductor,light,damaged,medium,informal,28.27
Passive-Component,8.17,4.8,0,0,0,0,0,1,semiconductor,light,broken,low,formal,39.12
Passive-Component,1.38,55.25,0,0,0,0,0,1,semiconductor,light,broken,medium,informal,37.68
Passive-Component,9.03,19.71,0,0,0,0,0,1,semiconductor,light,damaged,high,none,42.24
Passive-Component,3.17,17.87,0,0,0,0,0,1,semiconductor,light,damaged,medium,informal,32.87
Passive-Component,7.64,45.75,0,0,0,0,0,1,semiconductor,light,broken,high,formal,51.98
Passive-Component,1.1,15.33,0,0,0,0,0,1,semiconductor,light,damaged,high,none,37.48
Passive-Component,6.25,32.73,0,0,0,0,0,1,semiconductor,light,broken,medium,informal,41.79
Passive-Component,10.95,13.1,0,0,0,0,0,1,semiconductor,light,damaged,high,formal,39.4
Passive-Component,9.64,10.99,0,0,0,0,0,1,semiconductor,light,broken,medium,formal,46.48
Passive-Component,7.79,25.64,0,0,0,0,0,1,semiconductor,light,broken,medium,informal,42.19
Passive-Component,1.22,55.33,0,0,0,0,0,1,semiconductor,light,working,medium,none,21.03
Passive-Component,3.27,45.58,0,0,0,0,0,1,semiconductor,light,damaged,high,none,29.97
Passive-Component,7.96,43.53,0,0,0,0,0,1,semiconductor,light,damaged,medium,informal,36.87
Passive-Component,4.12,23.31,0,0,0,0,0,1,semiconductor,light,damaged,low,informal,32.28
Passive-Component,6.18,35.31,0,0,0,0,0,1,semiconductor,light,damaged,medium,none,33.82
Passive-Component,0.99,58.15,0,0,0,0,0,1,semiconductor,light,broken,medium,formal,30.37
Passive-Component,2.15,10.07,0,0,0,0,0,1,semiconductor,light,working,high,informal,33.08
Passive-Component,9.6,52.96,0,0,0,0,0,1,semiconductor,light,broken,medium,none,45.66
Passive-Component,8.82,4.25,0,0,0,0,0,1,semiconductor,light,damaged,medium,none,41.42
Passive-Component,0.64,19.93,0,0,0,0,0,1,semiconductor,light,working,medium,none,12.53
Passive-Component,2.87,31.65,0,0,0,0,0,1,semiconductor,light,working,low,informal,21.08
Passive-Component,0.86,6.41,0,0,0,0,0,1,semiconductor,light,damaged,medium,formal,18.99
Passive-Component,7.09,50.31,0,0,0,0,0,1,semiconductor,light,broken,low,informal,37.67
Passive-Component,10.34,54.38,0,0,0,0,0,1,semiconductor,light,broken,high,none,50.31
Passive-Component,7.78,40.72,0,0,0,0,0,1,semiconductor,light,broken,medium,informal,46.62
Passive-Component,0.7,41.93,0,0,0,0,0,1,semiconductor,light,broken,high,none,37.81
Passive-Component,8.41,2.07,0,0,0,0,0,1,semiconductor,light,broken,medium,informal,39.62
Passive-Component,5.46,22.73,0,0,0,0,0,1,semiconductor,light,damaged,high,formal,29.93
Passive-Component,2.96,40.02,0,0,0,0,0,1,semiconductor,light,damaged,high,formal,30.83
Passive-Component,7.64,5.49,0,0,0,0,0,1,semiconductor,light,damaged,low,formal,30.87
Passive-Component,6.3,48.75,0,0,0,0,0,1,semiconductor,light,broken,medium,informal,43.22
Passive-Component,6.94,15.25,0,0,0,0,0,1,semiconductor,light,working,medium,informal,29.07
Passive-Component,0.59,49.81,0,0,0,0,0,1,semiconductor,light,broken,medium,formal,30.0
Passive-Component,10.42,17.14,0,0,0,0,0,1,semiconductor,light,working,medium,informal,32.27
Passive-Component,8.35,57.99,0,0,0,0,0,1,semiconductor,light,damaged,low,none,33.84
Passive-Component,2.8,2.45,0,0,0,0,0,1,semiconductor,light,damaged,medium,informal,32.03
Passive-Component,11.51,49.36,0,0,0,0,0,1,semiconductor,light,damaged,low,none,31.85
Passive-Component,11.14,10.03,0,0,0,0,0,1,semiconductor,light,damaged,low,none,40.53
Passive-Component,7.65,18.9,0,0,0,0,0,1,semiconductor,light,working,low,formal,12.76
Passive-Component,3.48,52.54,0,0,0,0,0,1,semiconductor,light,damaged,high,formal,29.99
Passive-Component,4.7,28.76,0,0,0,0,0,1,semiconductor,light,working,low,none,22.07
Passive-Component,1.46,38.62,0,0,0,0,0,1,semiconductor,light,broken,high,informal,41.28
Passive-Component,2.37,12.13,0,0,0,0,0,1,semiconductor,light,broken,high,informal,45.94
Passive-Component,8.11,49.64,0,0,0,0,0,1,semiconductor,light,damaged,medium,formal,34.16
