component,age_years,weight_kg,contains_lithium,contains_lead,contains_mercury,contains_cadmium,recyclable,material_type,weight_class,condition,region_risk,disposal_history,hazard_score
Battery,4.81,19.01,1,0,0,1,0,electrochemical,light,broken,medium,formal,100.0
Battery,8.64,0.42,1,0,0,1,0,electrochemical,light,broken,high,formal,100.0
Battery,2.59,3.68,1,0,0,1,0,electrochemical,light,damaged,medium,informal,100.0
Battery,2.1,5.85,1,0,0,1,0,electrochemical,light,damaged,medium,none,90.43
Battery,2.8,10.29,1,0,0,1,0,electrochemical,light,damaged,low,informal,92.95
Battery,1.62,13.69,1,0,0,1,0,electrochemical,light,damaged,low,informal,97.74
Battery,0.9,18.19,1,0,0,1,0,electrochemical,light,damaged,medium,informal,100.0
Battery,2.63,19.39,1,0,0,1,0,electrochemical,light,broken,high,none,100.0
Battery,7.38,18.44,1,0,0,1,0,electrochemical,light,working,low,formal,82.81
Battery,3.62,16.58,1,0,0,1,0,electrochemical,light,damaged,medium,informal,94.01
Battery,2.12,16.05,1,0,0,1,0,electrochemical,light,working,high,none,97.87
Battery,8.88,15.43,1,0,0,1,0,electrochemical,light,working,medium,formal,96.21
Battery,10.43,12.47,1,0,0,1,0,electrochemical,light,damaged,low,informal,100.0
Battery,7.83,17.75,1,0,0,1,0,electrochemical,light,damaged,low,none,95.81
Battery,9.25,11.23,1,0,0,1,0,electrochemical,light,broken,medium,informal,100.0
Battery,1.74,0.64,1,0,0,1,0,electrochemical,light,damaged,medium,informal,97.85
Battery,10.94,4.99,1,0,0,1,0,electrochemical,light,damaged,high,formal,100.0
Battery,2.35,18.59,1,0,0,1,0,electrochemical,light,broken,medium,none,100.0
Battery,9.74,3.74,1,0,0,1,0,electrochemical,light,broken,medium,none,100.0
Battery,1.77,4.57,1,0,0,1,0,electrochemical,light,damaged,high,none,100.0
Battery,0.58,10.22,1,0,0,1,0,electrochemical,light,damaged,low,formal,87.51
Battery,4.22,10.38,1,0,0,1,0,electrochemical,light,broken,medium,none,100.0
Battery,11.57,5.04,1,0,0,1,0,electrochemical,light,damaged,medium,formal,100.0
Battery,6.28,1.04,1,0,0,1,0,electrochemical,light,damaged,high,formal,100.0
Battery,2.17,9.79,1,0,0,1,0,electrochemical,light,broken,low,none,95.5
Battery,8.87,7.36,1,0,0,1,0,electrochemical,light,damaged,medium,informal,100.0
Battery,1.54,16.71,1,0,0,1,0,electrochemical,light,damaged,low,formal,93.67
Battery,0.69,10.25,1,0,0,1,0,electrochemical,light,working,medium,formal,86.32
Battery,8.45,7.74,1,0,0,1,0,electrochemical,light,broken,low,informal,100.0
Battery,8.09,16.35,1,0,0,1,0,electrochemical,light,damaged,medium,formal,100.0
Battery,1.57,17.95,1,0,0,1,0,electrochemical,light,broken,medium,informal,100.0
Battery,10.82,17.74,1,0,0,1,0,electrochemical,light,broken,medium,formal,100.0
Battery,2.36,17.97,1,0,0,1,0,electrochemical,light,damaged,low,formal,88.53
Battery,8.46,13.04,1,0,0,1,0,electrochemical,light,working,high,formal,93.28
Battery,4.24,14.93,1,0,0,1,0,electrochemical,light,damaged,high,none,100.0
Battery,4.73,5.31,1,0,0,1,0,electrochemical,light,working,high,informal,100.0
Battery,10.76,12.63,1,0,0,1,0,electrochemical,light,broken,medium,informal,100.0
Battery,8.81,5.62,1,0,0,1,0,electrochemical,light,working,medium,formal,92.43
Battery,11.32,19.08,1,0,0,1,0,electrochemical,light,broken,medium,formal,100.0
Battery,11.62,19.27,1,0,0,1,0,electrochemical,light,broken,medium,informal,100.0
Battery,10.29,6.35,1,0,0,1,0,electrochemical,light,working,medium,none,100.0
Battery,1.62,12.3,1,0,0,1,0,electrochemical,light,broken,low,informal,100.0
Battery,10.59,14.82,1,0,0,1,0,electrochemical,light,damaged,high,informal,100.0
Battery,9.82,17.34,1,0,0,1,0,electrochemical,light,broken,medium,informal,100.0
Battery,9.68,13.0,1,0,0,1,0,electrochemical,light,broken,high,none,100.0
Battery,1.58,11.57,1,0,0,1,0,electrochemical,light,working,medium,informal,84.89
Battery,3.8,11.82,1,0,0,1,0,electrochemical,light,working,low,none,83.98
Battery,6.51,15.4,1,0,0,1,0,electrochemical,light,working,medium,formal,88.47
Battery,1.09,10.63,1,0,0,1,0,electrochemical,light,damaged,medium,none,95.37
Battery,4.21,15.91,1,0,0,1,0,electrochemical,light,damaged,medium,formal,95.83
Battery,0.79,19.25,1,0,0,1,0,electrochemical,light,broken,medium,informal,100.0
Battery,3.38,10.99,1,0,0,1,0,electrochemical,light,broken,medium,formal,97.78
Battery,11.48,14.76,1,0,0,1,0,electrochemical,light,damaged,medium,informal,100.0
Battery,9.22,0.3,1,0,0,1,0,electrochemical,light,working,low,formal,83.94
Battery,10.34,14.08,1,0,0,1,0,electrochemical,light,damaged,low,informal,98.82
Battery,5.49,7.98,1,0,0,1,0,electrochemical,light,damaged,medium,formal,95.17
Battery,4.81,12.52,1,0,0,1,0,electrochemical,light,damaged,high,none,100.0
Battery,7.24,18.81,1,0,0,1,0,electrochemical,light,damaged,medium,informal,100.0
Battery,5.77,10.92,1,0,0,1,0,electrochemical,light,broken,medium,none,100.0
Battery,4.17,16.9,1,0,0,1,0,electrochemical,light,working,high,formal,93.83
Battery,1.86,13.94,1,0,0,1,0,electrochemical,light,damaged,high,none,99.71
Battery,2.54,15.01,1,0,0,1,0,electrochemical,light,broken,high,informal,100.0
Battery,4.78,15.53,1,0,0,1,0,electrochemical,light,damaged,high,none,100.0
Battery,9.18,2.07,1,0,0,1,0,electrochemical,light,broken,medium,none,100.0
Battery,4.18,17.91,1,0,0,1,0,electrochemical,light,damaged,low,none,93.93
Battery,11.43,19.01,1,0,0,1,0,electrochemical,light,damaged,medium,informal,100.0
Battery,3.87,6.58,1,0,0,1,0,electrochemical,light,damaged,high,none,100.0
Battery,6.82,8.84,1,0,0,1,0,electrochemical,light,broken,medium,formal,100.0
Battery,2.14,15.23,1,0,0,1,0,electrochemical,light,damaged,low,formal,85.84
Battery,9.95,14.13,1,0,0,1,0,electrochemical,light,working,low,none,95.76
Battery,4.8,7.42,1,0,0,1,0,electrochemical,light,broken,high,none,100.0
Battery,1.46,15.55,1,0,0,1,0,electrochemical,light,damaged,medium,none,100.0
Battery,1.78,9.86,1,0,0,1,0,electrochemical,light,working,medium,formal,89.22
Battery,7.21,19.24,1,0,0,1,0,electrochemical,light,damaged,medium,none,100.0
Battery,3.07,19.26,1,0,0,1,0,electrochemical,light,working,high,formal,91.96
Battery,11.92,1.49,1,0,0,1,0,electrochemical,light,damaged,high,informal,100.0
Battery,7.74,13.92,1,0,0,1,0,electrochemical,light,damaged,medium,informal,100.0
Battery,7.63,5.55,1,0,0,1,0,electrochemical,light,working,medium,informal,100.0
Battery,7.21,1.56,1,0,0,1,0,electrochemical,light,broken,high,none,100.0
Battery,9.86,13.7,1,0,0,1,0,electrochemical,light,working,high,none,100.0
Battery,11.42,14.52,1,0,0,1,0,electrochemical,light,damaged,medium,none,100.0
Battery,9.82,19.75,1,0,0,1,0,electrochemical,light,working,medium,informal,99.66
Battery,11.65,16.84,1,0,0,1,0,electrochemical,light,broken,medium,informal,100.0
Battery,10.44,16.26,1,0,0,1,0,electrochemical,light,broken,high,informal,100.0
Battery,9.34,18.9,1,0,0,1,0,electrochemical,light,broken,low,informal,100.0
Battery,8.22,12.37,1,0,0,1,0,electrochemical,light,damaged,low,none,100.0
Battery,6.48,15.45,1,0,0,1,0,electrochemical,light,damaged,high,informal,100.0
Battery,5.14,2.69,1,0,0,1,0,electrochemical,light,working,high,informal,100.0
Battery,8.6,4.27,1,0,0,1,0,electrochemical,light,working,low,informal,88.39
Battery,5.53,18.08,1,0,0,1,0,electrochemical,light,damaged,medium,none,100.0
Battery,5.06,12.45,1,0,0,1,0,electrochemical,light,broken,high,formal,100.0
Battery,3.47,9.19,1,0,0,1,0,electrochemical,light,broken,medium,informal,100.0
Battery,7.78,4.81,1,0,0,1,0,electrochemical,light,working,low,formal,82.94
Battery,4.48,17.94,1,0,0,1,0,electrochemical,light,damaged,medium,formal,96.32
Battery,2.71,0.83,1,0,0,1,0,electrochemical,light,working,medium,formal,79.52
Battery,4.69,10.07,1,0,0,1,0,electrochemical,light,damaged,low,none,94.86
Battery,7.72,1.64,1,0,0,1,0,electrochemical,light,broken,high,formal,100.0
Battery,9.1,3.7,1,0,0,1,0,electrochemical,light,working,medium,informal,97.44
Battery,7.61,7.38,1,0,0,1,0,electrochemical,light,damaged,high,formal,100.0
Battery,10.79,10.24,1,0,0,1,0,electrochemical,light,damaged,low,informal,100.0
Battery,6.63,4.86,1,0,0,1,0,electrochemical,light,damaged,medium,formal,92.71
Battery,4.27,2.4,1,0,0,1,0,electrochemical,light,broken,medium,none,100.0
Battery,9.58,9.97,1,0,0,1,0,electrochemical,light,working,medium,informal,98.73
Battery,1.97,5.68,1,0,0,1,0,electrochemical,light,damaged,medium,informal,100.0
Battery,4.6,19.73,1,0,0,1,0,electrochemical,light,damaged,low,formal,88.68
Battery,2.35,3.74,1,0,0,1,0,electrochemical,light,damaged,low,none,90.31
Battery,1.42,10.49,1,0,0,1,0,electrochemical,light,damaged,high,formal,98.27
Battery,10.45,16.34,1,0,0,1,0,electrochemical,light,damaged,low,none,100.0
Battery,11.19,11.14,1,0,0,1,0,electrochemical,light,damaged,medium,none,100.0
Battery,5.39,10.16,1,0,0,1,0,electrochemical,light,working,low,informal,87.46
Battery,3.82,11.63,1,0,0,1,0,electrochemical,light,working,medium,informal,92.99
Battery,2.05,1.28,1,0,0,1,0,electrochemical,light,broken,medium,none,100.0
Battery,3.43,13.63,1,0,0,1,0,electrochemical,light,broken,medium,informal,99.03
Battery,11.19,16.61,1,0,0,1,0,electrochemical,light,broken,low,none,100.0
Battery,11.29,3.63,1,0,0,1,0,electrochemical,light,working,high,informal,100.0
Battery,9.65,4.04,1,0,0,1,0,electrochemical,light,working,low,none,95.03
Battery,8.15,10.47,1,0,0,1,0,electrochemical,light,damaged,high,informal,100.0
Battery,4.83,9.26,1,0,0,1,0,electrochemical,light,damaged,high,informal,100.0
Battery,3.17,17.99,1,0,0,1,0,electrochemical,light,damaged,medium,none,94.27
Battery,11.31,12.56,1,0,0,1,0,electrochemical,light,damaged,low,none,100.0
Battery,7.63,10.67,1,0,0,1,0,electrochemical,light,broken,high,formal,100.0
Battery,9.06,0.68,1,0,0,1,0,electrochemical,light,damaged,high,none,100.0
Battery,4.43,16.43,1,0,0,1,0,electrochemical,light,working,high,formal,98.47
Battery,2.22,4.59,1,0,0,1,0,electrochemical,light,broken,high,informal,100.0
Battery,8.48,10.86,1,0,0,1,0,electrochemical,light,damaged,medium,formal,99.86
Battery,5.11,9.25,1,0,0,1,0,electrochemical,light,broken,low,informal,100.0
Battery,6.32,12.23,1,0,0,1,0,electrochemical,light,working,high,none,100.0
Battery,11.11,14.15,1,0,0,1,0,electrochemical,light,working,medium,informal,100.0
Battery,5.38,14.73,1,0,0,1,0,electrochemical,light,broken,high,informal,100.0
Battery,5.09,1.1,1,0,0,1,0,electrochemical,light,damaged,high,formal,100.0
Battery,4.34,7.97,1,0,0,1,0,electrochemical,light,damaged,high,informal,100.0
Battery,5.7,4.5,1,0,0,1,0,electrochemical,light,damaged,low,formal,88.57
Battery,6.23,8.38,1,0,0,1,0,electrochemical,light,broken,medium,informal,100.0
Battery,11.55,2.98,1,0,0,1,0,electrochemical,light,damaged,low,none,100.0
Battery,6.28,11.91,1,0,0,1,0,electrochemical,light,working,high,formal,95.07
Battery,2.69,0.74,1,0,0,1,0,electrochemical,light,damaged,medium,formal,92.85
Battery,9.42,9.07,1,0,0,1,0,electrochemical,light,damaged,medium,informal,100.0
Battery,2.59,17.24,1,0,0,1,0,electrochemical,light,broken,medium,formal,98.93
Battery,7.91,8.18,1,0,0,1,0,electrochemical,light,working,low,none,92.13
Battery,3.05,4.63,1,0,0,1,0,electrochemical,light,damaged,low,formal,88.78
Battery,9.7,3.58,1,0,0,1,0,electrochemical,light,damaged,low,formal,99.89
Battery,10.34,16.61,1,0,0,1,0,electrochemical,light,damaged,medium,formal,97.24
Battery,3.87,17.93,1,0,0,1,0,electrochemical,light,working,low,formal,75.97
Battery,10.77,16.35,1,0,0,1,0,electrochemical,light,damaged,medium,informal,100.0
Battery,7.29,5.37,1,0,0,1,0,electrochemical,light,damaged,medium,informal,97.73
Battery,11.41,15.27,1,0,0,1,0,electrochemical,light,working,high,informal,100.0
Battery,10.79,16.0,1,0,0,1,0,electrochemical,light,damaged,low,formal,100.0
Battery,3.47,2.8,1,0,0,1,0,electrochemical,light,broken,high,informal,100.0
Battery,2.47,5.45,1,0,0,1,0,electrochemical,light,working,high,formal,84.45
Battery,6.87,13.03,1,0,0,1,0,electrochemical,light,broken,low,formal,100.0
PCB,2.07,18.0,0,1,0,0,1,composite,light,broken,medium,informal,95.47
PCB,11.02,8.38,0,1,0,0,1,composite,light,damaged,medium,formal,98.04
PCB,2.41,14.76,0,1,0,0,1,composite,light,working,medium,formal,73.8
PCB,4.59,14.38,0,1,0,0,1,composite,light,damaged,medium,informal,93.31
PCB,8.13,18.74,0,1,0,0,1,composite,light,broken,low,formal,98.19
PCB,1.09,9.93,0,1,0,0,1,composite,light,damaged,medium,none,84.23
PCB,1.73,1.51,0,1,0,0,1,composite,light,broken,medium,none,90.84
PCB,9.92,15.99,0,1,0,0,1,composite,light,damaged,medium,informal,100.0
PCB,4.65,1.84,0,1,0,0,1,composite,light,broken,low,none,91.3
PCB,6.73,17.46,0,1,0,0,1,composite,light,broken,high,none,100.0
PCB,8.46,16.99,0,1,0,0,1,composite,light,working,medium,formal,90.43
PCB,0.89,13.95,0,1,0,0,1,composite,light,damaged,high,none,96.6
PCB,11.36,9.49,0,1,0,0,1,composite,light,broken,high,informal,100.0
PCB,1.89,1.55,0,1,0,0,1,composite,light,damaged,medium,none,93.27
PCB,1.25,6.31,0,1,0,0,1,composite,light,damaged,high,informal,100.0
PCB,7.58,4.67,0,1,0,0,1,composite,light,working,high,formal,93.23
PCB,10.56,10.58,0,1,0,0,1,composite,light,broken,high,none,100.0
PCB,5.12,9.6,0,1,0,0,1,composite,light,damaged,high,none,98.41
PCB,9.34,8.36,0,1,0,0,1,composite,light,damaged,high,formal,100.0
PCB,3.8,5.93,0,1,0,0,1,composite,light,working,low,formal,74.34
PCB,11.86,8.56,0,1,0,0,1,composite,light,damaged,medium,formal,95.34
PCB,10.61,18.9,0,1,0,0,1,composite,light,damaged,medium,formal,92.7
PCB,11.9,4.64,0,1,0,0,1,composite,light,broken,medium,informal,100.0
PCB,2.53,4.42,0,1,0,0,1,composite,light,working,high,informal,93.33
PCB,1.17,19.38,0,1,0,0,1,composite,light,broken,high,none,100.0
PCB,9.22,13.92,0,1,0,0,1,composite,light,working,high,formal,89.37
PCB,3.07,10.74,0,1,0,0,1,composite,light,damaged,medium,formal,86.24
PCB,1.99,17.78,0,1,0,0,1,composite,light,broken,high,none,100.0
PCB,8.04,11.02,0,1,0,0,1,composite,light,working,medium,informal,97.18
PCB,6.2,1.63,0,1,0,0,1,composite,light,working,medium,formal,80.64
PCB,10.29,9.91,0,1,0,0,1,composite,light,damaged,medium,none,100.0
PCB,7.01,5.35,0,1,0,0,1,composite,light,broken,high,none,100.0
PCB,10.28,17.35,0,1,0,0,1,composite,light,broken,high,none,100.0
PCB,9.16,3.18,0,1,0,0,1,composite,light,broken,high,formal,100.0
PCB,10.0,2.59,0,1,0,0,1,composite,light,damaged,high,formal,100.0
PCB,6.34,0.14,0,1,0,0,1,composite,light,damaged,medium,none,98.2
PCB,7.77,5.2,0,1,0,0,1,composite,light,damaged,medium,none,99.39
PCB,6.72,19.26,0,1,0,0,1,composite,light,damaged,medium,none,95.46
PCB,1.68,18.75,0,1,0,0,1,composite,light,damaged,low,informal,87.56
PCB,7.19,6.92,0,1,0,0,1,composite,light,damaged,low,none,94.33
PCB,11.7,19.38,0,1,0,0,1,composite,light,broken,low,none,100.0
PCB,9.36,13.67,0,1,0,0,1,composite,light,damaged,medium,none,92.09
PCB,5.4,9.03,0,1,0,0,1,composite,light,working,high,none,98.97
PCB,3.64,19.02,0,1,0,0,1,composite,light,working,medium,none,91.61
PCB,5.33,12.77,0,1,0,0,1,composite,light,damaged,medium,none,98.98
PCB,3.14,4.27,0,1,0,0,1,composite,light,working,medium,informal,86.95
PCB,10.44,9.47,0,1,0,0,1,composite,light,broken,low,none,100.0
PCB,10.22,15.22,0,1,0,0,1,composite,light,damaged,low,formal,94.89
PCB,11.09,12.34,0,1,0,0,1,composite,light,broken,medium,formal,100.0
PCB,5.45,4.02,0,1,0,0,1,composite,light,damaged,low,informal,90.51
PCB,3.59,15.95,0,1,0,0,1,composite,light,damaged,medium,formal,87.62
PCB,6.02,12.0,0,1,0,0,1,composite,light,damaged,medium,none,93.47
PCB,9.47,0.8,0,1,0,0,1,composite,light,damaged,low,formal,100.0
PCB,8.58,11.2,0,1,0,0,1,composite,light,working,medium,informal,94.2
PCB,1.51,7.02,0,1,0,0,1,composite,light,working,low,informal,82.59
PCB,8.43,16.01,0,1,0,0,1,composite,light,working,low,formal,78.86
PCB,7.82,14.13,0,1,0,0,1,composite,light,working,high,formal,99.63
PCB,10.52,14.28,0,1,0,0,1,composite,light,broken,medium,none,100.0
PCB,1.42,17.9,0,1,0,0,1,composite,light,damaged,high,informal,100.0
PCB,8.91,1.64,0,1,0,0,1,composite,light,working,low,formal,92.43
PCB,10.53,4.39,0,1,0,0,1,composite,light,broken,medium,formal,100.0
PCB,6.23,11.11,0,1,0,0,1,composite,light,broken,low,none,100.0
PCB,11.71,13.01,0,1,0,0,1,composite,light,working,medium,formal,93.36
PCB,8.86,14.86,0,1,0,0,1,composite,light,damaged,medium,informal,100.0
PCB,11.86,0.81,0,1,0,0,1,composite,light,broken,medium,informal,100.0
PCB,10.54,18.02,0,1,0,0,1,composite,light,damaged,medium,informal,100.0
PCB,10.99,4.22,0,1,0,0,1,composite,light,damaged,medium,none,100.0
PCB,10.95,3.6,0,1,0,0,1,composite,light,working,high,formal,92.26
PCB,10.33,9.85,0,1,0,0,1,composite,light,working,high,informal,93.06
PCB,7.32,3.28,0,1,0,0,1,composite,light,damaged,high,formal,99.72
PCB,8.05,6.51,0,1,0,0,1,composite,light,broken,low,none,94.44
PCB,1.35,3.4,0,1,0,0,1,composite,light,damaged,medium,none,89.52
PCB,5.46,4.98,0,1,0,0,1,composite,light,damaged,high,formal,99.93
PCB,5.96,16.88,0,1,0,0,1,composite,light,broken,medium,none,100.0
PCB,2.87,2.25,0,1,0,0,1,composite,light,damaged,low,informal,89.92
PCB,11.24,6.33,0,1,0,0,1,composite,light,damaged,low,formal,87.86
PCB,11.85,19.3,0,1,0,0,1,composite,light,working,high,informal,100.0
PCB,6.43,9.78,0,1,0,0,1,composite,light,damaged,low,formal,92.06
PCB,4.04,14.1,0,1,0,0,1,composite,light,working,medium,none,87.96
PCB,5.6,17.36,0,1,0,0,1,composite,light,working,medium,none,86.12
PCB,11.36,13.67,0,1,0,0,1,composite,light,damaged,medium,none,99.2
PCB,11.21,13.79,0,1,0,0,1,composite,light,damaged,low,none,97.27
PCB,5.03,13.03,0,1,0,0,1,composite,light,working,medium,none,92.06
PCB,9.5,11.34,0,1,0,0,1,composite,light,broken,high,informal,100.0
PCB,4.26,13.36,0,1,0,0,1,composite,light,broken,high,none,100.0
PCB,1.88,10.89,0,1,0,0,1,composite,light,working,medium,informal,85.21
PCB,5.06,13.91,0,1,0,0,1,composite,light,damaged,medium,formal,84.89
PCB,1.34,12.07,0,1,0,0,1,composite,light,damaged,medium,informal,90.21
PCB,4.87,17.27,0,1,0,0,1,composite,light,damaged,medium,formal,85.21
PCB,5.09,11.61,0,1,0,0,1,composite,light,damaged,medium,none,88.97
PCB,9.85,14.37,0,1,0,0,1,composite,light,broken,low,formal,96.81
PCB,11.16,1.21,0,1,0,0,1,composite,light,broken,medium,formal,100.0
PCB,6.09,5.14,0,1,0,0,1,composite,light,damaged,medium,none,88.66
PCB,7.52,14.33,0,1,0,0,1,composite,light,damaged,medium,formal,94.61
PCB,2.58,13.63,0,1,0,0,1,composite,light,working,medium,none,85.74
PCB,3.45,19.26,0,1,0,0,1,composite,light,damaged,high,informal,97.39
PCB,1.0,12.67,0,1,0,0,1,composite,light,broken,medium,none,95.06
PCB,2.94,12.22,0,1,0,0,1,composite,light,damaged,high,none,100.0
PCB,4.56,4.75,0,1,0,0,1,composite,light,broken,medium,none,100.0
PCB,1.6,12.48,0,1,0,0,1,composite,light,damaged,medium,formal,82.61
PCB,8.97,17.26,0,1,0,0,1,composite,light,working,low,formal,88.67
PCB,6.79,4.65,0,1,0,0,1,composite,light,damaged,medium,informal,100.0
PCB,11.86,2.74,0,1,0,0,1,composite,light,damaged,medium,informal,100.0
PCB,11.9,2.58,0,1,0,0,1,composite,light,working,high,informal,100.0
PCB,3.65,1.6,0,1,0,0,1,composite,light,working,high,formal,82.98
PCB,4.58,1.4,0,1,0,0,1,composite,light,damaged,low,none,87.65
PCB,3.19,10.8,0,1,0,0,1,composite,light,broken,medium,informal,96.13
PCB,8.2,19.88,0,1,0,0,1,composite,light,damaged,medium,none,93.91
PCB,5.85,1.21,0,1,0,0,1,composite,light,damaged,high,formal,93.06
PCB,6.66,1.94,0,1,0,0,1,composite,light,damaged,high,informal,100.0
PCB,8.15,15.91,0,1,0,0,1,composite,light,broken,low,informal,100.0
PCB,10.18,10.42,0,1,0,0,1,composite,light,damaged,low,none,100.0
PCB,1.97,16.52,0,1,0,0,1,composite,light,broken,high,formal,94.08
PCB,4.64,1.76,0,1,0,0,1,composite,light,broken,medium,informal,99.01
PCB,5.07,8.95,0,1,0,0,1,composite,light,damaged,medium,none,96.08
PCB,10.29,4.18,0,1,0,0,1,composite,light,broken,low,none,100.0
PCB,4.88,17.56,0,1,0,0,1,composite,light,broken,high,none,100.0
PCB,5.13,3.48,0,1,0,0,1,composite,light,damaged,medium,none,94.22
PCB,7.87,16.45,0,1,0,0,1,composite,light,working,high,none,100.0
PCB,9.3,3.51,0,1,0,0,1,composite,light,damaged,medium,formal,93.95
PCB,4.73,1.37,0,1,0,0,1,composite,light,working,low,none,85.7
PCB,5.47,6.24,0,1,0,0,1,composite,light,damaged,medium,formal,90.78
PCB,7.87,4.33,0,1,0,0,1,composite,light,damaged,medium,formal,90.69
PCB,11.94,1.17,0,1,0,0,1,composite,light,damaged,high,formal,100.0
PCB,2.14,2.44,0,1,0,0,1,composite,light,damaged,low,none,87.63
PCB,11.96,16.28,0,1,0,0,1,composite,light,damaged,medium,informal,100.0
PCB,6.56,8.53,0,1,0,0,1,composite,light,working,high,informal,95.84
PCB,5.26,16.55,0,1,0,0,1,composite,light,broken,high,formal,97.63
PCB,5.29,9.63,0,1,0,0,1,composite,light,working,medium,none,88.78
PCB,2.97,0.25,0,1,0,0,1,composite,light,working,high,none,87.1
PCB,11.54,9.76,0,1,0,0,1,composite,light,working,medium,informal,91.23
PCB,4.23,14.75,0,1,0,0,1,composite,light,damaged,medium,informal,95.92
PCB,5.78,15.7,0,1,0,0,1,composite,light,broken,high,none,100.0
PCB,5.53,5.1,0,1,0,0,1,composite,light,broken,low,none,93.16
PCB,5.81,12.75,0,1,0,0,1,composite,light,damaged,high,informal,100.0
PCB,6.46,3.01,0,1,0,0,1,composite,light,broken,medium,none,100.0
PCB,0.98,1.7,0,1,0,0,1,composite,light,broken,low,formal,83.97
PCB,3.91,7.0,0,1,0,0,1,composite,light,broken,medium,formal,99.89
PCB,2.5,1.98,0,1,0,0,1,composite,light,damaged,high,formal,95.43
PCB,4.89,4.12,0,1,0,0,1,composite,light,working,medium,none,93.12
PCB,7.9,10.61,0,1,0,0,1,composite,light,working,high,none,100.0
PCB,9.1,16.24,0,1,0,0,1,composite,light,damaged,low,informal,100.0
PCB,11.17,4.5,0,1,0,0,1,composite,light,damaged,medium,informal,100.0
PCB,3.27,2.44,0,1,0,0,1,composite,light,working,high,informal,94.51
PCB,3.79,16.32,0,1,0,0,1,composite,light,broken,high,none,100.0
PCB,5.8,16.84,0,1,0,0,1,composite,light,broken,high,none,100.0
PCB,2.54,10.91,0,1,0,0,1,composite,light,broken,high,formal,98.67
PCB,8.85,16.36,0,1,0,0,1,composite,light,working,medium,none,92.27
PCB,8.93,10.85,0,1,0,0,1,composite,light,damaged,medium,formal,100.0
PCB,10.54,12.73,0,1,0,0,1,composite,light,broken,low,informal,100.0
Mobile,0.61,4.94,1,0,0,0,1,composite,light,broken,high,formal,96.88
Mobile,2.85,11.11,1,0,0,0,1,composite,light,broken,medium,formal,86.72
Mobile,4.59,15.68,1,0,0,0,1,composite,light,damaged,low,none,79.7
Mobile,2.21,6.12,1,0,0,0,1,composite,light,broken,high,informal,96.23
Mobile,5.66,14.44,1,0,0,0,1,composite,light,broken,medium,informal,100.0
Mobile,0.54,12.4,1,0,0,0,1,composite,light,damaged,high,formal,82.64
Mobile,7.26,9.62,1,0,0,0,1,composite,light,damaged,low,informal,98.16
Mobile,7.44,13.53,1,0,0,0,1,composite,light,broken,medium,none,100.0
Mobile,6.23,1.55,1,0,0,0,1,composite,light,working,medium,none,88.27
Mobile,6.45,8.81,1,0,0,0,1,composite,light,working,medium,informal,89.47
Mobile,1.52,4.42,1,0,0,0,1,composite,light,damaged,high,none,92.58
Mobile,5.34,12.73,1,0,0,0,1,composite,light,broken,low,informal,96.72
Mobile,10.16,7.68,1,0,0,0,1,composite,light,damaged,medium,formal,85.36
Mobile,0.8,0.49,1,0,0,0,1,composite,light,broken,medium,informal,88.26
Mobile,3.94,18.81,1,0,0,0,1,composite,light,damaged,medium,none,87.25
Mobile,9.73,9.17,1,0,0,0,1,composite,light,damaged,low,formal,88.28
Mobile,8.87,9.93,1,0,0,0,1,composite,light,damaged,high,none,100.0
Mobile,2.06,15.03,1,0,0,0,1,composite,light,damaged,high,formal,83.08
Mobile,1.16,5.65,1,0,0,0,1,composite,light,damaged,low,none,78.03
Mobile,9.23,9.0,1,0,0,0,1,composite,light,broken,low,informal,95.39
Mobile,0.89,1.26,1,0,0,0,1,composite,light,broken,low,informal,82.01
Mobile,10.85,0.45,1,0,0,0,1,composite,light,damaged,high,informal,99.89
Mobile,11.27,1.05,1,0,0,0,1,composite,light,damaged,medium,none,91.56
Mobile,7.0,9.28,1,0,0,0,1,composite,light,broken,medium,informal,100.0
Mobile,1.81,3.03,1,0,0,0,1,composite,light,working,medium,none,83.24
Mobile,1.82,17.2,1,0,0,0,1,composite,light,broken,low,none,98.84
Mobile,6.75,1.64,1,0,0,0,1,composite,light,damaged,medium,formal,85.31
Mobile,5.24,13.02,1,0,0,0,1,composite,light,damaged,low,informal,96.32
Mobile,9.77,9.19,1,0,0,0,1,composite,light,working,high,formal,86.89
Mobile,4.3,15.14,1,0,0,0,1,composite,light,damaged,low,none,83.12
Mobile,10.62,17.41,1,0,0,0,1,composite,light,working,medium,none,88.76
Mobile,10.96,10.78,1,0,0,0,1,composite,light,damaged,low,none,89.06
Mobile,9.95,7.61,1,0,0,0,1,composite,light,broken,high,formal,95.62
Mobile,9.62,11.56,1,0,0,0,1,composite,light,damaged,high,informal,100.0
Mobile,11.02,10.67,1,0,0,0,1,composite,light,working,medium,none,92.34
Mobile,10.92,5.55,1,0,0,0,1,composite,light,broken,low,formal,91.29
Mobile,2.62,17.88,1,0,0,0,1,composite,light,damaged,low,informal,82.2
Mobile,10.65,16.07,1,0,0,0,1,composite,light,damaged,high,informal,100.0
Mobile,11.82,13.36,1,0,0,0,1,composite,light,damaged,low,none,87.24
Mobile,0.64,11.2,1,0,0,0,1,composite,light,damaged,high,none,89.75
Mobile,1.41,14.63,1,0,0,0,1,composite,light,working,high,none,91.93
Mobile,4.12,9.43,1,0,0,0,1,composite,light,broken,medium,informal,98.34
Mobile,6.18,16.57,1,0,0,0,1,composite,light,damaged,low,none,85.16
Mobile,4.5,9.01,1,0,0,0,1,composite,light,broken,medium,informal,95.76
Mobile,4.55,16.83,1,0,0,0,1,composite,light,damaged,high,informal,98.95
Mobile,4.24,13.73,1,0,0,0,1,composite,light,working,low,none,74.93
Mobile,3.11,16.74,1,0,0,0,1,composite,light,damaged,medium,none,79.99
Mobile,2.95,0.67,1,0,0,0,1,composite,light,damaged,medium,none,88.04
Mobile,10.52,15.32,1,0,0,0,1,composite,light,broken,medium,formal,98.09
Mobile,6.95,2.23,1,0,0,0,1,composite,light,damaged,medium,none,94.94
Mobile,6.79,7.61,1,0,0,0,1,composite,light,broken,low,informal,95.26
Mobile,10.37,5.85,1,0,0,0,1,composite,light,broken,high,none,100.0
Mobile,0.71,19.26,1,0,0,0,1,composite,light,broken,medium,none,93.49
Mobile,1.79,14.08,1,0,0,0,1,composite,light,damaged,low,formal,75.61
Mobile,0.64,9.38,1,0,0,0,1,composite,light,damaged,medium,formal,83.97
Mobile,1.05,18.06,1,0,0,0,1,composite,light,broken,medium,informal,89.81
Mobile,10.76,3.71,1,0,0,0,1,composite,light,working,low,none,85.33
Mobile,11.95,17.12,1,0,0,0,1,composite,light,damaged,low,none,90.13
Mobile,7.39,2.31,1,0,0,0,1,composite,light,working,high,none,94.48
Mobile,5.45,6.35,1,0,0,0,1,composite,light,damaged,high,informal,100.0
Mobile,10.76,8.87,1,0,0,0,1,composite,light,damaged,medium,informal,93.94
Mobile,6.39,2.09,1,0,0,0,1,composite,light,damaged,medium,none,94.8
Mobile,11.43,12.02,1,0,0,0,1,composite,light,broken,medium,informal,100.0
Mobile,4.66,9.46,1,0,0,0,1,composite,light,working,low,formal,72.86
Mobile,11.67,6.63,1,0,0,0,1,composite,light,damaged,low,informal,90.42
Mobile,6.44,0.12,1,0,0,0,1,composite,light,working,low,formal,73.05
Mobile,1.74,6.78,1,0,0,0,1,composite,light,broken,medium,informal,95.6
Mobile,5.07,1.75,1,0,0,0,1,composite,light,damaged,low,informal,87.36
Mobile,6.34,17.49,1,0,0,0,1,composite,light,damaged,high,none,96.01
Mobile,5.04,8.44,1,0,0,0,1,composite,light,damaged,high,none,93.43
Mobile,7.49,6.19,1,0,0,0,1,composite,light,broken,high,none,100.0
Mobile,8.4,2.3,1,0,0,0,1,composite,light,damaged,medium,informal,93.62
Mobile,1.89,8.38,1,0,0,0,1,composite,light,broken,low,formal,85.32
Mobile,8.19,13.58,1,0,0,0,1,composite,light,damaged,medium,formal,88.15
Mobile,7.82,18.27,1,0,0,0,1,composite,light,damaged,high,none,99.61
Mobile,2.13,0.24,1,0,0,0,1,composite,light,damaged,medium,informal,85.58
Mobile,7.14,0.88,1,0,0,0,1,composite,light,working,medium,informal,90.99
Mobile,10.22,13.85,1,0,0,0,1,composite,light,damaged,medium,formal,96.15
Mobile,4.02,15.78,1,0,0,0,1,composite,light,damaged,high,none,87.55
Mobile,7.2,7.43,1,0,0,0,1,composite,light,damaged,high,none,95.86
Mobile,4.81,3.35,1,0,0,0,1,composite,light,damaged,low,none,81.91
Mobile,0.79,12.92,1,0,0,0,1,composite,light,damaged,medium,formal,78.23
Mobile,5.21,6.23,1,0,0,0,1,composite,light,damaged,medium,informal,99.82
Mobile,2.12,9.72,1,0,0,0,1,composite,light,working,medium,none,77.69
Mobile,4.92,0.79,1,0,0,0,1,composite,light,working,medium,formal,70.69
Mobile,10.85,2.33,1,0,0,0,1,composite,light,broken,medium,none,100.0
Mobile,7.43,16.54,1,0,0,0,1,composite,light,broken,medium,none,92.76
Mobile,4.41,10.83,1,0,0,0,1,composite,light,working,medium,informal,78.35
Mobile,9.26,16.67,1,0,0,0,1,composite,light,damaged,medium,formal,85.07
Mobile,11.61,11.16,1,0,0,0,1,composite,light,damaged,medium,formal,87.54
Mobile,5.61,12.53,1,0,0,0,1,composite,light,damaged,medium,none,91.9
Mobile,7.05,12.42,1,0,0,0,1,composite,light,working,medium,formal,84.06
Mobile,5.97,10.87,1,0,0,0,1,composite,light,working,high,none,91.23
Mobile,10.5,2.62,1,0,0,0,1,composite,light,broken,low,none,100.0
Mobile,3.67,17.54,1,0,0,0,1,composite,light,broken,low,informal,92.35
Mobile,10.43,11.78,1,0,0,0,1,composite,light,damaged,medium,formal,92.56
Mobile,9.26,7.74,1,0,0,0,1,composite,light,damaged,medium,informal,100.0
Mobile,9.29,11.47,1,0,0,0,1,composite,light,broken,low,formal,90.8
Mobile,10.32,8.79,1,0,0,0,1,composite,light,broken,high,formal,100.0
Mobile,6.37,12.54,1,0,0,0,1,composite,light,broken,low,informal,99.66
Mobile,8.41,14.46,1,0,0,0,1,composite,light,damaged,low,formal,89.67
Mobile,3.71,4.22,1,0,0,0,1,composite,light,broken,low,none,88.32
Mobile,8.28,16.57,1,0,0,0,1,composite,light,damaged,low,none,92.0
Mobile,2.14,15.07,1,0,0,0,1,composite,light,broken,medium,none,95.43
Mobile,10.23,12.28,1,0,0,0,1,composite,light,working,medium,formal,77.44
Mobile,1.26,6.98,1,0,0,0,1,composite,light,working,high,none,77.98
Mobile,1.33,19.1,1,0,0,0,1,composite,light,damaged,medium,formal,86.42
Mobile,8.63,1.01,1,0,0,0,1,composite,light,working,medium,formal,82.37
Mobile,3.17,5.63,1,0,0,0,1,composite,light,broken,high,informal,100.0
Mobile,5.98,4.53,1,0,0,0,1,composite,light,damaged,high,informal,100.0
Mobile,4.61,12.96,1,0,0,0,1,composite,light,working,high,informal,99.29
Mobile,7.69,1.44,1,0,0,0,1,composite,light,damaged,low,none,84.06
Mobile,9.96,16.08,1,0,0,0,1,composite,light,damaged,medium,formal,88.0
Mobile,6.21,5.69,1,0,0,0,1,composite,light,working,medium,formal,83.01
Mobile,9.11,6.36,1,0,0,0,1,composite,light,working,medium,formal,86.75
Mobile,1.22,16.79,1,0,0,0,1,composite,light,working,low,none,70.33
Mobile,4.14,2.05,1,0,0,0,1,composite,light,damaged,medium,none,93.07
Mobile,10.76,8.68,1,0,0,0,1,composite,light,broken,medium,none,99.35
Mobile,1.53,13.74,1,0,0,0,1,composite,light,damaged,medium,informal,89.92
Mobile,8.16,19.32,1,0,0,0,1,composite,light,broken,high,none,100.0
Mobile,3.93,2.12,1,0,0,0,1,composite,light,broken,medium,formal,91.34
Mobile,6.25,8.66,1,0,0,0,1,composite,light,damaged,low,informal,89.01
Mobile,4.75,1.06,1,0,0,0,1,composite,light,broken,medium,none,94.12
Mobile,8.06,9.45,1,0,0,0,1,composite,light,broken,low,none,97.6
Mobile,7.49,5.91,1,0,0,0,1,composite,light,working,medium,none,90.29
Mobile,5.04,14.27,1,0,0,0,1,composite,light,working,high,formal,78.58
Mobile,4.73,1.17,1,0,0,0,1,composite,light,working,medium,formal,71.57
Mobile,0.72,2.5,1,0,0,0,1,composite,light,damaged,medium,informal,82.33
Mobile,6.61,11.91,1,0,0,0,1,composite,light,working,medium,none,93.0
Mobile,4.09,15.48,1,0,0,0,1,composite,light,broken,medium,none,95.77
Mobile,1.94,0.35,1,0,0,0,1,composite,light,broken,high,formal,97.26
Mobile,6.46,6.97,1,0,0,0,1,composite,light,damaged,low,formal,79.78
Mobile,7.93,19.48,1,0,0,0,1,composite,light,broken,low,none,98.2
Mobile,5.77,7.97,1,0,0,0,1,composite,light,damaged,low,formal,84.63
Mobile,3.34,9.69,1,0,0,0,1,composite,light,broken,medium,formal,91.15
Mobile,1.37,7.32,1,0,0,0,1,composite,light,working,low,formal,69.85
Mobile,7.66,15.63,1,0,0,0,1,composite,light,damaged,low,none,84.0
Mobile,8.25,5.21,1,0,0,0,1,composite,light,damaged,high,formal,100.0
Mobile,5.9,17.8,1,0,0,0,1,composite,light,broken,low,formal,83.73
Mobile,11.52,10.6,1,0,0,0,1,composite,light,working,medium,none,88.38
Mobile,1.38,5.5,1,0,0,0,1,composite,light,broken,medium,informal,91.4
Mobile,2.41,8.92,1,0,0,0,1,composite,light,working,low,none,75.56
Mobile,11.78,15.86,1,0,0,0,1,composite,light,broken,low,none,98.19
Mobile,3.48,8.75,1,0,0,0,1,composite,light,damaged,low,informal,87.51
Mobile,11.78,3.81,1,0,0,0,1,composite,light,broken,high,none,100.0
Mobile,11.74,15.15,1,0,0,0,1,composite,light,working,medium,none,91.29
Mobile,3.34,12.82,1,0,0,0,1,composite,light,damaged,low,informal,85.99
Mobile,0.64,0.19,1,0,0,0,1,composite,light,damaged,high,formal,92.02
Mobile,7.8,4.45,1,0,0,0,1,composite,light,damaged,high,none,98.74
Mobile,0.84,9.62,1,0,0,0,1,composite,light,damaged,low,formal,72.51
Television,5.08,18.39,0,1,1,0,0,composite,heavy,broken,low,none,88.71
Television,9.17,18.37,0,1,1,0,0,composite,heavy,broken,medium,informal,98.6
Television,9.56,5.03,0,1,1,0,0,composite,heavy,damaged,medium,none,94.63
Television,11.06,2.05,0,1,1,0,0,composite,heavy,damaged,low,formal,86.61
Television,0.91,3.51,0,1,1,0,0,composite,heavy,broken,medium,none,86.94
Television,7.17,10.34,0,1,1,0,0,composite,heavy,broken,medium,informal,100.0
Television,10.78,18.93,0,1,1,0,0,composite,heavy,broken,medium,none,100.0
Television,2.85,11.83,0,1,1,0,0,composite,heavy,working,medium,none,68.54
Television,2.88,1.43,0,1,1,0,0,composite,heavy,working,high,informal,95.52
Television,10.11,6.65,0,1,1,0,0,composite,heavy,damaged,high,none,100.0
Television,2.24,17.52,0,1,1,0,0,composite,heavy,damaged,medium,informal,93.45
Television,1.13,19.46,0,1,1,0,0,composite,heavy,working,medium,informal,72.12
Television,3.15,0.04,0,1,1,0,0,composite,heavy,broken,high,formal,100.0
Television,10.26,8.46,0,1,1,0,0,composite,heavy,damaged,medium,none,100.0
Television,9.89,3.64,0,1,1,0,0,composite,heavy,damaged,high,none,100.0
Television,8.1,1.58,0,1,1,0,0,composite,heavy,damaged,high,formal,89.84
Television,9.48,11.68,0,1,1,0,0,composite,heavy,broken,low,formal,88.02
Television,8.72,15.18,0,1,1,0,0,composite,heavy,working,medium,informal,94.63
Television,4.75,18.66,0,1,1,0,0,composite,heavy,broken,medium,none,100.0
Television,8.49,14.58,0,1,1,0,0,composite,heavy,broken,medium,none,100.0
Television,2.75,6.91,0,1,1,0,0,composite,heavy,damaged,high,none,99.53
Television,6.96,18.94,0,1,1,0,0,composite,heavy,damaged,medium,formal,93.11
Television,9.54,14.69,0,1,1,0,0,composite,heavy,damaged,low,none,93.21
Television,3.2,14.1,0,1,1,0,0,composite,heavy,broken,medium,none,97.66
Television,1.09,10.1,0,1,1,0,0,composite,heavy,broken,high,formal,95.29
Television,5.06,2.64,0,1,1,0,0,composite,heavy,broken,low,informal,100.0
Television,3.84,17.43,0,1,1,0,0,composite,heavy,damaged,high,formal,96.05
Television,10.08,18.12,0,1,1,0,0,composite,heavy,working,medium,formal,93.74
Television,6.81,5.76,0,1,1,0,0,composite,heavy,damaged,medium,informal,100.0
Television,5.15,1.38,0,1,1,0,0,composite,heavy,broken,medium,informal,96.71
Television,8.38,6.66,0,1,1,0,0,composite,heavy,working,medium,none,94.61
Television,7.77,3.99,0,1,1,0,0,composite,heavy,damaged,high,formal,100.0
Television,3.7,5.53,0,1,1,0,0,composite,heavy,damaged,high,formal,86.12
Television,11.66,2.27,0,1,1,0,0,composite,heavy,damaged,high,none,100.0
Television,5.36,6.94,0,1,1,0,0,composite,heavy,damaged,medium,formal,80.44
Television,3.81,13.14,0,1,1,0,0,composite,heavy,broken,medium,formal,91.05
Television,1.37,19.03,0,1,1,0,0,composite,heavy,damaged,low,informal,91.64
Television,3.58,0.31,0,1,1,0,0,composite,heavy,broken,medium,none,100.0
Television,8.63,12.2,0,1,1,0,0,composite,heavy,damaged,medium,informal,97.49
Television,7.26,14.03,0,1,1,0,0,composite,heavy,damaged,medium,formal,90.82
Television,7.2,5.07,0,1,1,0,0,composite,heavy,damaged,high,informal,100.0
Television,8.23,19.54,0,1,1,0,0,composite,heavy,working,low,informal,88.56
Television,1.57,14.97,0,1,1,0,0,composite,heavy,broken,medium,formal,95.59
Television,0.6,11.79,0,1,1,0,0,composite,heavy,damaged,medium,formal,79.76
Television,8.71,1.84,0,1,1,0,0,composite,heavy,working,high,none,92.66
Television,3.35,1.26,0,1,1,0,0,composite,heavy,damaged,high,informal,94.53
Television,8.24,1.63,0,1,1,0,0,composite,heavy,broken,high,none,100.0
Television,7.59,14.86,0,1,1,0,0,composite,heavy,broken,medium,formal,96.94
Television,4.77,18.42,0,1,1,0,0,composite,heavy,damaged,medium,formal,89.96
Television,8.16,15.75,0,1,1,0,0,composite,heavy,damaged,medium,formal,89.72
Television,8.61,8.56,0,1,1,0,0,composite,heavy,damaged,medium,none,94.42
Television,0.75,6.03,0,1,1,0,0,composite,heavy,damaged,low,informal,77.81
Television,11.16,2.12,0,1,1,0,0,composite,heavy,broken,medium,none,100.0
Television,2.35,1.42,0,1,1,0,0,composite,heavy,working,medium,none,79.84
Television,9.86,13.71,0,1,1,0,0,composite,heavy,working,medium,informal,93.23
Television,6.66,7.14,0,1,1,0,0,composite,heavy,damaged,high,none,93.35
Television,4.04,18.28,0,1,1,0,0,composite,heavy,broken,medium,informal,100.0
Television,10.58,2.06,0,1,1,0,0,composite,heavy,damaged,medium,informal,100.0
Television,2.73,17.18,0,1,1,0,0,composite,heavy,damaged,high,none,93.72
Television,7.52,3.22,0,1,1,0,0,composite,heavy,damaged,low,none,97.39
Television,3.14,2.36,0,1,1,0,0,composite,heavy,working,low,none,79.22
Television,2.36,1.68,0,1,1,0,0,composite,heavy,working,low,none,84.81
Television,3.28,7.09,0,1,1,0,0,composite,heavy,working,low,informal,75.26
Television,1.16,7.83,0,1,1,0,0,composite,heavy,working,low,none,78.8
Television,7.59,11.14,0,1,1,0,0,composite,heavy,damaged,medium,informal,100.0
Television,2.47,10.01,0,1,1,0,0,composite,heavy,damaged,high,informal,100.0
Television,6.62,2.32,0,1,1,0,0,composite,heavy,damaged,low,informal,93.68
Television,2.87,7.84,0,1,1,0,0,composite,heavy,broken,low,informal,90.22
Television,5.32,0.37,0,1,1,0,0,composite,heavy,broken,low,informal,100.0
Television,8.42,5.07,0,1,1,0,0,composite,heavy,working,high,informal,100.0
Television,10.12,16.43,0,1,1,0,0,composite,heavy,broken,medium,informal,100.0
Television,2.61,17.1,0,1,1,0,0,composite,heavy,broken,medium,formal,95.85
Television,4.96,16.07,0,1,1,0,0,composite,heavy,broken,low,formal,87.85
Television,6.73,19.36,0,1,1,0,0,composite,heavy,working,medium,formal,85.84
Television,4.82,16.08,0,1,1,0,0,composite,heavy,damaged,high,informal,95.47
Television,4.53,7.46,0,1,1,0,0,composite,heavy,working,medium,informal,83.68
Television,8.81,13.14,0,1,1,0,0,composite,heavy,broken,low,formal,92.74
Television,0.56,16.09,0,1,1,0,0,composite,heavy,broken,medium,formal,96.11
Television,9.31,11.68,0,1,1,0,0,composite,heavy,broken,high,none,100.0
Television,8.22,12.41,0,1,1,0,0,composite,heavy,broken,low,formal,93.09
Television,10.74,15.0,0,1,1,0,0,composite,heavy,broken,high,informal,100.0
Television,7.16,12.65,0,1,1,0,0,composite,heavy,working,medium,none,88.83
Television,3.62,4.05,0,1,1,0,0,composite,heavy,damaged,low,formal,84.74
Television,6.33,3.77,0,1,1,0,0,composite,heavy,working,medium,informal,87.97
Television,9.95,13.19,0,1,1,0,0,composite,heavy,broken,medium,none,100.0
Television,7.82,6.5,0,1,1,0,0,composite,heavy,damaged,low,none,91.17
Television,3.02,11.91,0,1,1,0,0,composite,heavy,damaged,medium,none,92.47
Television,2.66,1.78,0,1,1,0,0,composite,heavy,damaged,medium,informal,94.23
Television,0.86,5.2,0,1,1,0,0,composite,heavy,working,high,formal,78.88
Television,8.17,6.47,0,1,1,0,0,composite,heavy,broken,high,informal,100.0
Television,10.86,19.92,0,1,1,0,0,composite,heavy,broken,high,formal,100.0
Television,1.59,19.98,0,1,1,0,0,composite,heavy,damaged,high,none,94.41
Television,10.37,19.95,0,1,1,0,0,composite,heavy,working,low,informal,93.86
Television,7.01,6.26,0,1,1,0,0,composite,heavy,damaged,low,formal,83.02
Television,9.29,12.48,0,1,1,0,0,composite,heavy,broken,low,none,100.0
Television,7.68,17.29,0,1,1,0,0,composite,heavy,damaged,medium,none,100.0
Television,9.2,8.85,0,1,1,0,0,composite,heavy,broken,medium,formal,100.0
Television,11.19,6.84,0,1,1,0,0,composite,heavy,damaged,low,none,94.64
Television,11.78,12.99,0,1,1,0,0,composite,heavy,broken,high,informal,100.0
Television,8.26,13.55,0,1,1,0,0,composite,heavy,damaged,high,formal,94.3
Television,6.25,13.82,0,1,1,0,0,composite,heavy,damaged,medium,formal,90.12
Television,7.39,3.6,0,1,1,0,0,composite,heavy,broken,medium,none,96.78
Television,10.13,3.4,0,1,1,0,0,composite,heavy,working,high,informal,100.0
Television,9.73,19.22,0,1,1,0,0,composite,heavy,damaged,medium,informal,100.0
Television,2.27,11.46,0,1,1,0,0,composite,heavy,damaged,high,informal,89.76
Television,1.1,0.64,0,1,1,0,0,composite,heavy,damaged,low,informal,89.77
Television,10.63,17.66,0,1,1,0,0,composite,heavy,damaged,low,none,93.33
Television,8.98,5.74,0,1,1,0,0,composite,heavy,broken,high,formal,100.0
Television,10.82,12.46,0,1,1,0,0,composite,heavy,broken,medium,none,100.0
Television,1.27,19.51,0,1,1,0,0,composite,heavy,broken,high,none,97.59
Television,1.48,7.72,0,1,1,0,0,composite,heavy,working,low,formal,64.85
Television,1.66,3.36,0,1,1,0,0,composite,heavy,working,high,none,86.07
Television,11.63,8.8,0,1,1,0,0,composite,heavy,damaged,high,informal,100.0
Television,1.99,5.14,0,1,1,0,0,composite,heavy,damaged,medium,formal,80.34
Television,2.92,16.18,0,1,1,0,0,composite,heavy,working,medium,none,74.83
Television,6.98,16.08,0,1,1,0,0,composite,heavy,working,medium,informal,88.77
Television,2.16,12.48,0,1,1,0,0,composite,heavy,damaged,medium,formal,76.05
Television,9.96,1.15,0,1,1,0,0,composite,heavy,damaged,medium,none,96.37
Television,7.1,13.35,0,1,1,0,0,composite,heavy,broken,high,informal,100.0
Television,11.88,17.79,0,1,1,0,0,composite,heavy,damaged,low,informal,96.55
Television,9.03,9.86,0,1,1,0,0,composite,heavy,damaged,high,informal,100.0
Television,4.27,9.09,0,1,1,0,0,composite,heavy,broken,low,formal,92.35
Television,11.44,3.52,0,1,1,0,0,composite,heavy,damaged,medium,informal,95.07
Television,6.86,7.45,0,1,1,0,0,composite,heavy,damaged,low,informal,94.87
Television,2.63,5.58,0,1,1,0,0,composite,heavy,working,low,none,79.68
Television,11.65,11.43,0,1,1,0,0,composite,heavy,working,medium,none,90.24
Television,4.72,1.75,0,1,1,0,0,composite,heavy,damaged,high,none,99.75
Television,3.04,4.37,0,1,1,0,0,composite,heavy,broken,low,formal,82.73
Television,0.51,17.41,0,1,1,0,0,composite,heavy,broken,medium,none,92.04
Television,4.54,1.88,0,1,1,0,0,composite,heavy,damaged,high,formal,87.71
Television,3.85,4.16,0,1,1,0,0,composite,heavy,working,high,informal,97.99
Television,2.28,9.75,0,1,1,0,0,composite,heavy,damaged,medium,none,87.91
Television,9.35,7.96,0,1,1,0,0,composite,heavy,broken,low,formal,91.82
Television,6.37,12.31,0,1,1,0,0,composite,heavy,broken,medium,informal,97.21
Television,1.08,0.71,0,1,1,0,0,composite,heavy,damaged,medium,none,81.08
Television,1.07,14.49,0,1,1,0,0,composite,heavy,working,medium,formal,74.08
Television,2.5,7.6,0,1,1,0,0,composite,heavy,broken,medium,none,96.29
Television,3.22,13.55,0,1,1,0,0,composite,heavy,damaged,high,informal,96.08
Television,1.26,0.39,0,1,1,0,0,composite,heavy,broken,medium,none,90.7
Television,0.85,19.23,0,1,1,0,0,composite,heavy,damaged,high,formal,83.2
Television,7.53,13.57,0,1,1,0,0,composite,heavy,damaged,high,none,100.0
Television,3.69,5.64,0,1,1,0,0,composite,heavy,broken,low,none,94.56
Television,8.62,12.46,0,1,1,0,0,composite,heavy,broken,medium,informal,100.0
Television,3.5,6.87,0,1,1,0,0,composite,heavy,broken,high,formal,94.01
Television,4.78,18.57,0,1,1,0,0,composite,heavy,working,low,formal,71.36
Television,11.63,8.94,0,1,1,0,0,composite,heavy,damaged,low,informal,97.19
Television,8.11,15.03,0,1,1,0,0,composite,heavy,broken,medium,none,100.0
Television,1.14,0.15,0,1,1,0,0,composite,heavy,working,medium,informal,85.16
Television,5.13,17.69,0,1,1,0,0,composite,heavy,broken,high,informal,100.0
Television,2.69,3.7,0,1,1,0,0,composite,heavy,damaged,medium,none,92.93
Laptop,1.88,14.7,1,1,0,0,1,composite,medium,damaged,medium,informal,89.38
Laptop,5.49,3.3,1,1,0,0,1,composite,medium,working,medium,none,75.09
Laptop,4.46,14.66,1,1,0,0,1,composite,medium,damaged,high,none,100.0
Laptop,10.83,8.0,1,1,0,0,1,composite,medium,damaged,low,none,93.24
Laptop,9.71,2.1,1,1,0,0,1,composite,medium,damaged,medium,formal,89.25
Laptop,9.0,0.66,1,1,0,0,1,composite,medium,damaged,medium,formal,85.08
Laptop,2.48,11.36,1,1,0,0,1,composite,medium,damaged,high,none,90.72
Laptop,4.5,1.02,1,1,0,0,1,composite,medium,working,medium,informal,84.2
Laptop,3.1,12.28,1,1,0,0,1,composite,medium,damaged,medium,informal,89.44
Laptop,5.99,7.02,1,1,0,0,1,composite,medium,damaged,high,informal,98.92
Laptop,2.9,1.7,1,1,0,0,1,composite,medium,damaged,medium,none,83.26
Laptop,9.8,16.47,1,1,0,0,1,composite,medium,damaged,medium,informal,90.55
Laptop,11.22,2.38,1,1,0,0,1,composite,medium,broken,medium,informal,100.0
Laptop,5.19,3.23,1,1,0,0,1,composite,medium,damaged,high,informal,94.17
Laptop,8.72,1.38,1,1,0,0,1,composite,medium,damaged,low,informal,91.18
Laptop,1.38,7.1,1,1,0,0,1,composite,medium,damaged,medium,none,85.61
Laptop,9.87,12.24,1,1,0,0,1,composite,medium,damaged,medium,formal,84.57
Laptop,8.27,13.17,1,1,0,0,1,composite,medium,working,medium,formal,72.78
Laptop,2.3,16.55,1,1,0,0,1,composite,medium,working,medium,formal,73.38
Laptop,3.16,10.05,1,1,0,0,1,composite,medium,broken,high,formal,96.87
Laptop,10.69,18.69,1,1,0,0,1,composite,medium,broken,medium,informal,100.0
Laptop,6.61,13.55,1,1,0,0,1,composite,medium,damaged,high,none,93.69
Laptop,2.18,16.66,1,1,0,0,1,composite,medium,damaged,high,informal,95.55
Laptop,3.39,16.89,1,1,0,0,1,composite,medium,damaged,medium,informal,87.21
Laptop,7.09,6.51,1,1,0,0,1,composite,medium,working,medium,formal,84.54
Laptop,4.48,13.43,1,1,0,0,1,composite,medium,broken,high,informal,98.6
Laptop,9.51,5.33,1,1,0,0,1,composite,medium,broken,low,informal,100.0
Laptop,1.88,18.77,1,1,0,0,1,composite,medium,working,medium,formal,76.61
Laptop,4.03,10.93,1,1,0,0,1,composite,medium,damaged,low,formal,83.82
Laptop,10.83,1.69,1,1,0,0,1,composite,medium,damaged,low,formal,83.1
Laptop,8.11,12.05,1,1,0,0,1,composite,medium,working,low,formal,74.24
Laptop,10.49,18.53,1,1,0,0,1,composite,medium,damaged,low,formal,82.97
Laptop,7.1,7.86,1,1,0,0,1,composite,medium,working,medium,formal,75.81
Laptop,0.96,11.77,1,1,0,0,1,composite,medium,damaged,high,informal,95.17
Laptop,3.67,14.19,1,1,0,0,1,composite,medium,damaged,high,informal,91.88
Laptop,5.4,16.65,1,1,0,0,1,composite,medium,broken,low,formal,85.76
Laptop,9.9,18.61,1,1,0,0,1,composite,medium,working,medium,informal,91.59
Laptop,1.09,9.86,1,1,0,0,1,composite,medium,damaged,medium,informal,82.21
Laptop,6.59,3.24,1,1,0,0,1,composite,medium,damaged,high,none,95.23
Laptop,3.58,7.23,1,1,0,0,1,composite,medium,damaged,medium,formal,80.62
Laptop,0.9,7.84,1,1,0,0,1,composite,medium,damaged,low,informal,83.17
Laptop,10.8,5.95,1,1,0,0,1,composite,medium,working,medium,formal,80.7
Laptop,8.23,16.52,1,1,0,0,1,composite,medium,damaged,high,informal,100.0
Laptop,4.65,13.43,1,1,0,0,1,composite,medium,damaged,low,none,80.79
Laptop,2.3,19.77,1,1,0,0,1,composite,medium,broken,high,none,100.0
Laptop,3.83,9.36,1,1,0,0,1,composite,medium,damaged,medium,informal,89.49
Laptop,4.3,11.29,1,1,0,0,1,composite,medium,broken,low,none,92.87
Laptop,6.9,15.59,1,1,0,0,1,composite,medium,working,high,formal,86.45
Laptop,10.73,19.84,1,1,0,0,1,composite,medium,damaged,low,none,92.35
Laptop,1.68,2.53,1,1,0,0,1,composite,medium,broken,medium,none,88.43
Laptop,4.23,13.53,1,1,0,0,1,composite,medium,damaged,medium,none,80.19
Laptop,3.67,15.37,1,1,0,0,1,composite,medium,working,medium,formal,81.72
Laptop,7.69,14.94,1,1,0,0,1,composite,medium,working,low,formal,79.52
Laptop,1.02,14.69,1,1,0,0,1,composite,medium,damaged,medium,none,84.52
Laptop,4.32,9.31,1,1,0,0,1,composite,medium,working,low,formal,71.48
Laptop,5.4,10.97,1,1,0,0,1,composite,medium,working,medium,none,80.39
Laptop,11.6,1.02,1,1,0,0,1,composite,medium,broken,medium,informal,98.91
Laptop,1.53,12.02,1,1,0,0,1,composite,medium,damaged,high,informal,91.84
Laptop,2.15,14.3,1,1,0,0,1,composite,medium,damaged,medium,none,85.02
Laptop,8.28,13.6,1,1,0,0,1,composite,medium,broken,medium,formal,93.54
Laptop,3.63,4.37,1,1,0,0,1,composite,medium,damaged,medium,informal,93.01
Laptop,6.9,6.86,1,1,0,0,1,composite,medium,working,low,none,74.3
Laptop,11.06,13.0,1,1,0,0,1,composite,medium,working,medium,none,85.49
Laptop,0.5,14.25,1,1,0,0,1,composite,medium,damaged,medium,formal,78.71
Laptop,6.71,17.02,1,1,0,0,1,composite,medium,broken,medium,informal,98.45
Laptop,4.87,12.15,1,1,0,0,1,composite,medium,damaged,low,formal,75.48
Laptop,4.12,1.94,1,1,0,0,1,composite,medium,working,high,informal,92.22
Laptop,11.95,11.66,1,1,0,0,1,composite,medium,broken,medium,informal,100.0
Laptop,5.13,13.45,1,1,0,0,1,composite,medium,damaged,medium,formal,79.49
Laptop,7.15,13.87,1,1,0,0,1,composite,medium,broken,high,none,100.0
Laptop,6.25,14.61,1,1,0,0,1,composite,medium,damaged,low,formal,78.66
Laptop,7.6,17.0,1,1,0,0,1,composite,medium,working,low,none,73.16
Laptop,1.74,9.58,1,1,0,0,1,composite,medium,damaged,medium,formal,83.81
Laptop,3.19,12.76,1,1,0,0,1,composite,medium,broken,low,informal,98.94
Laptop,8.43,5.05,1,1,0,0,1,composite,medium,damaged,medium,none,93.49
Laptop,8.9,7.3,1,1,0,0,1,composite,medium,damaged,medium,formal,92.82
Laptop,8.57,11.13,1,1,0,0,1,composite,medium,damaged,high,formal,91.79
Laptop,9.32,14.05,1,1,0,0,1,composite,medium,damaged,medium,informal,94.56
Laptop,9.2,9.09,1,1,0,0,1,composite,medium,damaged,high,formal,94.91
Laptop,11.65,7.56,1,1,0,0,1,composite,medium,working,medium,informal,85.08
Laptop,2.36,13.17,1,1,0,0,1,composite,medium,broken,medium,informal,89.12
Laptop,10.66,8.3,1,1,0,0,1,composite,medium,damaged,medium,informal,95.04
Laptop,7.95,1.24,1,1,0,0,1,composite,medium,broken,high,informal,100.0
Laptop,7.19,8.04,1,1,0,0,1,composite,medium,damaged,low,informal,86.46
Laptop,2.37,14.69,1,1,0,0,1,composite,medium,working,low,informal,79.83
Laptop,7.14,6.92,1,1,0,0,1,composite,medium,broken,medium,formal,92.58
Laptop,7.01,18.16,1,1,0,0,1,composite,medium,damaged,medium,formal,84.52
Laptop,7.35,1.62,1,1,0,0,1,composite,medium,broken,high,informal,100.0
Laptop,10.03,1.61,1,1,0,0,1,composite,medium,damaged,medium,none,91.17
Laptop,11.32,2.5,1,1,0,0,1,composite,medium,broken,high,formal,100.0
Laptop,8.8,0.82,1,1,0,0,1,composite,medium,damaged,medium,informal,95.31
Laptop,6.03,16.2,1,1,0,0,1,composite,medium,broken,low,none,93.13
Laptop,1.49,16.29,1,1,0,0,1,composite,medium,damaged,low,informal,76.73
Laptop,1.13,11.99,1,1,0,0,1,composite,medium,broken,medium,formal,90.47
Laptop,5.59,0.98,1,1,0,0,1,composite,medium,broken,high,informal,100.0
Laptop,6.88,16.52,1,1,0,0,1,composite,medium,damaged,high,informal,96.02
Laptop,5.26,19.16,1,1,0,0,1,composite,medium,damaged,medium,formal,87.73
Laptop,2.63,1.2,1,1,0,0,1,composite,medium,damaged,high,informal,100.0
Laptop,3.11,13.33,1,1,0,0,1,composite,medium,working,medium,formal,71.66
Laptop,4.95,1.03,1,1,0,0,1,composite,medium,damaged,medium,informal,87.74
Laptop,4.9,16.78,1,1,0,0,1,composite,medium,working,medium,formal,76.39
Laptop,7.01,17.56,1,1,0,0,1,composite,medium,damaged,high,formal,88.47
Laptop,1.63,0.89,1,1,0,0,1,composite,medium,working,medium,informal,77.0
Laptop,1.39,3.41,1,1,0,0,1,composite,medium,working,low,informal,77.95
Laptop,3.33,7.17,1,1,0,0,1,composite,medium,broken,medium,none,90.66
Laptop,6.88,1.54,1,1,0,0,1,composite,medium,working,medium,informal,81.21
Laptop,5.22,9.8,1,1,0,0,1,composite,medium,damaged,low,informal,86.71
Laptop,8.88,6.31,1,1,0,0,1,composite,medium,damaged,low,formal,85.69
Laptop,2.56,15.95,1,1,0,0,1,composite,medium,damaged,medium,informal,83.48
Laptop,9.5,19.85,1,1,0,0,1,composite,medium,working,high,none,87.15
Laptop,3.08,7.99,1,1,0,0,1,composite,medium,damaged,high,formal,84.31
Laptop,8.91,8.41,1,1,0,0,1,composite,medium,damaged,high,none,100.0
Laptop,10.46,1.2,1,1,0,0,1,composite,medium,damaged,low,informal,83.16
Laptop,6.48,19.93,1,1,0,0,1,composite,medium,working,medium,informal,89.19
Laptop,2.03,3.18,1,1,0,0,1,composite,medium,broken,high,none,100.0
Laptop,6.06,8.37,1,1,0,0,1,composite,medium,damaged,medium,informal,86.6
Laptop,2.36,9.44,1,1,0,0,1,composite,medium,damaged,medium,formal,84.65
Laptop,6.98,5.23,1,1,0,0,1,composite,medium,damaged,medium,none,87.89
Laptop,8.95,12.21,1,1,0,0,1,composite,medium,damaged,low,formal,90.98
Laptop,6.41,5.77,1,1,0,0,1,composite,medium,working,medium,formal,71.79
Laptop,8.95,0.49,1,1,0,0,1,composite,medium,damaged,high,formal,90.17
Laptop,7.7,11.02,1,1,0,0,1,composite,medium,damaged,medium,none,90.99
Laptop,2.76,0.46,1,1,0,0,1,composite,medium,broken,medium,none,96.32
Laptop,5.44,15.0,1,1,0,0,1,composite,medium,broken,medium,formal,91.1
Laptop,3.59,3.98,1,1,0,0,1,composite,medium,working,medium,informal,75.09
Laptop,7.58,1.64,1,1,0,0,1,composite,medium,working,low,informal,89.54
Laptop,2.96,5.67,1,1,0,0,1,composite,medium,damaged,high,formal,91.9
Laptop,9.68,18.66,1,1,0,0,1,composite,medium,working,low,none,87.35
Laptop,5.77,11.3,1,1,0,0,1,composite,medium,damaged,medium,none,91.53
Laptop,1.07,4.63,1,1,0,0,1,composite,medium,broken,medium,formal,82.82
Laptop,2.09,17.18,1,1,0,0,1,composite,medium,damaged,medium,formal,82.67
Laptop,4.09,8.22,1,1,0,0,1,composite,medium,working,high,informal,91.06
Laptop,11.25,6.07,1,1,0,0,1,composite,medium,broken,high,none,100.0
Laptop,2.0,13.44,1,1,0,0,1,composite,medium,broken,medium,formal,87.07
Laptop,6.3,6.25,1,1,0,0,1,composite,medium,damaged,medium,none,87.56
Laptop,3.6,3.98,1,1,0,0,1,composite,medium,broken,high,informal,94.64
Laptop,9.14,17.94,1,1,0,0,1,composite,medium,broken,low,none,88.93
Laptop,1.22,9.73,1,1,0,0,1,composite,medium,working,low,informal,69.83
Laptop,9.8,17.51,1,1,0,0,1,composite,medium,damaged,high,none,97.5
Laptop,8.44,18.9,1,1,0,0,1,composite,medium,damaged,medium,informal,95.82
Laptop,7.93,10.22,1,1,0,0,1,composite,medium,working,medium,none,84.0
Laptop,8.12,15.04,1,1,0,0,1,composite,medium,broken,high,informal,100.0
Laptop,10.37,2.64,1,1,0,0,1,composite,medium,broken,high,none,100.0
Laptop,2.44,1.08,1,1,0,0,1,composite,medium,broken,medium,none,89.46
Laptop,4.91,3.37,1,1,0,0,1,composite,medium,broken,medium,formal,89.26
Laptop,7.45,9.22,1,1,0,0,1,composite,medium,broken,high,none,100.0
Laptop,1.71,16.78,1,1,0,0,1,composite,medium,damaged,medium,informal,87.5
Laptop,1.79,8.16,1,1,0,0,1,composite,medium,broken,low,none,88.59
Laptop,8.31,12.63,1,1,0,0,1,composite,medium,damaged,low,none,91.96
Laptop,5.02,2.79,1,1,0,0,1,composite,medium,working,medium,none,78.11
light bulbs,4.75,7.15,0,0,1,0,0,glass,light,damaged,medium,informal,86.75
light bulbs,6.34,2.78,0,0,1,0,0,glass,light,broken,low,formal,87.8
light bulbs,8.13,11.91,0,0,1,0,0,glass,light,damaged,medium,none,90.79
light bulbs,7.96,8.39,0,0,1,0,0,glass,light,damaged,medium,none,86.61
light bulbs,6.4,6.42,0,0,1,0,0,glass,light,damaged,high,informal,93.76
light bulbs,1.13,4.09,0,0,1,0,0,glass,light,damaged,low,formal,73.83
light bulbs,11.02,16.88,0,0,1,0,0,glass,light,broken,low,formal,88.6
light bulbs,11.18,8.62,0,0,1,0,0,glass,light,working,medium,informal,84.85
light bulbs,4.81,12.43,0,0,1,0,0,glass,light,broken,low,formal,81.35
light bulbs,9.73,6.83,0,0,1,0,0,glass,light,damaged,medium,informal,90.86
light bulbs,10.41,17.32,0,0,1,0,0,glass,light,working,high,informal,91.96
light bulbs,11.85,15.09,0,0,1,0,0,glass,light,working,medium,none,85.19
light bulbs,10.36,1.96,0,0,1,0,0,glass,light,broken,medium,formal,86.32
light bulbs,9.92,6.75,0,0,1,0,0,glass,light,broken,low,informal,92.83
light bulbs,3.27,4.68,0,0,1,0,0,glass,light,working,low,informal,71.29
light bulbs,4.83,17.52,0,0,1,0,0,glass,light,broken,medium,informal,86.14
light bulbs,1.73,19.07,0,0,1,0,0,glass,light,working,medium,formal,65.39
light bulbs,9.51,2.46,0,0,1,0,0,glass,light,damaged,low,formal,79.44
light bulbs,10.96,3.81,0,0,1,0,0,glass,light,broken,medium,formal,91.19
light bulbs,10.32,0.27,0,0,1,0,0,glass,light,damaged,high,none,97.88
light bulbs,10.96,16.39,0,0,1,0,0,glass,light,broken,low,formal,84.59
light bulbs,5.02,10.9,0,0,1,0,0,glass,light,working,medium,formal,67.18
light bulbs,4.07,10.07,0,0,1,0,0,glass,light,broken,high,informal,98.54
light bulbs,1.51,7.55,0,0,1,0,0,glass,light,damaged,low,formal,67.02
light bulbs,11.49,19.07,0,0,1,0,0,glass,light,damaged,low,formal,84.23
light bulbs,2.12,15.27,0,0,1,0,0,glass,light,working,high,informal,82.01
light bulbs,9.42,6.86,0,0,1,0,0,glass,light,damaged,low,formal,82.41
light bulbs,9.8,1.39,0,0,1,0,0,glass,light,damaged,medium,informal,96.2
light bulbs,4.59,2.98,0,0,1,0,0,glass,light,damaged,high,informal,91.4
light bulbs,3.23,6.0,0,0,1,0,0,glass,light,damaged,medium,none,81.53
light bulbs,4.67,16.48,0,0,1,0,0,glass,light,working,medium,none,76.29
light bulbs,8.36,0.52,0,0,1,0,0,glass,light,damaged,medium,formal,87.24
light bulbs,7.51,4.82,0,0,1,0,0,glass,light,damaged,low,formal,76.87
light bulbs,10.97,0.13,0,0,1,0,0,glass,light,damaged,low,informal,87.94
light bulbs,11.15,3.24,0,0,1,0,0,glass,light,broken,low,none,97.01
light bulbs,6.87,10.7,0,0,1,0,0,glass,light,working,low,none,76.73
light bulbs,4.27,7.45,0,0,1,0,0,glass,light,broken,medium,none,92.6
light bulbs,10.63,1.0,0,0,1,0,0,glass,light,damaged,medium,formal,92.04
light bulbs,9.05,18.38,0,0,1,0,0,glass,light,damaged,medium,none,87.56
light bulbs,4.54,18.19,0,0,1,0,0,glass,light,damaged,high,none,78.85
light bulbs,4.43,8.68,0,0,1,0,0,glass,light,broken,medium,none,90.96
light bulbs,9.03,16.1,0,0,1,0,0,glass,light,broken,medium,formal,93.12
light bulbs,5.12,13.48,0,0,1,0,0,glass,light,damaged,high,informal,88.6
light bulbs,9.12,10.92,0,0,1,0,0,glass,light,working,medium,none,84.89
light bulbs,6.05,4.33,0,0,1,0,0,glass,light,broken,high,none,94.72
light bulbs,10.83,10.51,0,0,1,0,0,glass,light,broken,medium,informal,88.65
light bulbs,1.92,4.13,0,0,1,0,0,glass,light,working,low,none,73.31
light bulbs,10.15,11.02,0,0,1,0,0,glass,light,working,high,informal,87.25
light bulbs,8.91,15.4,0,0,1,0,0,glass,light,broken,medium,informal,95.41
light bulbs,10.82,2.4,0,0,1,0,0,glass,light,damaged,high,informal,99.79
light bulbs,5.03,9.47,0,0,1,0,0,glass,light,broken,medium,none,91.42
light bulbs,10.25,3.64,0,0,1,0,0,glass,light,damaged,low,none,86.42
light bulbs,6.66,12.71,0,0,1,0,0,glass,light,working,low,formal,73.51
light bulbs,10.37,13.34,0,0,1,0,0,glass,light,damaged,high,none,89.49
light bulbs,11.2,10.56,0,0,1,0,0,glass,light,damaged,low,none,85.53
light bulbs,6.62,11.29,0,0,1,0,0,glass,light,damaged,low,informal,82.13
light bulbs,7.6,19.4,0,0,1,0,0,glass,light,broken,high,none,95.02
light bulbs,8.17,12.47,0,0,1,0,0,glass,light,damaged,medium,informal,92.32
light bulbs,4.35,10.39,0,0,1,0,0,glass,light,working,high,formal,77.71
light bulbs,8.07,8.76,0,0,1,0,0,glass,light,damaged,medium,informal,87.38
light bulbs,11.23,18.45,0,0,1,0,0,glass,light,damaged,medium,none,90.88
light bulbs,4.37,18.41,0,0,1,0,0,glass,light,working,medium,none,75.06
light bulbs,6.08,1.72,0,0,1,0,0,glass,light,broken,medium,informal,93.89
light bulbs,5.44,1.51,0,0,1,0,0,glass,light,working,high,formal,73.14
light bulbs,2.74,10.1,0,0,1,0,0,glass,light,broken,low,informal,91.0
light bulbs,3.52,8.44,0,0,1,0,0,glass,light,working,medium,informal,77.37
light bulbs,7.07,6.66,0,0,1,0,0,glass,light,damaged,low,informal,86.35
light bulbs,11.61,19.4,0,0,1,0,0,glass,light,broken,medium,none,95.69
light bulbs,3.78,12.62,0,0,1,0,0,glass,light,damaged,medium,none,79.68
light bulbs,11.13,1.13,0,0,1,0,0,glass,light,damaged,high,informal,94.38
light bulbs,6.78,5.0,0,0,1,0,0,glass,light,damaged,high,informal,91.38
light bulbs,0.68,19.27,0,0,1,0,0,glass,light,damaged,medium,formal,74.96
light bulbs,8.36,18.65,0,0,1,0,0,glass,light,damaged,low,informal,85.02
light bulbs,10.62,12.98,0,0,1,0,0,glass,light,broken,medium,formal,97.71
light bulbs,4.06,4.04,0,0,1,0,0,glass,light,broken,high,none,92.22
light bulbs,9.2,9.49,0,0,1,0,0,glass,light,working,medium,formal,75.74
light bulbs,4.25,9.38,0,0,1,0,0,glass,light,working,high,formal,76.94
light bulbs,9.34,8.52,0,0,1,0,0,glass,light,damaged,low,formal,79.77
light bulbs,5.63,16.33,0,0,1,0,0,glass,light,broken,low,informal,88.93
light bulbs,10.04,2.68,0,0,1,0,0,glass,light,broken,high,none,100.0
light bulbs,8.28,7.27,0,0,1,0,0,glass,light,broken,medium,informal,100.0
light bulbs,11.19,4.1,0,0,1,0,0,glass,light,broken,high,formal,100.0
light bulbs,4.95,5.66,0,0,1,0,0,glass,light,damaged,high,informal,97.79
light bulbs,5.5,17.39,0,0,1,0,0,glass,light,working,high,formal,77.62
light bulbs,4.25,15.13,0,0,1,0,0,glass,light,damaged,medium,informal,82.74
light bulbs,1.17,6.01,0,0,1,0,0,glass,light,damaged,low,informal,81.41
light bulbs,5.1,1.16,0,0,1,0,0,glass,light,damaged,high,formal,92.86
light bulbs,5.32,14.02,0,0,1,0,0,glass,light,damaged,medium,formal,84.39
light bulbs,8.45,13.23,0,0,1,0,0,glass,light,working,medium,none,82.41
light bulbs,10.96,14.35,0,0,1,0,0,glass,light,damaged,high,none,86.15
light bulbs,5.75,9.51,0,0,1,0,0,glass,light,damaged,high,none,88.84
light bulbs,6.82,8.35,0,0,1,0,0,glass,light,broken,low,none,89.05
light bulbs,6.91,1.1,0,0,1,0,0,glass,light,broken,medium,formal,92.88
light bulbs,4.01,3.86,0,0,1,0,0,glass,light,working,medium,none,76.42
light bulbs,5.92,4.56,0,0,1,0,0,glass,light,working,medium,none,73.79
light bulbs,10.75,9.21,0,0,1,0,0,glass,light,broken,high,formal,97.76
light bulbs,1.61,14.41,0,0,1,0,0,glass,light,damaged,low,formal,71.54
light bulbs,7.47,8.57,0,0,1,0,0,glass,light,working,high,formal,77.53
light bulbs,9.26,17.87,0,0,1,0,0,glass,light,damaged,medium,informal,95.69
light bulbs,10.78,6.72,0,0,1,0,0,glass,light,damaged,high,none,95.98
light bulbs,6.35,9.06,0,0,1,0,0,glass,light,damaged,high,formal,81.04
light bulbs,3.71,8.11,0,0,1,0,0,glass,light,broken,low,informal,89.87
light bulbs,1.45,3.1,0,0,1,0,0,glass,light,damaged,medium,formal,73.42
light bulbs,3.99,19.33,0,0,1,0,0,glass,light,broken,medium,informal,90.75
light bulbs,10.96,0.13,0,0,1,0,0,glass,light,broken,high,formal,96.72
light bulbs,3.46,9.0,0,0,1,0,0,glass,light,damaged,high,none,89.25
light bulbs,3.81,10.77,0,0,1,0,0,glass,light,damaged,medium,formal,88.61
light bulbs,3.11,10.88,0,0,1,0,0,glass,light,damaged,medium,none,82.57
light bulbs,7.53,7.43,0,0,1,0,0,glass,light,broken,low,informal,88.63
light bulbs,9.49,9.69,0,0,1,0,0,glass,light,broken,medium,informal,90.75
light bulbs,9.81,4.77,0,0,1,0,0,glass,light,working,medium,formal,67.16
light bulbs,11.62,11.43,0,0,1,0,0,glass,light,broken,low,informal,97.37
light bulbs,10.48,11.67,0,0,1,0,0,glass,light,broken,medium,formal,82.95
light bulbs,10.47,4.89,0,0,1,0,0,glass,light,broken,high,formal,94.39
light bulbs,4.5,17.91,0,0,1,0,0,glass,light,broken,medium,informal,100.0
light bulbs,3.64,14.73,0,0,1,0,0,glass,light,working,low,informal,75.46
light bulbs,4.56,6.32,0,0,1,0,0,glass,light,damaged,medium,formal,74.19
light bulbs,7.13,19.67,0,0,1,0,0,glass,light,working,medium,none,72.06
light bulbs,7.48,1.78,0,0,1,0,0,glass,light,damaged,low,informal,82.68
light bulbs,10.18,0.62,0,0,1,0,0,glass,light,broken,medium,formal,94.73
light bulbs,2.04,19.07,0,0,1,0,0,glass,light,working,low,informal,75.7
light bulbs,1.94,5.8,0,0,1,0,0,glass,light,working,low,informal,81.08
light bulbs,8.6,4.36,0,0,1,0,0,glass,light,damaged,medium,none,84.77
light bulbs,6.32,15.56,0,0,1,0,0,glass,light,broken,high,informal,97.01
light bulbs,8.4,6.26,0,0,1,0,0,glass,light,working,high,formal,76.2
light bulbs,8.47,15.33,0,0,1,0,0,glass,light,damaged,high,formal,86.5
light bulbs,5.63,14.54,0,0,1,0,0,glass,light,damaged,high,formal,91.09
light bulbs,11.02,3.14,0,0,1,0,0,glass,light,broken,medium,formal,98.42
light bulbs,5.96,6.68,0,0,1,0,0,glass,light,damaged,high,informal,95.44
light bulbs,1.09,4.66,0,0,1,0,0,glass,light,damaged,medium,formal,84.42
light bulbs,6.3,6.46,0,0,1,0,0,glass,light,damaged,medium,formal,79.15
light bulbs,9.42,16.16,0,0,1,0,0,glass,light,broken,low,informal,95.58
light bulbs,10.09,11.55,0,0,1,0,0,glass,light,damaged,medium,informal,93.39
light bulbs,1.44,8.71,0,0,1,0,0,glass,light,damaged,medium,formal,74.43
light bulbs,8.45,15.9,0,0,1,0,0,glass,light,working,low,formal,73.46
light bulbs,5.87,2.14,0,0,1,0,0,glass,light,damaged,high,none,96.26
light bulbs,7.7,1.51,0,0,1,0,0,glass,light,working,low,formal,70.61
light bulbs,4.93,18.86,0,0,1,0,0,glass,light,damaged,high,none,88.45
light bulbs,1.79,14.72,0,0,1,0,0,glass,light,damaged,medium,informal,84.44
light bulbs,0.78,13.94,0,0,1,0,0,glass,light,broken,high,none,91.28
light bulbs,11.72,1.31,0,0,1,0,0,glass,light,broken,medium,informal,100.0
light bulbs,11.8,18.24,0,0,1,0,0,glass,light,damaged,low,informal,85.51
light bulbs,10.0,14.03,0,0,1,0,0,glass,light,damaged,low,informal,92.11
light bulbs,7.87,6.24,0,0,1,0,0,glass,light,damaged,low,none,84.22
light bulbs,4.64,9.56,0,0,1,0,0,glass,light,damaged,medium,none,80.6
light bulbs,4.13,2.51,0,0,1,0,0,glass,light,damaged,low,informal,85.64
light bulbs,10.5,17.82,0,0,1,0,0,glass,light,damaged,medium,formal,89.98
light bulbs,3.31,8.43,0,0,1,0,0,glass,light,broken,high,formal,92.09
light bulbs,6.83,3.86,0,0,1,0,0,glass,light,working,high,none,85.35
light bulbs,4.44,10.93,0,0,1,0,0,glass,light,working,high,informal,90.04
Microwave,2.65,3.77,0,0,0,0,1,metal,heavy,working,low,informal,58.56
Microwave,9.92,6.54,0,0,0,0,1,metal,heavy,damaged,medium,formal,68.54
Microwave,0.81,14.71,0,0,0,0,1,metal,heavy,damaged,medium,none,60.74
Microwave,4.55,2.53,0,0,0,0,1,metal,heavy,working,medium,none,64.98
Microwave,11.57,12.57,0,0,0,0,1,metal,heavy,working,low,none,72.47
Microwave,9.49,14.07,0,0,0,0,1,metal,heavy,broken,low,none,82.36
Microwave,10.28,5.73,0,0,0,0,1,metal,heavy,damaged,medium,none,76.32
Microwave,2.41,14.25,0,0,0,0,1,metal,heavy,working,low,informal,56.05
Microwave,11.02,4.24,0,0,0,0,1,metal,heavy,working,high,informal,72.05
Microwave,2.3,13.67,0,0,0,0,1,metal,heavy,damaged,high,informal,77.47
Microwave,5.65,8.12,0,0,0,0,1,metal,heavy,broken,medium,formal,75.26
Microwave,3.4,18.31,0,0,0,0,1,metal,heavy,damaged,high,formal,61.26
Microwave,8.05,18.14,0,0,0,0,1,metal,heavy,working,high,informal,75.26
Microwave,3.97,3.77,0,0,0,0,1,metal,heavy,damaged,low,formal,61.28
Microwave,1.7,8.46,0,0,0,0,1,metal,heavy,broken,low,formal,58.47
Microwave,1.62,3.35,0,0,0,0,1,metal,heavy,broken,high,informal,82.11
Microwave,8.04,10.75,0,0,0,0,1,metal,heavy,damaged,medium,informal,79.54
Microwave,7.05,16.65,0,0,0,0,1,metal,heavy,broken,low,none,74.02
Microwave,8.25,19.6,0,0,0,0,1,metal,heavy,broken,medium,formal,74.18
Microwave,9.48,18.2,0,0,0,0,1,metal,heavy,damaged,medium,informal,77.93
Microwave,5.53,6.21,0,0,0,0,1,metal,heavy,broken,high,none,83.17
Microwave,8.98,5.06,0,0,0,0,1,metal,heavy,working,medium,none,67.32
Microwave,7.78,14.42,0,0,0,0,1,metal,heavy,damaged,high,formal,80.14
Microwave,2.18,16.46,0,0,0,0,1,metal,heavy,working,medium,informal,55.91
Microwave,7.35,2.16,0,0,0,0,1,metal,heavy,working,high,formal,64.08
Microwave,8.12,19.31,0,0,0,0,1,metal,heavy,broken,medium,none,76.37
Microwave,2.06,19.55,0,0,0,0,1,metal,heavy,broken,low,formal,62.33
Microwave,9.88,7.57,0,0,0,0,1,metal,heavy,working,medium,none,66.87
Microwave,7.74,8.33,0,0,0,0,1,metal,heavy,working,high,none,70.93
Microwave,1.15,2.42,0,0,0,0,1,metal,heavy,damaged,high,informal,72.69
Microwave,10.19,8.92,0,0,0,0,1,metal,heavy,broken,high,formal,88.46
Microwave,1.31,7.24,0,0,0,0,1,metal,heavy,damaged,high,informal,68.06
Microwave,9.88,8.65,0,0,0,0,1,metal,heavy,broken,medium,none,88.78
Microwave,7.75,8.35,0,0,0,0,1,metal,heavy,working,low,formal,51.39
Microwave,10.55,4.74,0,0,0,0,1,metal,heavy,working,high,informal,71.99
Microwave,11.54,17.03,0,0,0,0,1,metal,heavy,broken,medium,none,82.09
Microwave,2.15,0.18,0,0,0,0,1,metal,heavy,working,medium,informal,60.63
Microwave,5.36,14.36,0,0,0,0,1,metal,heavy,damaged,high,formal,71.47
Microwave,9.85,11.77,0,0,0,0,1,metal,heavy,working,low,informal,65.59
Microwave,3.47,17.34,0,0,0,0,1,metal,heavy,damaged,medium,informal,74.97
Microwave,2.85,12.54,0,0,0,0,1,metal,heavy,damaged,high,informal,86.49
Microwave,11.04,16.02,0,0,0,0,1,metal,heavy,damaged,high,informal,81.63
Microwave,6.16,3.85,0,0,0,0,1,metal,heavy,damaged,low,none,68.86
Microwave,6.63,12.63,0,0,0,0,1,metal,heavy,damaged,low,informal,69.42
Microwave,1.64,12.46,0,0,0,0,1,metal,heavy,damaged,high,formal,65.67
Microwave,11.16,14.21,0,0,0,0,1,metal,heavy,damaged,medium,formal,66.37
Microwave,11.82,13.33,0,0,0,0,1,metal,heavy,damaged,medium,formal,65.97
Microwave,8.75,15.54,0,0,0,0,1,metal,heavy,damaged,medium,none,77.43
Microwave,1.4,6.62,0,0,0,0,1,metal,heavy,working,high,informal,70.28
Microwave,2.94,4.79,0,0,0,0,1,metal,heavy,damaged,medium,formal,67.05
Microwave,0.73,17.59,0,0,0,0,1,metal,heavy,broken,medium,informal,71.69
Microwave,2.34,15.8,0,0,0,0,1,metal,heavy,damaged,low,informal,65.89
Microwave,4.05,7.38,0,0,0,0,1,metal,heavy,broken,high,informal,82.37
Microwave,9.38,9.68,0,0,0,0,1,metal,heavy,broken,high,formal,84.6
Microwave,11.27,16.51,0,0,0,0,1,metal,heavy,broken,low,none,76.15
Microwave,11.45,1.01,0,0,0,0,1,metal,heavy,working,medium,informal,74.08
Microwave,7.92,0.35,0,0,0,0,1,metal,heavy,broken,low,formal,70.65
Microwave,11.22,13.32,0,0,0,0,1,metal,heavy,broken,low,informal,78.91
Microwave,5.78,9.98,0,0,0,0,1,metal,heavy,working,medium,informal,65.59
Microwave,2.22,12.97,0,0,0,0,1,metal,heavy,working,high,informal,74.02
Microwave,2.31,19.25,0,0,0,0,1,metal,heavy,damaged,low,informal,67.84
Microwave,9.9,19.58,0,0,0,0,1,metal,heavy,damaged,medium,none,73.39
Microwave,2.02,10.94,0,0,0,0,1,metal,heavy,damaged,low,informal,66.77
Microwave,1.98,14.4,0,0,0,0,1,metal,heavy,working,medium,informal,59.9
Microwave,9.57,4.68,0,0,0,0,1,metal,heavy,damaged,low,none,72.53
Microwave,1.96,8.56,0,0,0,0,1,metal,heavy,working,high,none,69.45
Microwave,1.72,10.13,0,0,0,0,1,metal,heavy,broken,high,informal,80.26
Microwave,5.03,16.97,0,0,0,0,1,metal,heavy,damaged,medium,informal,74.58
Microwave,10.24,16.64,0,0,0,0,1,metal,heavy,damaged,medium,informal,71.98
Microwave,9.63,9.73,0,0,0,0,1,metal,heavy,damaged,low,formal,68.23
Microwave,11.42,6.11,0,0,0,0,1,metal,heavy,working,medium,informal,70.79
Microwave,6.76,11.04,0,0,0,0,1,metal,heavy,damaged,medium,none,71.56
Microwave,4.84,5.17,0,0,0,0,1,metal,heavy,working,medium,none,65.46
Microwave,0.74,8.38,0,0,0,0,1,metal,heavy,broken,medium,informal,69.17
Microwave,2.86,14.84,0,0,0,0,1,metal,heavy,working,high,formal,60.06
Microwave,8.81,6.39,0,0,0,0,1,metal,heavy,broken,low,formal,75.04
Microwave,6.17,1.65,0,0,0,0,1,metal,heavy,working,high,none,73.12
Microwave,6.77,5.4,0,0,0,0,1,metal,heavy,broken,medium,none,77.32
Microwave,3.55,13.44,0,0,0,0,1,metal,heavy,working,low,formal,52.46
Microwave,3.95,3.03,0,0,0,0,1,metal,heavy,damaged,medium,none,74.7
Microwave,6.71,1.56,0,0,0,0,1,metal,heavy,working,low,informal,63.79
Microwave,9.72,9.33,0,0,0,0,1,metal,heavy,damaged,low,none,74.02
Microwave,9.51,3.37,0,0,0,0,1,metal,heavy,damaged,medium,informal,77.85
Microwave,6.71,1.02,0,0,0,0,1,metal,heavy,working,low,formal,58.52
Microwave,9.05,14.47,0,0,0,0,1,metal,heavy,working,high,formal,64.67
Microwave,4.78,5.1,0,0,0,0,1,metal,heavy,damaged,medium,none,66.42
Microwave,1.14,2.85,0,0,0,0,1,metal,heavy,working,medium,formal,53.55
Microwave,6.56,11.24,0,0,0,0,1,metal,heavy,working,low,informal,67.9
Microwave,7.33,4.21,0,0,0,0,1,metal,heavy,working,high,formal,69.13
Microwave,3.92,2.72,0,0,0,0,1,metal,heavy,working,medium,informal,66.16
Microwave,9.5,18.75,0,0,0,0,1,metal,heavy,damaged,low,formal,64.7
Microwave,1.33,14.07,0,0,0,0,1,metal,heavy,damaged,high,none,73.6
Microwave,1.54,18.96,0,0,0,0,1,metal,heavy,damaged,medium,informal,67.83
Microwave,1.92,8.03,0,0,0,0,1,metal,heavy,damaged,high,none,69.67
Microwave,2.26,7.34,0,0,0,0,1,metal,heavy,damaged,low,none,59.11
Microwave,4.72,2.13,0,0,0,0,1,metal,heavy,damaged,low,none,68.07
Microwave,9.48,7.81,0,0,0,0,1,metal,heavy,damaged,high,informal,81.69
Microwave,10.2,12.89,0,0,0,0,1,metal,heavy,damaged,high,none,77.48
Microwave,11.08,1.91,0,0,0,0,1,metal,heavy,damaged,high,none,77.45
Microwave,9.67,14.41,0,0,0,0,1,metal,heavy,working,medium,formal,65.06
Microwave,4.38,0.37,0,0,0,0,1,metal,heavy,damaged,medium,informal,75.14
Microwave,2.98,2.42,0,0,0,0,1,metal,heavy,broken,low,none,71.46
Microwave,10.19,10.02,0,0,0,0,1,metal,heavy,broken,low,informal,74.43
Microwave,11.18,1.32,0,0,0,0,1,metal,heavy,damaged,medium,none,81.13
Microwave,3.44,7.3,0,0,0,0,1,metal,heavy,broken,low,none,76.24
Microwave,8.71,4.16,0,0,0,0,1,metal,heavy,damaged,high,informal,83.91
Microwave,11.62,9.05,0,0,0,0,1,metal,heavy,working,medium,none,72.2
Microwave,10.63,7.01,0,0,0,0,1,metal,heavy,working,high,informal,75.43
Microwave,9.5,8.86,0,0,0,0,1,metal,heavy,damaged,high,informal,75.12
Microwave,4.72,10.52,0,0,0,0,1,metal,heavy,broken,medium,informal,73.86
Microwave,8.21,5.4,0,0,0,0,1,metal,heavy,damaged,high,none,87.29
Microwave,0.84,12.37,0,0,0,0,1,metal,heavy,damaged,medium,informal,70.89
Microwave,1.44,3.87,0,0,0,0,1,metal,heavy,broken,medium,informal,74.97
Microwave,6.35,4.87,0,0,0,0,1,metal,heavy,broken,low,formal,75.75
Microwave,5.8,5.73,0,0,0,0,1,metal,heavy,working,medium,none,62.71
Microwave,1.34,5.48,0,0,0,0,1,metal,heavy,broken,medium,none,76.52
Microwave,0.58,10.37,0,0,0,0,1,metal,heavy,working,medium,none,57.87
Microwave,5.77,18.9,0,0,0,0,1,metal,heavy,damaged,low,informal,70.9
Microwave,3.26,9.4,0,0,0,0,1,metal,heavy,damaged,medium,informal,69.97
Microwave,10.05,13.28,0,0,0,0,1,metal,heavy,damaged,high,none,76.95
Microwave,2.91,0.8,0,0,0,0,1,metal,heavy,broken,high,none,80.42
Microwave,6.6,0.57,0,0,0,0,1,metal,heavy,working,medium,informal,70.52
Microwave,6.91,14.86,0,0,0,0,1,metal,heavy,damaged,medium,formal,73.32
Microwave,8.47,19.81,0,0,0,0,1,metal,heavy,damaged,medium,informal,74.09
Microwave,5.57,17.14,0,0,0,0,1,metal,heavy,damaged,high,formal,70.38
Microwave,4.12,10.25,0,0,0,0,1,metal,heavy,broken,low,informal,75.9
Microwave,10.35,7.93,0,0,0,0,1,metal,heavy,working,medium,informal,71.57
Microwave,6.31,19.77,0,0,0,0,1,metal,heavy,damaged,low,formal,63.48
Microwave,5.51,3.15,0,0,0,0,1,metal,heavy,broken,high,formal,83.97
Microwave,11.32,17.63,0,0,0,0,1,metal,heavy,damaged,high,informal,86.61
Microwave,6.86,2.3,0,0,0,0,1,metal,heavy,working,medium,formal,60.57
Microwave,6.7,19.38,0,0,0,0,1,metal,heavy,damaged,low,informal,68.34
Microwave,10.17,19.94,0,0,0,0,1,metal,heavy,damaged,medium,none,77.81
Microwave,5.17,0.83,0,0,0,0,1,metal,heavy,damaged,medium,none,65.36
Microwave,11.41,5.37,0,0,0,0,1,metal,heavy,broken,low,informal,82.82
Microwave,9.97,12.95,0,0,0,0,1,metal,heavy,broken,high,none,92.73
Microwave,6.45,2.35,0,0,0,0,1,metal,heavy,damaged,low,informal,79.09
Microwave,0.62,3.9,0,0,0,0,1,metal,heavy,damaged,high,informal,71.4
Microwave,5.38,14.3,0,0,0,0,1,metal,heavy,damaged,medium,informal,71.16
Microwave,0.8,4.44,0,0,0,0,1,metal,heavy,broken,low,formal,58.21
Microwave,5.96,0.21,0,0,0,0,1,metal,heavy,working,high,none,68.8
Microwave,9.5,16.91,0,0,0,0,1,metal,heavy,broken,medium,formal,76.95
Microwave,10.22,14.55,0,0,0,0,1,metal,heavy,broken,low,formal,75.53
Microwave,2.65,1.34,0,0,0,0,1,metal,heavy,broken,low,none,66.69
Microwave,4.7,16.83,0,0,0,0,1,metal,heavy,damaged,high,none,78.83
Microwave,10.72,9.2,0,0,0,0,1,metal,heavy,damaged,low,none,67.29
Microwave,11.62,5.38,0,0,0,0,1,metal,heavy,damaged,low,informal,69.33
Microwave,5.58,6.69,0,0,0,0,1,metal,heavy,damaged,medium,formal,65.74
Microwave,9.25,14.26,0,0,0,0,1,metal,heavy,damaged,low,none,67.13
Microwave,7.13,3.11,0,0,0,0,1,metal,heavy,damaged,medium,informal,72.35
Washing Machine,4.94,8.41,0,0,0,0,1,metal,heavy,damaged,low,formal,47.77
Washing Machine,3.61,7.42,0,0,0,0,1,metal,heavy,damaged,high,none,60.24
Washing Machine,9.0,1.74,0,0,0,0,1,metal,heavy,damaged,medium,informal,60.89
Washing Machine,3.97,7.69,0,0,0,0,1,metal,heavy,broken,high,formal,66.52
Washing Machine,1.85,5.05,0,0,0,0,1,metal,heavy,broken,medium,informal,52.38
Washing Machine,9.78,10.47,0,0,0,0,1,metal,heavy,working,low,informal,56.66
Washing Machine,11.27,6.17,0,0,0,0,1,metal,heavy,broken,high,formal,64.62
Washing Machine,4.77,10.04,0,0,0,0,1,metal,heavy,broken,low,informal,61.29
Washing Machine,6.08,10.82,0,0,0,0,1,metal,heavy,broken,low,none,60.42
Washing Machine,8.54,8.25,0,0,0,0,1,metal,heavy,working,medium,informal,61.59
Washing Machine,7.85,6.77,0,0,0,0,1,metal,heavy,broken,medium,formal,65.75
Washing Machine,9.63,9.9,0,0,0,0,1,metal,heavy,broken,medium,informal,67.32
Washing Machine,10.83,17.93,0,0,0,0,1,metal,heavy,damaged,high,formal,60.4
Washing Machine,2.55,4.8,0,0,0,0,1,metal,heavy,damaged,medium,informal,57.32
Washing Machine,2.05,5.93,0,0,0,0,1,metal,heavy,damaged,medium,informal,55.31
Washing Machine,9.2,6.65,0,0,0,0,1,metal,heavy,broken,low,formal,58.2
Washing Machine,4.47,16.16,0,0,0,0,1,metal,heavy,working,low,formal,39.81
Washing Machine,3.41,11.11,0,0,0,0,1,metal,heavy,damaged,medium,formal,51.97
Washing Machine,10.44,6.19,0,0,0,0,1,metal,heavy,damaged,low,informal,61.44
Washing Machine,1.34,15.8,0,0,0,0,1,metal,heavy,working,medium,none,35.29
Washing Machine,6.96,14.82,0,0,0,0,1,metal,heavy,damaged,medium,none,59.75
Washing Machine,9.07,7.59,0,0,0,0,1,metal,heavy,damaged,medium,none,52.99
Washing Machine,11.19,10.91,0,0,0,0,1,metal,heavy,damaged,high,formal,65.06
Washing Machine,9.97,17.14,0,0,0,0,1,metal,heavy,damaged,low,informal,55.05
Washing Machine,3.15,5.83,0,0,0,0,1,metal,heavy,broken,low,none,62.41
Washing Machine,1.53,6.75,0,0,0,0,1,metal,heavy,working,high,none,44.09
Washing Machine,5.79,4.48,0,0,0,0,1,metal,heavy,broken,medium,formal,59.56
Washing Machine,0.54,4.77,0,0,0,0,1,metal,heavy,broken,low,formal,47.03
Washing Machine,7.06,17.24,0,0,0,0,1,metal,heavy,damaged,high,none,57.03
Washing Machine,6.92,6.09,0,0,0,0,1,metal,heavy,working,low,informal,45.51
Washing Machine,10.12,11.45,0,0,0,0,1,metal,heavy,broken,medium,formal,60.81
Washing Machine,3.78,15.86,0,0,0,0,1,metal,heavy,broken,high,formal,59.33
Washing Machine,10.63,6.57,0,0,0,0,1,metal,heavy,working,high,informal,60.99
Washing Machine,3.8,14.74,0,0,0,0,1,metal,heavy,damaged,high,formal,49.75
Washing Machine,4.58,9.64,0,0,0,0,1,metal,heavy,damaged,medium,none,56.13
Washing Machine,6.83,16.52,0,0,0,0,1,metal,heavy,damaged,medium,informal,60.62
Washing Machine,5.87,5.72,0,0,0,0,1,metal,heavy,broken,medium,formal,54.29
Washing Machine,1.77,4.4,0,0,0,0,1,metal,heavy,damaged,medium,none,51.29
Washing Machine,9.0,8.53,0,0,0,0,1,metal,heavy,damaged,medium,none,59.36
Washing Machine,2.01,4.72,0,0,0,0,1,metal,heavy,broken,high,none,69.17
Washing Machine,6.05,10.41,0,0,0,0,1,metal,heavy,broken,high,formal,61.16
Washing Machine,2.96,13.53,0,0,0,0,1,metal,heavy,damaged,high,formal,55.7
Washing Machine,6.38,18.37,0,0,0,0,1,metal,heavy,broken,low,informal,56.35
Washing Machine,11.63,18.3,0,0,0,0,1,metal,heavy,working,low,formal,46.51
Washing Machine,10.96,3.88,0,0,0,0,1,metal,heavy,damaged,medium,informal,67.37
Washing Machine,3.66,18.19,0,0,0,0,1,metal,heavy,damaged,low,none,43.49
Washing Machine,11.51,1.56,0,0,0,0,1,metal,heavy,damaged,medium,informal,64.22
Washing Machine,11.52,10.07,0,0,0,0,1,metal,heavy,working,medium,informal,50.98
Washing Machine,10.34,8.7,0,0,0,0,1,metal,heavy,working,low,none,53.51
Washing Machine,2.87,6.44,0,0,0,0,1,metal,heavy,damaged,high,none,55.36
Washing Machine,2.88,7.17,0,0,0,0,1,metal,heavy,working,medium,informal,46.77
Washing Machine,10.81,16.14,0,0,0,0,1,metal,heavy,working,medium,informal,46.38
Washing Machine,3.14,4.0,0,0,0,0,1,metal,heavy,working,medium,formal,42.44
Washing Machine,6.06,8.33,0,0,0,0,1,metal,heavy,broken,low,formal,54.7
Washing Machine,3.86,3.46,0,0,0,0,1,metal,heavy,damaged,high,informal,64.35
Washing Machine,1.06,4.21,0,0,0,0,1,metal,heavy,damaged,medium,formal,44.72
Washing Machine,5.13,12.99,0,0,0,0,1,metal,heavy,damaged,medium,informal,56.54
Washing Machine,1.98,18.95,0,0,0,0,1,metal,heavy,damaged,medium,none,47.93
Washing Machine,6.23,6.21,0,0,0,0,1,metal,heavy,broken,high,none,68.82
Washing Machine,9.28,2.74,0,0,0,0,1,metal,heavy,working,high,formal,51.78
Washing Machine,9.16,9.48,0,0,0,0,1,metal,heavy,damaged,low,none,58.47
Washing Machine,8.29,14.06,0,0,0,0,1,metal,heavy,broken,medium,informal,58.42
Washing Machine,11.47,12.85,0,0,0,0,1,metal,heavy,damaged,low,none,62.63
Washing Machine,5.91,3.99,0,0,0,0,1,metal,heavy,damaged,low,informal,49.26
Washing Machine,6.79,8.73,0,0,0,0,1,metal,heavy,broken,high,none,72.08
Washing Machine,10.1,16.85,0,0,0,0,1,metal,heavy,damaged,medium,informal,63.25
Washing Machine,2.31,0.63,0,0,0,0,1,metal,heavy,broken,low,formal,55.97
Washing Machine,10.98,6.92,0,0,0,0,1,metal,heavy,damaged,low,formal,55.44
Washing Machine,10.06,15.34,0,0,0,0,1,metal,heavy,damaged,medium,informal,60.33
Washing Machine,9.77,5.6,0,0,0,0,1,metal,heavy,working,medium,none,50.6
Washing Machine,3.28,1.58,0,0,0,0,1,metal,heavy,damaged,high,informal,62.78
Washing Machine,6.17,0.81,0,0,0,0,1,metal,heavy,broken,medium,formal,62.61
Washing Machine,8.17,5.69,0,0,0,0,1,metal,heavy,damaged,medium,informal,58.76
Washing Machine,5.66,10.76,0,0,0,0,1,metal,heavy,damaged,high,informal,66.71
Washing Machine,7.93,3.02,0,0,0,0,1,metal,heavy,broken,medium,none,68.73
Washing Machine,6.56,18.6,0,0,0,0,1,metal,heavy,damaged,medium,formal,51.73
Washing Machine,9.73,4.95,0,0,0,0,1,metal,heavy,broken,high,none,80.75
Washing Machine,9.45,2.63,0,0,0,0,1,metal,heavy,damaged,low,informal,59.27
Washing Machine,2.28,3.67,0,0,0,0,1,metal,heavy,damaged,medium,informal,53.76
Washing Machine,2.6,11.48,0,0,0,0,1,metal,heavy,damaged,medium,none,48.91
Washing Machine,4.36,15.3,0,0,0,0,1,metal,heavy,damaged,medium,informal,50.15
Washing Machine,1.49,1.83,0,0,0,0,1,metal,heavy,broken,medium,formal,55.58
Washing Machine,4.6,11.85,0,0,0,0,1,metal,heavy,broken,low,formal,45.75
Washing Machine,1.27,0.57,0,0,0,0,1,metal,heavy,working,high,informal,54.27
Washing Machine,8.78,18.37,0,0,0,0,1,metal,heavy,damaged,low,informal,58.28
Washing Machine,7.08,18.15,0,0,0,0,1,metal,heavy,working,medium,none,48.83
Washing Machine,5.22,9.65,0,0,0,0,1,metal,heavy,working,medium,informal,49.92
Washing Machine,5.8,13.43,0,0,0,0,1,metal,heavy,working,medium,none,49.66
Washing Machine,10.47,12.53,0,0,0,0,1,metal,heavy,damaged,low,none,58.41
Washing Machine,3.55,18.67,0,0,0,0,1,metal,heavy,broken,high,formal,58.37
Washing Machine,5.59,12.36,0,0,0,0,1,metal,heavy,broken,low,none,56.44
Washing Machine,9.96,10.37,0,0,0,0,1,metal,heavy,damaged,medium,informal,65.13
Washing Machine,8.89,8.22,0,0,0,0,1,metal,heavy,damaged,medium,none,52.95
Washing Machine,3.28,9.67,0,0,0,0,1,metal,heavy,broken,medium,none,57.75
Washing Machine,1.61,9.53,0,0,0,0,1,metal,heavy,broken,high,formal,51.59
Washing Machine,5.21,15.6,0,0,0,0,1,metal,heavy,broken,low,none,57.29
Washing Machine,7.31,7.6,0,0,0,0,1,metal,heavy,damaged,medium,informal,64.91
Washing Machine,2.53,16.26,0,0,0,0,1,metal,heavy,damaged,low,none,33.88
Washing Machine,11.22,18.95,0,0,0,0,1,metal,heavy,damaged,low,informal,56.69
Washing Machine,5.18,7.67,0,0,0,0,1,metal,heavy,broken,medium,formal,53.26
Washing Machine,3.57,10.19,0,0,0,0,1,metal,heavy,working,medium,informal,49.43
Washing Machine,10.99,18.92,0,0,0,0,1,metal,heavy,working,low,informal,52.56
Washing Machine,10.79,19.44,0,0,0,0,1,metal,heavy,broken,low,none,62.35
Washing Machine,5.59,0.93,0,0,0,0,1,metal,heavy,damaged,medium,informal,57.6
Washing Machine,7.55,17.38,0,0,0,0,1,metal,heavy,damaged,medium,none,50.85
Washing Machine,1.04,13.37,0,0,0,0,1,metal,heavy,broken,low,none,53.32
Washing Machine,10.31,18.29,0,0,0,0,1,metal,heavy,damaged,high,informal,66.49
Washing Machine,1.0,14.41,0,0,0,0,1,metal,heavy,damaged,medium,formal,45.5
Washing Machine,8.2,0.02,0,0,0,0,1,metal,heavy,broken,low,formal,54.56
Washing Machine,4.58,6.42,0,0,0,0,1,metal,heavy,broken,medium,formal,45.88
Washing Machine,5.45,17.5,0,0,0,0,1,metal,heavy,damaged,low,none,56.71
Washing Machine,1.12,2.82,0,0,0,0,1,metal,heavy,damaged,low,informal,56.14
Washing Machine,6.77,5.68,0,0,0,0,1,metal,heavy,broken,high,none,64.14
Washing Machine,11.75,3.18,0,0,0,0,1,metal,heavy,damaged,medium,informal,62.89
Washing Machine,1.98,8.61,0,0,0,0,1,metal,heavy,damaged,high,formal,56.25
Washing Machine,0.86,19.34,0,0,0,0,1,metal,heavy,damaged,medium,informal,49.33
Washing Machine,1.26,19.79,0,0,0,0,1,metal,heavy,working,medium,informal,39.28
Washing Machine,8.58,1.37,0,0,0,0,1,metal,heavy,working,low,none,59.63
Washing Machine,2.68,11.47,0,0,0,0,1,metal,heavy,working,high,none,42.47
Washing Machine,3.19,1.01,0,0,0,0,1,metal,heavy,damaged,medium,informal,55.92
Washing Machine,11.36,7.93,0,0,0,0,1,metal,heavy,damaged,medium,informal,61.68
Washing Machine,5.91,14.14,0,0,0,0,1,metal,heavy,broken,medium,formal,50.3
Washing Machine,6.21,10.89,0,0,0,0,1,metal,heavy,working,high,none,56.96
Washing Machine,5.72,10.82,0,0,0,0,1,metal,heavy,broken,medium,informal,66.64
Washing Machine,6.17,11.59,0,0,0,0,1,metal,heavy,working,high,none,52.28
Washing Machine,7.45,2.43,0,0,0,0,1,metal,heavy,working,medium,informal,53.98
Washing Machine,7.27,1.79,0,0,0,0,1,metal,heavy,damaged,low,none,61.06
Washing Machine,4.24,1.9,0,0,0,0,1,metal,heavy,broken,medium,informal,64.48
Washing Machine,7.97,0.5,0,0,0,0,1,metal,heavy,broken,medium,formal,60.82
Washing Machine,3.37,1.32,0,0,0,0,1,metal,heavy,damaged,medium,informal,57.71
Washing Machine,4.68,4.34,0,0,0,0,1,metal,heavy,damaged,high,formal,49.79
Washing Machine,5.64,5.09,0,0,0,0,1,metal,heavy,broken,medium,informal,71.23
Washing Machine,4.0,3.64,0,0,0,0,1,metal,heavy,working,high,formal,44.18
Washing Machine,5.28,9.39,0,0,0,0,1,metal,heavy,damaged,low,informal,59.63
Washing Machine,8.13,13.32,0,0,0,0,1,metal,heavy,damaged,medium,formal,53.12
Washing Machine,3.12,5.6,0,0,0,0,1,metal,heavy,working,medium,formal,41.61
Washing Machine,2.04,12.9,0,0,0,0,1,metal,heavy,damaged,high,informal,62.59
Washing Machine,1.84,10.73,0,0,0,0,1,metal,heavy,damaged,medium,informal,48.13
Washing Machine,10.52,19.98,0,0,0,0,1,metal,heavy,damaged,medium,formal,55.43
Washing Machine,4.72,18.28,0,0,0,0,1,metal,heavy,damaged,medium,informal,49.91
Washing Machine,10.12,13.02,0,0,0,0,1,metal,heavy,damaged,medium,none,51.01
Washing Machine,6.22,13.35,0,0,0,0,1,metal,heavy,working,high,informal,58.71
Washing Machine,4.44,2.77,0,0,0,0,1,metal,heavy,damaged,medium,informal,53.19
Washing Machine,11.56,11.99,0,0,0,0,1,metal,heavy,broken,low,informal,72.09
Washing Machine,4.37,11.39,0,0,0,0,1,metal,heavy,broken,low,formal,49.65
Washing Machine,8.19,10.86,0,0,0,0,1,metal,heavy,broken,low,formal,57.77
Washing Machine,6.9,18.93,0,0,0,0,1,metal,heavy,damaged,medium,informal,60.3
Washing Machine,9.94,5.71,0,0,0,0,1,metal,heavy,working,high,formal,51.33
Washing Machine,4.75,10.12,0,0,0,0,1,metal,heavy,damaged,high,informal,68.13
Washing Machine,6.8,12.81,0,0,0,0,1,metal,heavy,damaged,low,formal,55.32
Printer,3.08,10.01,0,1,0,0,1,composite,medium,broken,high,none,70.3
Printer,5.03,3.85,0,1,0,0,1,composite,medium,working,medium,none,51.16
Printer,2.42,0.94,0,1,0,0,1,composite,medium,broken,medium,none,68.93
Printer,5.2,13.24,0,1,0,0,1,composite,medium,damaged,medium,informal,67.71
Printer,2.67,10.16,0,1,0,0,1,composite,medium,damaged,high,none,65.12
Printer,8.79,10.01,0,1,0,0,1,composite,medium,broken,high,formal,77.85
Printer,9.94,0.76,0,1,0,0,1,composite,medium,damaged,medium,formal,67.1
Printer,8.72,18.33,0,1,0,0,1,composite,medium,broken,medium,informal,72.65
Printer,0.51,2.41,0,1,0,0,1,composite,medium,damaged,medium,informal,62.28
Printer,1.35,3.85,0,1,0,0,1,composite,medium,broken,high,none,79.61
Printer,1.85,19.8,0,1,0,0,1,composite,medium,working,low,none,53.98
Printer,2.53,11.61,0,1,0,0,1,composite,medium,broken,medium,none,63.15
Printer,2.66,12.5,0,1,0,0,1,composite,medium,damaged,low,informal,54.45
Printer,5.66,6.42,0,1,0,0,1,composite,medium,broken,high,informal,77.47
Printer,10.4,11.32,0,1,0,0,1,composite,medium,working,medium,informal,69.16
Printer,5.56,18.02,0,1,0,0,1,composite,medium,broken,medium,informal,74.9
Printer,4.24,19.67,0,1,0,0,1,composite,medium,damaged,low,informal,59.88
Printer,0.77,9.01,0,1,0,0,1,composite,medium,damaged,medium,formal,55.54
Printer,2.39,13.79,0,1,0,0,1,composite,medium,damaged,low,informal,57.02
Printer,2.2,1.47,0,1,0,0,1,composite,medium,broken,high,none,74.25
Printer,8.74,13.39,0,1,0,0,1,composite,medium,damaged,medium,formal,69.67
Printer,6.25,7.16,0,1,0,0,1,composite,medium,damaged,medium,none,68.77
Printer,10.52,6.85,0,1,0,0,1,composite,medium,broken,medium,none,84.06
Printer,7.15,14.99,0,1,0,0,1,composite,medium,broken,low,formal,75.72
Printer,11.28,10.6,0,1,0,0,1,composite,medium,damaged,medium,formal,69.05
Printer,4.08,6.13,0,1,0,0,1,composite,medium,broken,low,none,69.21
Printer,3.45,11.86,0,1,0,0,1,composite,medium,broken,medium,informal,66.85
Printer,3.69,19.93,0,1,0,0,1,composite,medium,broken,medium,informal,76.64
Printer,1.07,0.63,0,1,0,0,1,composite,medium,damaged,high,informal,63.09
Printer,5.64,1.46,0,1,0,0,1,composite,medium,broken,low,none,65.14
Printer,5.4,19.71,0,1,0,0,1,composite,medium,damaged,high,formal,68.07
Printer,2.11,1.93,0,1,0,0,1,composite,medium,damaged,high,informal,70.51
Printer,6.57,2.83,0,1,0,0,1,composite,medium,working,high,formal,63.7
Printer,2.9,13.31,0,1,0,0,1,composite,medium,working,medium,formal,51.39
Printer,8.96,6.03,0,1,0,0,1,composite,medium,damaged,medium,formal,61.28
Printer,8.12,3.17,0,1,0,0,1,composite,medium,damaged,low,informal,71.0
Printer,3.34,14.97,0,1,0,0,1,composite,medium,damaged,high,none,70.86
Printer,1.51,7.84,0,1,0,0,1,composite,medium,broken,medium,informal,63.88
Printer,3.75,7.57,0,1,0,0,1,composite,medium,working,high,informal,60.48
Printer,4.23,6.69,0,1,0,0,1,composite,medium,working,medium,none,60.42
Printer,10.82,10.37,0,1,0,0,1,composite,medium,damaged,low,none,58.44
Printer,11.13,0.5,0,1,0,0,1,composite,medium,damaged,medium,formal,65.42
Printer,5.43,13.05,0,1,0,0,1,composite,medium,broken,low,none,65.56
Printer,3.53,0.77,0,1,0,0,1,composite,medium,working,high,informal,61.77
Printer,1.83,2.15,0,1,0,0,1,composite,medium,broken,high,formal,62.26
Printer,6.43,5.08,0,1,0,0,1,composite,medium,broken,high,informal,79.22
Printer,4.58,7.63,0,1,0,0,1,composite,medium,damaged,high,informal,75.34
Printer,1.59,4.02,0,1,0,0,1,composite,medium,damaged,low,none,49.22
Printer,2.32,9.12,0,1,0,0,1,composite,medium,damaged,medium,informal,64.56
Printer,5.55,1.35,0,1,0,0,1,composite,medium,damaged,high,informal,77.88
Printer,10.07,9.89,0,1,0,0,1,composite,medium,working,low,informal,65.93
Printer,3.9,9.92,0,1,0,0,1,composite,medium,damaged,medium,formal,61.36
Printer,2.07,3.94,0,1,0,0,1,composite,medium,working,low,formal,39.58
Printer,11.69,3.88,0,1,0,0,1,composite,medium,damaged,medium,formal,70.09
Printer,10.15,0.65,0,1,0,0,1,composite,medium,broken,high,informal,93.22
Printer,4.95,12.95,0,1,0,0,1,composite,medium,working,low,informal,58.27
Printer,6.82,17.76,0,1,0,0,1,composite,medium,working,high,formal,54.76
Printer,5.1,3.02,0,1,0,0,1,composite,medium,damaged,high,informal,69.41
Printer,6.14,16.98,0,1,0,0,1,composite,medium,broken,medium,formal,68.14
Printer,3.04,5.39,0,1,0,0,1,composite,medium,broken,low,none,68.51
Printer,2.0,15.92,0,1,0,0,1,composite,medium,damaged,medium,none,65.48
Printer,1.07,0.06,0,1,0,0,1,composite,medium,working,medium,formal,38.81
Printer,1.81,8.23,0,1,0,0,1,composite,medium,damaged,high,formal,64.81
Printer,10.43,15.45,0,1,0,0,1,composite,medium,working,high,none,68.21
Printer,7.36,6.75,0,1,0,0,1,composite,medium,damaged,low,informal,58.62
Printer,5.97,7.28,0,1,0,0,1,composite,medium,damaged,high,formal,71.53
Printer,4.89,2.83,0,1,0,0,1,composite,medium,damaged,high,none,71.47
Printer,1.16,17.88,0,1,0,0,1,composite,medium,damaged,medium,none,57.83
Printer,2.23,0.78,0,1,0,0,1,composite,medium,broken,medium,formal,72.24
Printer,0.86,5.51,0,1,0,0,1,composite,medium,working,medium,none,49.96
Printer,11.8,12.74,0,1,0,0,1,composite,medium,working,high,informal,75.24
Printer,8.66,4.01,0,1,0,0,1,composite,medium,working,medium,formal,60.99
Printer,5.54,15.64,0,1,0,0,1,composite,medium,broken,medium,none,73.46
Printer,3.13,5.49,0,1,0,0,1,composite,medium,damaged,low,formal,57.7
Printer,2.91,9.11,0,1,0,0,1,composite,medium,broken,low,none,62.03
Printer,11.11,11.37,0,1,0,0,1,composite,medium,damaged,high,formal,73.14
Printer,8.48,0.8,0,1,0,0,1,composite,medium,broken,medium,informal,79.93
Printer,9.38,9.47,0,1,0,0,1,composite,medium,damaged,medium,none,65.91
Printer,6.23,16.84,0,1,0,0,1,composite,medium,broken,medium,formal,72.25
Printer,3.12,10.49,0,1,0,0,1,composite,medium,broken,medium,informal,69.36
Printer,3.32,2.19,0,1,0,0,1,composite,medium,broken,low,formal,58.38
Printer,11.69,19.59,0,1,0,0,1,composite,medium,damaged,low,none,70.72
Printer,5.69,2.02,0,1,0,0,1,composite,medium,broken,low,none,71.72
Printer,5.07,6.73,0,1,0,0,1,composite,medium,working,medium,informal,62.58
Printer,7.77,5.15,0,1,0,0,1,composite,medium,broken,low,none,70.27
Printer,4.33,8.99,0,1,0,0,1,composite,medium,damaged,medium,informal,64.83
Printer,8.93,13.72,0,1,0,0,1,composite,medium,broken,low,informal,66.48
Printer,6.09,6.28,0,1,0,0,1,composite,medium,working,low,formal,55.04
Printer,8.36,13.22,0,1,0,0,1,composite,medium,broken,high,formal,84.42
Printer,11.72,10.65,0,1,0,0,1,composite,medium,broken,low,formal,62.46
Printer,5.57,11.7,0,1,0,0,1,composite,medium,broken,high,informal,74.61
Printer,6.19,14.85,0,1,0,0,1,composite,medium,broken,medium,informal,76.18
Printer,11.7,13.27,0,1,0,0,1,composite,medium,damaged,medium,none,68.33
Printer,6.59,5.81,0,1,0,0,1,composite,medium,damaged,low,none,60.81
Printer,3.76,0.01,0,1,0,0,1,composite,medium,working,high,none,65.46
Printer,7.5,19.42,0,1,0,0,1,composite,medium,damaged,medium,formal,60.17
Printer,5.06,19.28,0,1,0,0,1,composite,medium,damaged,medium,formal,63.93
Printer,4.8,19.02,0,1,0,0,1,composite,medium,working,medium,none,63.19
Printer,4.19,5.05,0,1,0,0,1,composite,medium,damaged,high,formal,67.32
Printer,4.93,8.05,0,1,0,0,1,composite,medium,broken,high,formal,68.47
Printer,5.34,9.62,0,1,0,0,1,composite,medium,damaged,medium,formal,57.89
Printer,2.74,16.32,0,1,0,0,1,composite,medium,broken,medium,formal,70.61
Printer,7.84,5.77,0,1,0,0,1,composite,medium,working,high,formal,60.65
Printer,11.27,10.41,0,1,0,0,1,composite,medium,damaged,high,informal,76.62
Printer,4.35,4.15,0,1,0,0,1,composite,medium,damaged,medium,none,66.69
Printer,1.26,3.83,0,1,0,0,1,composite,medium,damaged,high,informal,61.78
Printer,8.14,5.11,0,1,0,0,1,composite,medium,working,low,informal,58.46
Printer,9.25,0.33,0,1,0,0,1,composite,medium,damaged,medium,informal,70.73
Printer,6.97,6.27,0,1,0,0,1,composite,medium,damaged,high,none,72.23
Printer,6.84,7.2,0,1,0,0,1,composite,medium,working,medium,informal,65.22
Printer,2.83,9.04,0,1,0,0,1,composite,medium,broken,medium,formal,70.68
Printer,9.62,12.59,0,1,0,0,1,composite,medium,working,high,none,71.26
Printer,0.78,8.24,0,1,0,0,1,composite,medium,damaged,medium,formal,58.13
Printer,9.67,18.43,0,1,0,0,1,composite,medium,broken,low,informal,75.31
Printer,5.25,17.2,0,1,0,0,1,composite,medium,damaged,high,informal,75.57
Printer,0.75,16.34,0,1,0,0,1,composite,medium,working,medium,informal,52.12
Printer,7.53,13.92,0,1,0,0,1,composite,medium,damaged,low,formal,61.4
Printer,9.04,10.2,0,1,0,0,1,composite,medium,damaged,medium,formal,75.0
Printer,4.36,19.52,0,1,0,0,1,composite,medium,broken,medium,informal,71.44
Printer,0.71,1.5,0,1,0,0,1,composite,medium,damaged,high,none,70.52
Printer,1.32,3.8,0,1,0,0,1,composite,medium,broken,high,informal,73.69
Printer,10.03,15.77,0,1,0,0,1,composite,medium,damaged,high,formal,72.27
Printer,0.96,4.03,0,1,0,0,1,composite,medium,working,medium,informal,42.14
Printer,3.61,0.59,0,1,0,0,1,composite,medium,damaged,medium,formal,63.12
Printer,10.47,14.94,0,1,0,0,1,composite,medium,broken,medium,formal,68.08
Printer,5.57,1.31,0,1,0,0,1,composite,medium,broken,low,none,70.31
Printer,10.44,9.3,0,1,0,0,1,composite,medium,broken,medium,none,82.67
Printer,5.82,18.82,0,1,0,0,1,composite,medium,damaged,medium,none,64.63
Printer,9.95,11.09,0,1,0,0,1,composite,medium,working,medium,none,66.85
Printer,0.88,9.36,0,1,0,0,1,composite,medium,damaged,high,formal,63.42
Printer,10.3,10.97,0,1,0,0,1,composite,medium,working,medium,formal,56.39
Printer,2.32,16.26,0,1,0,0,1,composite,medium,working,low,informal,52.97
Printer,6.45,15.27,0,1,0,0,1,composite,medium,damaged,high,informal,66.6
Printer,9.05,11.62,0,1,0,0,1,composite,medium,damaged,low,formal,55.89
Printer,7.12,8.47,0,1,0,0,1,composite,medium,damaged,low,none,61.75
Printer,6.15,19.51,0,1,0,0,1,composite,medium,damaged,medium,formal,63.99
Printer,7.47,1.8,0,1,0,0,1,composite,medium,broken,high,none,82.86
Printer,5.67,17.17,0,1,0,0,1,composite,medium,broken,medium,none,78.39
Printer,7.21,10.77,0,1,0,0,1,composite,medium,damaged,low,formal,58.89
Printer,4.87,8.98,0,1,0,0,1,composite,medium,broken,medium,informal,66.35
Printer,2.04,0.97,0,1,0,0,1,composite,medium,broken,medium,none,68.37
Printer,3.42,4.57,0,1,0,0,1,composite,medium,working,low,informal,49.56
Printer,1.84,19.72,0,1,0,0,1,composite,medium,damaged,low,formal,49.53
Printer,10.42,19.23,0,1,0,0,1,composite,medium,working,medium,formal,59.54
Printer,7.87,8.28,0,1,0,0,1,composite,medium,damaged,low,none,59.47
Printer,8.42,11.31,0,1,0,0,1,composite,medium,broken,low,none,69.81
Printer,8.25,2.31,0,1,0,0,1,composite,medium,damaged,medium,none,70.4
Printer,4.89,19.14,0,1,0,0,1,composite,medium,damaged,high,none,67.09
Printer,3.61,16.07,0,1,0,0,1,composite,medium,broken,medium,informal,63.84
Printer,0.68,4.41,0,1,0,0,1,composite,medium,damaged,medium,formal,55.55
Capacitor,10.54,14.1,0,0,0,0,1,electrochemical,light,working,medium,none,64.58
Capacitor,11.22,14.41,0,0,0,0,1,electrochemical,light,broken,low,informal,74.66
Capacitor,3.16,3.63,0,0,0,0,1,electrochemical,light,broken,low,informal,61.79
Capacitor,4.14,8.5,0,0,0,0,1,electrochemical,light,damaged,medium,none,64.81
Capacitor,2.26,14.67,0,0,0,0,1,electrochemical,light,working,medium,none,51.23
Capacitor,7.99,14.25,0,0,0,0,1,electrochemical,light,damaged,medium,formal,61.24
Capacitor,11.49,18.47,0,0,0,0,1,electrochemical,light,damaged,high,informal,74.36
Capacitor,5.4,10.75,0,0,0,0,1,electrochemical,light,working,medium,none,57.46
Capacitor,8.32,12.71,0,0,0,0,1,electrochemical,light,broken,low,informal,73.82
Capacitor,4.22,2.73,0,0,0,0,1,electrochemical,light,broken,medium,none,75.91
Capacitor,7.24,13.49,0,0,0,0,1,electrochemical,light,broken,medium,informal,81.33
Capacitor,4.8,7.77,0,0,0,0,1,electrochemical,light,working,high,formal,59.01
Capacitor,7.95,8.27,0,0,0,0,1,electrochemical,light,damaged,medium,formal,69.17
Capacitor,10.02,3.42,0,0,0,0,1,electrochemical,light,broken,medium,none,78.94
Capacitor,6.08,10.85,0,0,0,0,1,electrochemical,light,broken,high,informal,77.44
Capacitor,4.96,5.74,0,0,0,0,1,electrochemical,light,damaged,high,formal,59.92
Capacitor,8.29,3.46,0,0,0,0,1,electrochemical,light,damaged,low,formal,61.6
Capacitor,3.05,9.28,0,0,0,0,1,electrochemical,light,damaged,high,none,69.81
Capacitor,6.4,13.42,0,0,0,0,1,electrochemical,light,broken,low,informal,71.64
Capacitor,6.74,10.6,0,0,0,0,1,electrochemical,light,damaged,medium,none,68.72
Capacitor,5.31,14.29,0,0,0,0,1,electrochemical,light,broken,low,informal,76.08
Capacitor,3.37,12.81,0,0,0,0,1,electrochemical,light,broken,medium,none,65.76
Capacitor,11.92,2.13,0,0,0,0,1,electrochemical,light,working,high,none,70.04
Capacitor,10.26,0.42,0,0,0,0,1,electrochemical,light,damaged,medium,none,65.66
Capacitor,3.76,13.74,0,0,0,0,1,electrochemical,light,damaged,low,formal,48.03
Capacitor,9.8,16.01,0,0,0,0,1,electrochemical,light,damaged,medium,informal,69.97
Capacitor,10.01,8.51,0,0,0,0,1,electrochemical,light,damaged,medium,informal,64.7
Capacitor,1.55,14.37,0,0,0,0,1,electrochemical,light,working,low,informal,44.81
Capacitor,3.12,11.68,0,0,0,0,1,electrochemical,light,damaged,medium,informal,62.87
Capacitor,10.62,8.68,0,0,0,0,1,electrochemical,light,damaged,low,informal,67.38
Capacitor,6.87,11.18,0,0,0,0,1,electrochemical,light,broken,low,formal,64.22
Capacitor,2.96,1.21,0,0,0,0,1,electrochemical,light,damaged,low,none,54.05
Capacitor,6.64,2.89,0,0,0,0,1,electrochemical,light,working,high,formal,54.45
Capacitor,7.23,6.32,0,0,0,0,1,electrochemical,light,working,low,formal,55.92
Capacitor,5.42,13.17,0,0,0,0,1,electrochemical,light,damaged,low,informal,65.28
Capacitor,7.28,9.43,0,0,0,0,1,electrochemical,light,damaged,high,none,74.14
Capacitor,4.21,4.75,0,0,0,0,1,electrochemical,light,damaged,medium,none,61.0
Capacitor,8.82,16.12,0,0,0,0,1,electrochemical,light,damaged,medium,informal,71.61
Capacitor,10.72,16.91,0,0,0,0,1,electrochemical,light,damaged,medium,none,63.06
Capacitor,9.17,4.41,0,0,0,0,1,electrochemical,light,damaged,high,none,75.82
Capacitor,5.14,4.3,0,0,0,0,1,electrochemical,light,damaged,medium,formal,56.73
Capacitor,5.72,7.72,0,0,0,0,1,electrochemical,light,broken,medium,formal,70.25
Capacitor,1.53,11.82,0,0,0,0,1,electrochemical,light,damaged,medium,informal,62.94
Capacitor,6.3,3.0,0,0,0,0,1,electrochemical,light,working,low,formal,47.87
Capacitor,7.51,3.94,0,0,0,0,1,electrochemical,light,damaged,low,none,62.37
Capacitor,4.27,4.21,0,0,0,0,1,electrochemical,light,damaged,low,none,62.29
Capacitor,6.52,17.97,0,0,0,0,1,electrochemical,light,working,high,none,64.75
Capacitor,2.46,5.1,0,0,0,0,1,electrochemical,light,damaged,medium,informal,60.03
Capacitor,11.4,2.54,0,0,0,0,1,electrochemical,light,broken,low,none,69.39
Capacitor,10.37,6.18,0,0,0,0,1,electrochemical,light,damaged,medium,informal,71.37
Capacitor,6.2,14.65,0,0,0,0,1,electrochemical,light,working,medium,none,57.46
Capacitor,5.14,2.75,0,0,0,0,1,electrochemical,light,damaged,low,informal,70.03
Capacitor,9.28,5.17,0,0,0,0,1,electrochemical,light,damaged,high,none,74.99
Capacitor,9.33,0.82,0,0,0,0,1,electrochemical,light,working,low,informal,65.8
Capacitor,10.23,6.93,0,0,0,0,1,electrochemical,light,damaged,high,informal,83.03
Capacitor,4.44,1.69,0,0,0,0,1,electrochemical,light,broken,low,formal,53.85
Capacitor,10.6,6.04,0,0,0,0,1,electrochemical,light,damaged,medium,informal,69.7
Capacitor,5.22,14.41,0,0,0,0,1,electrochemical,light,damaged,high,formal,61.26
Capacitor,6.29,11.69,0,0,0,0,1,electrochemical,light,broken,low,informal,68.82
Capacitor,10.58,0.39,0,0,0,0,1,electrochemical,light,broken,high,none,85.36
Capacitor,5.55,0.91,0,0,0,0,1,electrochemical,light,broken,medium,formal,65.91
Capacitor,1.93,4.29,0,0,0,0,1,electrochemical,light,working,medium,informal,64.13
Capacitor,6.32,16.34,0,0,0,0,1,electrochemical,light,broken,medium,formal,64.71
Capacitor,7.0,12.99,0,0,0,0,1,electrochemical,light,damaged,high,formal,75.24
Capacitor,8.22,0.1,0,0,0,0,1,electrochemical,light,broken,low,formal,61.36
Capacitor,2.96,11.71,0,0,0,0,1,electrochemical,light,damaged,low,informal,54.61
Capacitor,9.82,13.8,0,0,0,0,1,electrochemical,light,broken,medium,informal,77.65
Capacitor,10.07,19.61,0,0,0,0,1,electrochemical,light,damaged,low,formal,60.0
Capacitor,4.2,11.58,0,0,0,0,1,electrochemical,light,working,high,informal,65.25
Capacitor,9.19,12.14,0,0,0,0,1,electrochemical,light,damaged,medium,informal,72.33
Capacitor,6.87,19.73,0,0,0,0,1,electrochemical,light,broken,high,none,88.22
Capacitor,10.04,8.88,0,0,0,0,1,electrochemical,light,damaged,medium,formal,55.1
Capacitor,7.57,16.56,0,0,0,0,1,electrochemical,light,working,medium,informal,62.87
Capacitor,3.12,3.43,0,0,0,0,1,electrochemical,light,damaged,medium,informal,65.75
Capacitor,1.51,17.87,0,0,0,0,1,electrochemical,light,damaged,medium,informal,66.83
Capacitor,11.19,6.08,0,0,0,0,1,electrochemical,light,broken,high,none,81.79
Capacitor,3.33,11.54,0,0,0,0,1,electrochemical,light,damaged,high,formal,56.36
Capacitor,4.21,12.9,0,0,0,0,1,electrochemical,light,broken,medium,none,73.13
Capacitor,3.54,10.39,0,0,0,0,1,electrochemical,light,damaged,low,informal,65.19
Capacitor,8.97,11.43,0,0,0,0,1,electrochemical,light,working,low,informal,67.68
Capacitor,3.66,1.6,0,0,0,0,1,electrochemical,light,damaged,medium,informal,68.9
Capacitor,4.33,15.1,0,0,0,0,1,electrochemical,light,damaged,medium,informal,71.56
Capacitor,0.63,13.93,0,0,0,0,1,electrochemical,light,damaged,high,none,59.71
Capacitor,2.84,6.81,0,0,0,0,1,electrochemical,light,damaged,medium,informal,66.55
Capacitor,2.4,19.55,0,0,0,0,1,electrochemical,light,working,high,none,67.96
Capacitor,5.51,12.6,0,0,0,0,1,electrochemical,light,damaged,medium,informal,68.42
Capacitor,6.23,11.59,0,0,0,0,1,electrochemical,light,damaged,medium,formal,56.44
Capacitor,10.52,9.7,0,0,0,0,1,electrochemical,light,damaged,medium,informal,76.52
Capacitor,6.99,2.3,0,0,0,0,1,electrochemical,light,broken,medium,informal,71.77
Capacitor,10.08,9.09,0,0,0,0,1,electrochemical,light,broken,low,none,78.58
Capacitor,8.96,4.24,0,0,0,0,1,electrochemical,light,working,medium,none,61.56
Capacitor,0.85,7.95,0,0,0,0,1,electrochemical,light,damaged,high,informal,61.4
Capacitor,9.92,10.95,0,0,0,0,1,electrochemical,light,working,medium,informal,63.04
Capacitor,2.81,18.45,0,0,0,0,1,electrochemical,light,broken,high,informal,73.6
Capacitor,6.3,9.29,0,0,0,0,1,electrochemical,light,damaged,medium,formal,59.68
Capacitor,6.45,7.41,0,0,0,0,1,electrochemical,light,broken,high,none,84.86
Capacitor,8.81,4.1,0,0,0,0,1,electrochemical,light,damaged,medium,informal,68.46
Capacitor,2.09,7.99,0,0,0,0,1,electrochemical,light,broken,low,informal,70.15
Capacitor,5.48,1.43,0,0,0,0,1,electrochemical,light,damaged,high,informal,72.02
Capacitor,1.49,18.73,0,0,0,0,1,electrochemical,light,damaged,medium,none,63.54
Capacitor,4.23,14.33,0,0,0,0,1,electrochemical,light,working,medium,formal,49.81
Capacitor,8.75,18.87,0,0,0,0,1,electrochemical,light,damaged,medium,informal,74.05
Capacitor,4.25,9.52,0,0,0,0,1,electrochemical,light,damaged,high,none,78.45
Capacitor,10.79,7.87,0,0,0,0,1,electrochemical,light,broken,medium,informal,77.29
Capacitor,8.66,19.01,0,0,0,0,1,electrochemical,light,working,high,informal,73.9
Capacitor,6.85,13.22,0,0,0,0,1,electrochemical,light,damaged,medium,informal,66.29
Capacitor,5.16,3.98,0,0,0,0,1,electrochemical,light,broken,medium,none,64.11
Capacitor,5.18,8.19,0,0,0,0,1,electrochemical,light,damaged,medium,informal,62.87
Capacitor,2.05,9.93,0,0,0,0,1,electrochemical,light,working,low,none,57.02
Capacitor,5.12,18.18,0,0,0,0,1,electrochemical,light,damaged,high,informal,77.46
Capacitor,11.54,16.41,0,0,0,0,1,electrochemical,light,broken,low,formal,64.01
Capacitor,10.34,0.65,0,0,0,0,1,electrochemical,light,working,medium,formal,55.27
Capacitor,3.17,15.96,0,0,0,0,1,electrochemical,light,damaged,low,informal,57.06
Capacitor,8.28,14.04,0,0,0,0,1,electrochemical,light,broken,high,formal,75.04
Capacitor,11.47,16.29,0,0,0,0,1,electrochemical,light,broken,low,none,74.75
Capacitor,1.57,14.78,0,0,0,0,1,electrochemical,light,broken,medium,informal,70.49
Capacitor,11.37,8.86,0,0,0,0,1,electrochemical,light,damaged,medium,none,71.01
Capacitor,8.4,15.84,0,0,0,0,1,electrochemical,light,damaged,high,none,71.83
Capacitor,1.24,8.05,0,0,0,0,1,electrochemical,light,working,medium,informal,58.98
Capacitor,3.56,17.99,0,0,0,0,1,electrochemical,light,broken,medium,none,78.98
Capacitor,4.92,14.74,0,0,0,0,1,electrochemical,light,damaged,low,none,67.64
Capacitor,4.72,0.39,0,0,0,0,1,electrochemical,light,working,medium,none,56.35
Capacitor,4.35,13.91,0,0,0,0,1,electrochemical,light,damaged,high,informal,72.13
Capacitor,5.68,4.0,0,0,0,0,1,electrochemical,light,damaged,low,informal,67.27
Capacitor,3.36,6.09,0,0,0,0,1,electrochemical,light,broken,medium,formal,66.01
Capacitor,1.99,9.08,0,0,0,0,1,electrochemical,light,damaged,medium,informal,61.0
Capacitor,9.82,0.9,0,0,0,0,1,electrochemical,light,damaged,medium,formal,61.76
Capacitor,6.5,13.28,0,0,0,0,1,electrochemical,light,damaged,high,informal,70.33
Capacitor,3.84,10.83,0,0,0,0,1,electrochemical,light,working,low,informal,54.96
Capacitor,1.51,16.93,0,0,0,0,1,electrochemical,light,broken,medium,none,67.52
Capacitor,5.15,4.44,0,0,0,0,1,electrochemical,light,damaged,medium,informal,69.65
Capacitor,10.88,17.52,0,0,0,0,1,electrochemical,light,broken,high,formal,78.36
Capacitor,3.55,9.91,0,0,0,0,1,electrochemical,light,broken,medium,none,67.61
Capacitor,8.92,3.3,0,0,0,0,1,electrochemical,light,damaged,medium,informal,69.29
Capacitor,8.65,7.36,0,0,0,0,1,electrochemical,light,damaged,low,none,71.18
Capacitor,8.84,4.2,0,0,0,0,1,electrochemical,light,broken,medium,informal,72.53
Capacitor,2.6,18.85,0,0,0,0,1,electrochemical,light,broken,low,informal,68.5
Capacitor,9.31,8.83,0,0,0,0,1,electrochemical,light,broken,medium,formal,74.94
Capacitor,7.78,19.52,0,0,0,0,1,electrochemical,light,damaged,medium,none,73.15
Capacitor,9.26,1.18,0,0,0,0,1,electrochemical,light,broken,high,none,82.69
Capacitor,7.99,17.13,0,0,0,0,1,electrochemical,light,working,medium,none,63.71
Capacitor,2.37,17.09,0,0,0,0,1,electrochemical,light,damaged,medium,none,63.67
Capacitor,5.32,3.89,0,0,0,0,1,electrochemical,light,damaged,medium,informal,69.66
Capacitor,7.19,15.62,0,0,0,0,1,electrochemical,light,working,low,none,59.0
Capacitor,1.37,4.94,0,0,0,0,1,electrochemical,light,damaged,medium,none,63.33
Capacitor,4.82,10.7,0,0,0,0,1,electrochemical,light,broken,high,formal,64.93
Capacitor,5.81,10.99,0,0,0,0,1,electrochemical,light,broken,high,formal,69.89
Capacitor,0.59,0.19,0,0,0,0,1,electrochemical,light,damaged,medium,formal,60.45
Capacitor,8.4,5.89,0,0,0,0,1,electrochemical,light,damaged,medium,formal,58.38
Capacitor,6.65,3.98,0,0,0,0,1,electrochemical,light,damaged,low,none,61.01
Integrated-micro-circuit,9.17,2.22,0,1,0,0,1,silicon,light,damaged,low,informal,75.81
Integrated-micro-circuit,6.45,18.49,0,1,0,0,1,silicon,light,damaged,medium,informal,68.88
Integrated-micro-circuit,11.41,15.55,0,1,0,0,1,silicon,light,damaged,high,informal,87.6
Integrated-micro-circuit,2.67,14.03,0,1,0,0,1,silicon,light,damaged,medium,formal,65.84
Integrated-micro-circuit,8.84,4.6,0,1,0,0,1,silicon,light,working,high,formal,69.6
Integrated-micro-circuit,4.87,9.52,0,1,0,0,1,silicon,light,working,high,none,69.32
Integrated-micro-circuit,4.22,6.38,0,1,0,0,1,silicon,light,damaged,medium,formal,67.42
Integrated-micro-circuit,3.45,7.61,0,1,0,0,1,silicon,light,broken,medium,informal,76.96
Integrated-micro-circuit,8.36,0.4,0,1,0,0,1,silicon,light,broken,medium,none,82.14
Integrated-micro-circuit,4.64,9.31,0,1,0,0,1,silicon,light,damaged,high,formal,76.14
Integrated-micro-circuit,11.06,16.31,0,1,0,0,1,silicon,light,broken,high,formal,88.31
Integrated-micro-circuit,9.75,17.99,0,1,0,0,1,silicon,light,damaged,low,formal,62.65
Integrated-micro-circuit,1.65,7.27,0,1,0,0,1,silicon,light,damaged,low,informal,67.94
Integrated-micro-circuit,5.84,9.91,0,1,0,0,1,silicon,light,damaged,high,formal,69.71
Integrated-micro-circuit,6.44,14.72,0,1,0,0,1,silicon,light,damaged,high,informal,78.25
Integrated-micro-circuit,7.5,5.77,0,1,0,0,1,silicon,light,working,medium,informal,69.7
Integrated-micro-circuit,1.37,13.97,0,1,0,0,1,silicon,light,damaged,low,informal,66.6
Integrated-micro-circuit,5.05,6.45,0,1,0,0,1,silicon,light,damaged,high,none,85.2
Integrated-micro-circuit,1.36,9.22,0,1,0,0,1,silicon,light,broken,low,none,68.89
Integrated-micro-circuit,10.21,8.37,0,1,0,0,1,silicon,light,damaged,medium,none,80.36
Integrated-micro-circuit,0.89,11.87,0,1,0,0,1,silicon,light,working,medium,informal,53.87
Integrated-micro-circuit,1.73,2.92,0,1,0,0,1,silicon,light,working,medium,none,59.55
Integrated-micro-circuit,1.83,18.93,0,1,0,0,1,silicon,light,broken,medium,informal,83.91
Integrated-micro-circuit,7.25,16.66,0,1,0,0,1,silicon,light,working,medium,informal,69.88
Integrated-micro-circuit,4.86,6.81,0,1,0,0,1,silicon,light,damaged,high,informal,78.39
Integrated-micro-circuit,1.68,1.24,0,1,0,0,1,silicon,light,working,medium,informal,67.79
Integrated-micro-circuit,8.76,14.86,0,1,0,0,1,silicon,light,working,low,formal,55.94
Integrated-micro-circuit,2.04,18.88,0,1,0,0,1,silicon,light,broken,low,informal,73.06
Integrated-micro-circuit,4.59,15.82,0,1,0,0,1,silicon,light,damaged,low,none,61.55
Integrated-micro-circuit,4.82,9.96,0,1,0,0,1,silicon,light,damaged,low,informal,67.19
Integrated-micro-circuit,0.72,15.45,0,1,0,0,1,silicon,light,working,low,none,58.44
Integrated-micro-circuit,6.18,4.12,0,1,0,0,1,silicon,light,broken,medium,formal,76.66
Integrated-micro-circuit,10.89,2.1,0,1,0,0,1,silicon,light,broken,high,none,90.46
Integrated-micro-circuit,2.69,8.85,0,1,0,0,1,silicon,light,working,medium,none,63.14
Integrated-micro-circuit,4.94,6.61,0,1,0,0,1,silicon,light,damaged,high,formal,68.59
Integrated-micro-circuit,8.5,2.12,0,1,0,0,1,silicon,light,damaged,medium,formal,69.74
Integrated-micro-circuit,11.27,0.38,0,1,0,0,1,silicon,light,damaged,low,informal,67.88
Integrated-micro-circuit,2.02,7.53,0,1,0,0,1,silicon,light,damaged,high,informal,76.47
Integrated-micro-circuit,7.28,4.02,0,1,0,0,1,silicon,light,damaged,low,formal,66.17
Integrated-micro-circuit,6.97,18.9,0,1,0,0,1,silicon,light,working,medium,none,61.21
Integrated-micro-circuit,6.94,5.11,0,1,0,0,1,silicon,light,damaged,low,informal,75.18
Integrated-micro-circuit,9.5,9.11,0,1,0,0,1,silicon,light,damaged,medium,formal,68.52
Integrated-micro-circuit,5.08,11.6,0,1,0,0,1,silicon,light,broken,low,informal,76.5
Integrated-micro-circuit,0.78,6.27,0,1,0,0,1,silicon,light,broken,medium,informal,66.66
Integrated-micro-circuit,3.78,5.97,0,1,0,0,1,silicon,light,damaged,high,none,68.33
Integrated-micro-circuit,10.24,8.54,0,1,0,0,1,silicon,light,damaged,low,none,69.28
Integrated-micro-circuit,6.62,16.18,0,1,0,0,1,silicon,light,broken,low,none,73.65
Integrated-micro-circuit,2.49,0.06,0,1,0,0,1,silicon,light,damaged,medium,informal,75.45
Integrated-micro-circuit,2.66,17.19,0,1,0,0,1,silicon,light,damaged,low,informal,61.2
Integrated-micro-circuit,3.63,3.4,0,1,0,0,1,silicon,light,broken,high,informal,84.33
Integrated-micro-circuit,8.71,14.72,0,1,0,0,1,silicon,light,working,high,none,73.21
Integrated-micro-circuit,1.95,2.78,0,1,0,0,1,silicon,light,broken,medium,none,72.22
Integrated-micro-circuit,9.08,12.1,0,1,0,0,1,silicon,light,damaged,low,informal,70.37
Integrated-micro-circuit,8.41,15.85,0,1,0,0,1,silicon,light,damaged,low,none,75.64
Integrated-micro-circuit,4.47,2.14,0,1,0,0,1,silicon,light,damaged,high,formal,68.74
Integrated-micro-circuit,11.9,3.96,0,1,0,0,1,silicon,light,damaged,high,formal,75.75
Integrated-micro-circuit,11.66,18.95,0,1,0,0,1,silicon,light,broken,low,informal,84.2
Integrated-micro-circuit,4.4,3.52,0,1,0,0,1,silicon,light,damaged,high,informal,76.64
Integrated-micro-circuit,6.68,19.9,0,1,0,0,1,silicon,light,damaged,medium,informal,82.32
Integrated-micro-circuit,11.29,10.85,0,1,0,0,1,silicon,light,broken,low,formal,71.55
Integrated-micro-circuit,6.27,0.41,0,1,0,0,1,silicon,light,damaged,medium,formal,68.94
Integrated-micro-circuit,7.09,18.52,0,1,0,0,1,silicon,light,damaged,medium,none,67.59
Integrated-micro-circuit,9.53,4.01,0,1,0,0,1,silicon,light,working,medium,informal,75.16
Integrated-micro-circuit,7.69,19.73,0,1,0,0,1,silicon,light,damaged,low,none,74.53
Integrated-micro-circuit,3.4,15.55,0,1,0,0,1,silicon,light,broken,medium,informal,69.44
Integrated-micro-circuit,4.56,12.73,0,1,0,0,1,silicon,light,broken,medium,formal,69.95
Integrated-micro-circuit,6.18,15.83,0,1,0,0,1,silicon,light,damaged,medium,none,69.51
Integrated-micro-circuit,10.8,3.26,0,1,0,0,1,silicon,light,broken,low,formal,81.95
Integrated-micro-circuit,10.74,4.91,0,1,0,0,1,silicon,light,broken,high,none,87.45
Integrated-micro-circuit,5.18,16.96,0,1,0,0,1,silicon,light,damaged,medium,informal,75.61
Integrated-micro-circuit,7.93,19.46,0,1,0,0,1,silicon,light,working,medium,none,65.22
Integrated-micro-circuit,6.95,6.65,0,1,0,0,1,silicon,light,working,high,informal,75.19
Integrated-micro-circuit,11.23,16.12,0,1,0,0,1,silicon,light,damaged,low,informal,73.8
Integrated-micro-circuit,6.44,5.27,0,1,0,0,1,silicon,light,working,medium,formal,58.39
Integrated-micro-circuit,1.17,7.45,0,1,0,0,1,silicon,light,broken,medium,informal,67.51
Integrated-micro-circuit,11.27,1.11,0,1,0,0,1,silicon,light,damaged,high,none,87.86
Integrated-micro-circuit,2.62,5.93,0,1,0,0,1,silicon,light,broken,low,none,75.05
Integrated-micro-circuit,1.65,14.36,0,1,0,0,1,silicon,light,damaged,high,formal,72.71
Integrated-micro-circuit,0.77,7.47,0,1,0,0,1,silicon,light,working,medium,none,64.26
Integrated-micro-circuit,0.5,3.38,0,1,0,0,1,silicon,light,working,medium,none,58.24
Integrated-micro-circuit,1.61,12.13,0,1,0,0,1,silicon,light,damaged,high,formal,62.21
Integrated-micro-circuit,10.5,12.1,0,1,0,0,1,silicon,light,damaged,medium,formal,71.0
Integrated-micro-circuit,5.62,19.99,0,1,0,0,1,silicon,light,broken,high,none,83.86
Integrated-micro-circuit,0.54,6.08,0,1,0,0,1,silicon,light,working,medium,none,58.36
Integrated-micro-circuit,10.56,14.99,0,1,0,0,1,silicon,light,broken,low,formal,69.94
Integrated-micro-circuit,3.42,6.62,0,1,0,0,1,silicon,light,damaged,medium,informal,75.97
Integrated-micro-circuit,6.39,13.46,0,1,0,0,1,silicon,light,damaged,medium,formal,73.77
Integrated-micro-circuit,9.2,13.34,0,1,0,0,1,silicon,light,working,medium,informal,68.87
Integrated-micro-circuit,6.07,11.0,0,1,0,0,1,silicon,light,damaged,medium,none,74.47
Integrated-micro-circuit,2.06,1.34,0,1,0,0,1,silicon,light,broken,high,formal,73.62
Integrated-micro-circuit,5.6,3.73,0,1,0,0,1,silicon,light,damaged,high,none,73.05
Integrated-micro-circuit,7.44,6.25,0,1,0,0,1,silicon,light,broken,high,informal,94.13
Integrated-micro-circuit,4.24,5.87,0,1,0,0,1,silicon,light,working,high,informal,70.75
Integrated-micro-circuit,9.92,2.5,0,1,0,0,1,silicon,light,broken,high,none,81.86
Integrated-micro-circuit,5.07,4.35,0,1,0,0,1,silicon,light,damaged,medium,formal,64.99
Integrated-micro-circuit,10.46,0.65,0,1,0,0,1,silicon,light,damaged,high,none,93.62
Integrated-micro-circuit,10.69,14.58,0,1,0,0,1,silicon,light,broken,medium,informal,84.52
Integrated-micro-circuit,3.49,3.55,0,1,0,0,1,silicon,light,working,high,formal,63.23
Integrated-micro-circuit,8.96,3.05,0,1,0,0,1,silicon,light,broken,high,none,89.95
Integrated-micro-circuit,4.47,17.87,0,1,0,0,1,silicon,light,damaged,medium,formal,69.33
Integrated-micro-circuit,11.1,2.82,0,1,0,0,1,silicon,light,working,medium,none,65.66
Integrated-micro-circuit,0.51,15.15,0,1,0,0,1,silicon,light,broken,high,informal,82.99
Integrated-micro-circuit,10.89,8.2,0,1,0,0,1,silicon,light,damaged,medium,informal,80.6
Integrated-micro-circuit,4.14,5.17,0,1,0,0,1,silicon,light,working,medium,formal,65.1
Integrated-micro-circuit,2.2,13.08,0,1,0,0,1,silicon,light,damaged,high,informal,78.68
Integrated-micro-circuit,3.99,19.66,0,1,0,0,1,silicon,light,damaged,low,informal,73.41
Integrated-micro-circuit,1.15,19.57,0,1,0,0,1,silicon,light,damaged,medium,none,65.33
Integrated-micro-circuit,7.54,14.33,0,1,0,0,1,silicon,light,damaged,high,formal,76.04
Integrated-micro-circuit,3.04,3.24,0,1,0,0,1,silicon,light,damaged,high,none,81.01
Integrated-micro-circuit,8.79,4.83,0,1,0,0,1,silicon,light,working,high,informal,70.51
Integrated-micro-circuit,11.79,6.76,0,1,0,0,1,silicon,light,broken,low,formal,66.95
Integrated-micro-circuit,2.43,5.26,0,1,0,0,1,silicon,light,working,high,informal,70.44
Integrated-micro-circuit,1.58,3.44,0,1,0,0,1,silicon,light,working,medium,formal,57.74
Integrated-micro-circuit,8.76,1.47,0,1,0,0,1,silicon,light,broken,medium,none,81.34
Integrated-micro-circuit,7.41,13.64,0,1,0,0,1,silicon,light,broken,low,informal,76.66
Integrated-micro-circuit,0.67,2.39,0,1,0,0,1,silicon,light,damaged,medium,informal,68.61
Integrated-micro-circuit,0.87,9.39,0,1,0,0,1,silicon,light,broken,medium,informal,77.75
Integrated-micro-circuit,6.47,17.16,0,1,0,0,1,silicon,light,damaged,high,formal,77.44
Integrated-micro-circuit,3.72,1.07,0,1,0,0,1,silicon,light,broken,medium,formal,72.71
Integrated-micro-circuit,10.09,11.08,0,1,0,0,1,silicon,light,damaged,medium,informal,79.17
Integrated-micro-circuit,11.03,2.52,0,1,0,0,1,silicon,light,damaged,medium,informal,85.02
Integrated-micro-circuit,2.11,10.27,0,1,0,0,1,silicon,light,working,low,formal,41.26
Integrated-micro-circuit,9.27,8.55,0,1,0,0,1,silicon,light,damaged,high,none,73.77
Integrated-micro-circuit,4.82,12.8,0,1,0,0,1,silicon,light,damaged,high,none,75.33
Integrated-micro-circuit,2.46,2.73,0,1,0,0,1,silicon,light,damaged,medium,formal,62.91
Integrated-micro-circuit,11.19,14.35,0,1,0,0,1,silicon,light,broken,low,formal,76.48
Integrated-micro-circuit,6.49,3.45,0,1,0,0,1,silicon,light,damaged,medium,formal,71.25
Integrated-micro-circuit,2.42,0.58,0,1,0,0,1,silicon,light,damaged,high,informal,74.4
Integrated-micro-circuit,1.86,11.41,0,1,0,0,1,silicon,light,broken,high,informal,83.98
Integrated-micro-circuit,1.55,13.58,0,1,0,0,1,silicon,light,broken,high,formal,67.18
Integrated-micro-circuit,0.71,10.92,0,1,0,0,1,silicon,light,broken,high,formal,74.22
Integrated-micro-circuit,4.3,17.21,0,1,0,0,1,silicon,light,damaged,high,informal,72.29
Integrated-micro-circuit,9.39,6.66,0,1,0,0,1,silicon,light,broken,medium,informal,84.76
Integrated-micro-circuit,4.16,5.34,0,1,0,0,1,silicon,light,broken,low,none,67.05
Integrated-micro-circuit,11.82,0.41,0,1,0,0,1,silicon,light,damaged,medium,formal,75.64
Integrated-micro-circuit,0.64,11.76,0,1,0,0,1,silicon,light,damaged,high,formal,67.17
Integrated-micro-circuit,8.34,13.61,0,1,0,0,1,silicon,light,damaged,high,none,81.86
Integrated-micro-circuit,5.08,6.21,0,1,0,0,1,silicon,light,damaged,medium,informal,71.75
Integrated-micro-circuit,11.76,1.78,0,1,0,0,1,silicon,light,broken,medium,informal,84.2
Integrated-micro-circuit,5.45,8.2,0,1,0,0,1,silicon,light,damaged,high,none,82.79
Integrated-micro-circuit,1.75,2.17,0,1,0,0,1,silicon,light,damaged,low,informal,66.4
Integrated-micro-circuit,0.58,6.34,0,1,0,0,1,silicon,light,damaged,medium,none,62.07
Integrated-micro-circuit,10.55,7.19,0,1,0,0,1,silicon,light,working,high,none,76.19
Integrated-micro-circuit,11.98,5.18,0,1,0,0,1,silicon,light,broken,high,formal,85.7
Integrated-micro-circuit,10.94,6.2,0,1,0,0,1,silicon,light,broken,medium,none,84.4
Integrated-micro-circuit,6.62,9.56,0,1,0,0,1,silicon,light,working,high,formal,67.09
Integrated-micro-circuit,6.86,5.07,0,1,0,0,1,silicon,light,broken,low,formal,69.25
Integrated-micro-circuit,3.18,9.83,0,1,0,0,1,silicon,light,broken,high,informal,77.88
Integrated-micro-circuit,1.52,13.88,0,1,0,0,1,silicon,light,working,high,formal,54.58
Integrated-micro-circuit,10.38,2.54,0,1,0,0,1,silicon,light,damaged,low,none,69.98
microchip,10.91,8.7,0,1,0,0,1,silicon,light,damaged,high,informal,92.72
microchip,8.43,2.15,0,1,0,0,1,silicon,light,broken,medium,formal,71.41
microchip,9.54,7.55,0,1,0,0,1,silicon,light,working,medium,none,71.09
microchip,4.71,12.03,0,1,0,0,1,silicon,light,damaged,medium,none,65.91
microchip,6.29,9.3,0,1,0,0,1,silicon,light,broken,medium,formal,75.99
microchip,9.43,15.77,0,1,0,0,1,silicon,light,broken,medium,none,79.55
microchip,10.77,3.89,0,1,0,0,1,silicon,light,working,high,none,81.39
microchip,6.77,1.03,0,1,0,0,1,silicon,light,broken,medium,informal,80.52
microchip,6.28,9.84,0,1,0,0,1,silicon,light,working,medium,formal,55.64
microchip,7.29,12.21,0,1,0,0,1,silicon,light,working,high,none,66.9
microchip,3.23,5.78,0,1,0,0,1,silicon,light,broken,high,none,77.26
microchip,6.93,3.76,0,1,0,0,1,silicon,light,damaged,medium,informal,69.17
microchip,9.48,16.81,0,1,0,0,1,silicon,light,damaged,high,formal,73.36
microchip,1.45,12.84,0,1,0,0,1,silicon,light,damaged,high,informal,72.74
microchip,3.8,10.02,0,1,0,0,1,silicon,light,damaged,medium,none,68.9
microchip,11.69,5.34,0,1,0,0,1,silicon,light,broken,medium,none,81.72
microchip,5.97,19.88,0,1,0,0,1,silicon,light,broken,high,none,74.63
microchip,4.76,0.41,0,1,0,0,1,silicon,light,damaged,medium,informal,68.63
microchip,11.7,18.23,0,1,0,0,1,silicon,light,working,medium,informal,73.68
microchip,6.53,11.45,0,1,0,0,1,silicon,light,broken,high,formal,74.64
microchip,8.71,8.71,0,1,0,0,1,silicon,light,damaged,low,informal,65.31
microchip,8.49,15.39,0,1,0,0,1,silicon,light,working,low,none,58.19
microchip,0.61,18.74,0,1,0,0,1,silicon,light,damaged,medium,formal,58.98
microchip,2.42,10.58,0,1,0,0,1,silicon,light,damaged,medium,formal,55.88
microchip,0.93,0.54,0,1,0,0,1,silicon,light,broken,medium,none,63.03
microchip,6.4,14.26,0,1,0,0,1,silicon,light,damaged,low,informal,58.84
microchip,4.26,8.86,0,1,0,0,1,silicon,light,damaged,medium,informal,75.78
microchip,8.62,10.69,0,1,0,0,1,silicon,light,damaged,high,informal,81.57
microchip,5.25,15.29,0,1,0,0,1,silicon,light,damaged,low,none,64.81
microchip,5.42,6.62,0,1,0,0,1,silicon,light,working,medium,informal,61.14
microchip,1.7,12.25,0,1,0,0,1,silicon,light,broken,high,none,78.25
microchip,10.45,5.94,0,1,0,0,1,silicon,light,working,medium,informal,68.56
microchip,7.12,11.67,0,1,0,0,1,silicon,light,broken,medium,formal,69.83
microchip,11.67,2.37,0,1,0,0,1,silicon,light,broken,low,formal,74.23
microchip,1.04,14.11,0,1,0,0,1,silicon,light,broken,medium,none,76.29
microchip,10.22,5.94,0,1,0,0,1,silicon,light,damaged,high,none,84.89
microchip,11.73,18.04,0,1,0,0,1,silicon,light,working,high,informal,74.94
microchip,6.87,10.6,0,1,0,0,1,silicon,light,damaged,low,none,67.28
microchip,9.73,2.8,0,1,0,0,1,silicon,light,broken,medium,informal,84.13
microchip,8.55,10.96,0,1,0,0,1,silicon,light,damaged,low,informal,68.59
microchip,2.73,4.18,0,1,0,0,1,silicon,light,damaged,high,informal,75.63
microchip,10.52,14.97,0,1,0,0,1,silicon,light,broken,medium,none,75.37
microchip,2.11,6.97,0,1,0,0,1,silicon,light,damaged,medium,none,62.68
microchip,3.84,12.3,0,1,0,0,1,silicon,light,broken,high,none,74.35
microchip,10.14,10.51,0,1,0,0,1,silicon,light,working,medium,informal,65.69
microchip,4.74,7.29,0,1,0,0,1,silicon,light,broken,medium,none,76.55
microchip,9.13,5.32,0,1,0,0,1,silicon,light,damaged,high,informal,82.73
microchip,10.01,16.89,0,1,0,0,1,silicon,light,damaged,medium,none,74.73
microchip,5.47,10.78,0,1,0,0,1,silicon,light,damaged,medium,informal,79.04
microchip,2.1,0.08,0,1,0,0,1,silicon,light,working,high,formal,53.22
microchip,10.95,4.31,0,1,0,0,1,silicon,light,working,low,formal,59.79
microchip,7.56,3.77,0,1,0,0,1,silicon,light,damaged,medium,none,72.37
microchip,3.34,14.64,0,1,0,0,1,silicon,light,damaged,medium,informal,71.27
microchip,1.29,19.1,0,1,0,0,1,silicon,light,working,high,none,58.83
microchip,11.63,9.56,0,1,0,0,1,silicon,light,broken,medium,formal,70.08
microchip,11.79,1.93,0,1,0,0,1,silicon,light,damaged,medium,informal,75.16
microchip,8.12,2.33,0,1,0,0,1,silicon,light,damaged,medium,none,74.85
microchip,3.16,10.18,0,1,0,0,1,silicon,light,broken,medium,informal,69.3
microchip,4.78,9.12,0,1,0,0,1,silicon,light,working,medium,informal,64.48
microchip,7.52,7.29,0,1,0,0,1,silicon,light,working,high,informal,74.42
microchip,3.08,3.91,0,1,0,0,1,silicon,light,working,high,formal,49.3
microchip,7.17,17.54,0,1,0,0,1,silicon,light,broken,medium,formal,77.32
microchip,5.4,12.13,0,1,0,0,1,silicon,light,damaged,medium,formal,59.14
microchip,9.13,6.79,0,1,0,0,1,silicon,light,broken,low,informal,78.96
microchip,8.61,4.55,0,1,0,0,1,silicon,light,broken,medium,informal,79.28
microchip,7.37,9.45,0,1,0,0,1,silicon,light,damaged,medium,formal,57.07
microchip,2.96,0.13,0,1,0,0,1,silicon,light,damaged,high,none,74.96
microchip,8.63,14.45,0,1,0,0,1,silicon,light,working,low,formal,56.37
microchip,8.74,6.9,0,1,0,0,1,silicon,light,broken,medium,none,77.85
microchip,4.42,8.18,0,1,0,0,1,silicon,light,damaged,high,formal,67.59
microchip,4.54,16.75,0,1,0,0,1,silicon,light,working,high,none,65.42
microchip,4.78,15.53,0,1,0,0,1,silicon,light,damaged,medium,none,65.72
microchip,1.86,16.67,0,1,0,0,1,silicon,light,broken,medium,none,66.41
microchip,5.44,9.89,0,1,0,0,1,silicon,light,working,high,formal,65.09
microchip,8.52,10.13,0,1,0,0,1,silicon,light,working,high,none,65.01
microchip,1.9,7.27,0,1,0,0,1,silicon,light,damaged,medium,none,64.83
microchip,7.11,17.8,0,1,0,0,1,silicon,light,damaged,medium,none,74.92
microchip,3.85,2.58,0,1,0,0,1,silicon,light,broken,medium,none,72.28
microchip,11.29,1.08,0,1,0,0,1,silicon,light,damaged,medium,informal,73.33
microchip,6.9,14.18,0,1,0,0,1,silicon,light,working,high,informal,74.85
microchip,11.42,6.8,0,1,0,0,1,silicon,light,working,medium,formal,62.65
microchip,4.74,1.33,0,1,0,0,1,silicon,light,damaged,medium,formal,69.22
microchip,10.97,6.09,0,1,0,0,1,silicon,light,damaged,medium,formal,68.28
microchip,1.43,7.75,0,1,0,0,1,silicon,light,damaged,medium,none,66.21
microchip,1.14,5.7,0,1,0,0,1,silicon,light,broken,low,none,70.46
microchip,2.26,1.33,0,1,0,0,1,silicon,light,working,low,informal,49.39
microchip,6.42,11.78,0,1,0,0,1,silicon,light,broken,medium,informal,74.74
microchip,5.27,16.84,0,1,0,0,1,silicon,light,working,low,none,47.34
microchip,2.83,17.8,0,1,0,0,1,silicon,light,broken,low,formal,72.25
microchip,3.66,14.34,0,1,0,0,1,silicon,light,damaged,medium,formal,60.96
microchip,9.13,4.3,0,1,0,0,1,silicon,light,broken,medium,informal,76.03
microchip,9.41,8.67,0,1,0,0,1,silicon,light,working,high,formal,65.13
microchip,0.8,0.42,0,1,0,0,1,silicon,light,damaged,medium,informal,60.41
microchip,8.32,1.17,0,1,0,0,1,silicon,light,broken,low,none,68.89
microchip,2.47,15.43,0,1,0,0,1,silicon,light,working,low,none,52.84
microchip,8.58,11.15,0,1,0,0,1,silicon,light,broken,medium,informal,84.5
microchip,6.08,7.08,0,1,0,0,1,silicon,light,broken,low,formal,73.66
microchip,2.74,7.82,0,1,0,0,1,silicon,light,broken,low,none,70.88
microchip,9.01,8.97,0,1,0,0,1,silicon,light,broken,high,informal,93.93
microchip,7.31,17.58,0,1,0,0,1,silicon,light,damaged,medium,formal,68.33
microchip,0.93,0.87,0,1,0,0,1,silicon,light,broken,medium,none,73.34
microchip,6.02,17.41,0,1,0,0,1,silicon,light,damaged,high,none,76.61
microchip,3.46,11.29,0,1,0,0,1,silicon,light,damaged,low,informal,62.84
microchip,11.41,12.83,0,1,0,0,1,silicon,light,broken,medium,informal,81.46
microchip,6.4,13.52,0,1,0,0,1,silicon,light,broken,medium,none,76.57
microchip,11.21,7.96,0,1,0,0,1,silicon,light,broken,high,formal,83.22
microchip,10.93,9.69,0,1,0,0,1,silicon,light,damaged,medium,formal,74.09
microchip,0.68,5.47,0,1,0,0,1,silicon,light,working,medium,none,55.34
microchip,9.69,18.9,0,1,0,0,1,silicon,light,damaged,medium,none,75.19
microchip,8.5,18.49,0,1,0,0,1,silicon,light,broken,medium,none,83.99
microchip,0.96,7.73,0,1,0,0,1,silicon,light,damaged,low,formal,55.64
microchip,9.73,19.76,0,1,0,0,1,silicon,light,damaged,medium,none,70.15
microchip,2.42,14.36,0,1,0,0,1,silicon,light,broken,low,none,67.38
microchip,6.62,5.36,0,1,0,0,1,silicon,light,broken,medium,formal,62.55
microchip,3.95,10.63,0,1,0,0,1,silicon,light,damaged,medium,formal,57.46
microchip,7.61,14.37,0,1,0,0,1,silicon,light,damaged,high,informal,72.97
microchip,5.68,12.94,0,1,0,0,1,silicon,light,broken,high,formal,74.38
microchip,4.12,14.01,0,1,0,0,1,silicon,light,broken,high,none,70.76
microchip,3.63,17.5,0,1,0,0,1,silicon,light,broken,medium,none,73.02
microchip,6.62,5.85,0,1,0,0,1,silicon,light,damaged,medium,formal,64.05
microchip,0.85,8.68,0,1,0,0,1,silicon,light,damaged,high,none,75.53
microchip,5.55,14.92,0,1,0,0,1,silicon,light,working,medium,informal,64.4
microchip,0.71,14.45,0,1,0,0,1,silicon,light,broken,medium,informal,72.51
microchip,3.81,6.49,0,1,0,0,1,silicon,light,damaged,medium,formal,63.69
microchip,4.06,18.0,0,1,0,0,1,silicon,light,damaged,high,none,71.42
microchip,4.49,17.25,0,1,0,0,1,silicon,light,broken,low,informal,79.49
microchip,4.73,8.32,0,1,0,0,1,silicon,light,broken,medium,none,75.76
microchip,8.23,5.05,0,1,0,0,1,silicon,light,damaged,high,none,73.78
microchip,4.28,10.68,0,1,0,0,1,silicon,light,working,low,informal,58.91
microchip,8.47,18.81,0,1,0,0,1,silicon,light,damaged,medium,none,72.55
microchip,7.88,0.63,0,1,0,0,1,silicon,light,broken,high,none,90.52
microchip,11.89,1.82,0,1,0,0,1,silicon,light,damaged,medium,informal,79.45
microchip,7.49,3.08,0,1,0,0,1,silicon,light,working,medium,formal,61.92
microchip,4.26,9.77,0,1,0,0,1,silicon,light,broken,low,informal,69.06
microchip,7.47,15.11,0,1,0,0,1,silicon,light,broken,high,none,78.92
microchip,8.67,13.23,0,1,0,0,1,silicon,light,working,high,formal,65.09
microchip,5.47,13.36,0,1,0,0,1,silicon,light,damaged,medium,formal,69.23
microchip,11.02,8.28,0,1,0,0,1,silicon,light,damaged,high,none,77.89
microchip,3.57,8.81,0,1,0,0,1,silicon,light,broken,medium,formal,62.66
microchip,6.37,10.59,0,1,0,0,1,silicon,light,broken,medium,formal,72.53
microchip,3.16,17.49,0,1,0,0,1,silicon,light,working,medium,formal,53.21
microchip,4.54,7.23,0,1,0,0,1,silicon,light,broken,medium,none,79.61
microchip,10.82,18.04,0,1,0,0,1,silicon,light,damaged,high,formal,78.31
microchip,3.66,5.47,0,1,0,0,1,silicon,light,damaged,medium,informal,67.36
microchip,8.86,17.9,0,1,0,0,1,silicon,light,damaged,low,none,65.89
microchip,1.53,11.27,0,1,0,0,1,silicon,light,working,low,informal,53.0
microchip,3.74,12.09,0,1,0,0,1,silicon,light,broken,high,formal,70.54
microchip,8.63,11.76,0,1,0,0,1,silicon,light,damaged,medium,none,64.56
microchip,0.99,0.23,0,1,0,0,1,silicon,light,damaged,low,none,57.85
microchip,2.77,10.97,0,1,0,0,1,silicon,light,working,low,formal,43.65
microprocessor,11.47,2.85,0,1,0,0,1,silicon,light,broken,low,formal,65.43
microprocessor,11.44,18.9,0,1,0,0,1,silicon,light,broken,medium,informal,92.18
microprocessor,4.6,18.94,0,1,0,0,1,silicon,light,damaged,medium,formal,67.23
microprocessor,1.82,16.74,0,1,0,0,1,silicon,light,working,high,formal,57.76
microprocessor,10.7,14.6,0,1,0,0,1,silicon,light,working,medium,informal,77.13
microprocessor,5.14,7.98,0,1,0,0,1,silicon,light,working,medium,none,67.15
microprocessor,4.68,19.03,0,1,0,0,1,silicon,light,broken,low,formal,70.41
microprocessor,0.55,5.48,0,1,0,0,1,silicon,light,damaged,high,formal,74.71
microprocessor,1.77,18.44,0,1,0,0,1,silicon,light,broken,medium,none,83.22
microprocessor,4.78,4.89,0,1,0,0,1,silicon,light,broken,medium,none,79.05
microprocessor,4.52,18.44,0,1,0,0,1,silicon,light,broken,low,none,79.66
microprocessor,5.68,14.89,0,1,0,0,1,silicon,light,damaged,low,formal,66.29
microprocessor,5.39,15.11,0,1,0,0,1,silicon,light,damaged,medium,formal,68.04
microprocessor,9.9,19.8,0,1,0,0,1,silicon,light,damaged,low,formal,71.78
microprocessor,8.0,12.25,0,1,0,0,1,silicon,light,broken,medium,none,80.15
microprocessor,6.77,2.95,0,1,0,0,1,silicon,light,damaged,high,informal,89.86
microprocessor,10.16,11.81,0,1,0,0,1,silicon,light,working,medium,informal,72.22
microprocessor,5.29,1.46,0,1,0,0,1,silicon,light,working,medium,informal,69.34
microprocessor,11.14,7.52,0,1,0,0,1,silicon,light,broken,medium,none,92.09
microprocessor,4.7,2.01,0,1,0,0,1,silicon,light,damaged,low,informal,73.1
microprocessor,2.72,12.55,0,1,0,0,1,silicon,light,broken,medium,none,70.68
microprocessor,11.2,17.8,0,1,0,0,1,silicon,light,broken,medium,informal,100.0
microprocessor,3.07,8.88,0,1,0,0,1,silicon,light,damaged,high,none,77.56
microprocessor,10.41,3.49,0,1,0,0,1,silicon,light,damaged,low,informal,78.8
microprocessor,11.84,2.02,0,1,0,0,1,silicon,light,damaged,medium,none,79.54
microprocessor,1.43,12.55,0,1,0,0,1,silicon,light,damaged,medium,formal,67.77
microprocessor,2.03,13.73,0,1,0,0,1,silicon,light,working,high,formal,72.45
microprocessor,2.6,12.2,0,1,0,0,1,silicon,light,broken,medium,none,75.81
microprocessor,7.44,7.79,0,1,0,0,1,silicon,light,damaged,medium,formal,66.14
microprocessor,5.11,15.22,0,1,0,0,1,silicon,light,damaged,high,formal,71.92
microprocessor,5.28,15.74,0,1,0,0,1,silicon,light,damaged,medium,formal,64.26
microprocessor,11.99,6.17,0,1,0,0,1,silicon,light,broken,medium,informal,86.31
microprocessor,6.75,16.81,0,1,0,0,1,silicon,light,broken,low,informal,79.86
microprocessor,7.38,17.1,0,1,0,0,1,silicon,light,damaged,high,informal,85.41
microprocessor,4.82,2.83,0,1,0,0,1,silicon,light,broken,high,none,87.26
microprocessor,9.2,2.22,0,1,0,0,1,silicon,light,broken,medium,none,83.12
microprocessor,11.67,1.68,0,1,0,0,1,silicon,light,broken,low,informal,95.31
microprocessor,8.64,16.66,0,1,0,0,1,silicon,light,working,high,informal,81.07
microprocessor,5.68,8.48,0,1,0,0,1,silicon,light,damaged,high,informal,87.15
microprocessor,8.31,12.14,0,1,0,0,1,silicon,light,damaged,high,none,87.36
microprocessor,1.91,16.97,0,1,0,0,1,silicon,light,damaged,medium,none,76.58
microprocessor,3.53,0.09,0,1,0,0,1,silicon,light,damaged,low,none,68.07
microprocessor,3.67,8.88,0,1,0,0,1,silicon,light,working,medium,none,68.05
microprocessor,11.05,13.6,0,1,0,0,1,silicon,light,broken,low,formal,74.11
microprocessor,10.79,14.3,0,1,0,0,1,silicon,light,damaged,medium,informal,81.79
microprocessor,10.85,6.73,0,1,0,0,1,silicon,light,damaged,high,none,94.98
microprocessor,6.42,2.62,0,1,0,0,1,silicon,light,working,medium,informal,69.78
microprocessor,9.57,7.04,0,1,0,0,1,silicon,light,working,low,informal,76.28
microprocessor,10.89,4.79,0,1,0,0,1,silicon,light,working,high,formal,72.34
microprocessor,0.93,18.36,0,1,0,0,1,silicon,light,working,medium,formal,62.38
microprocessor,1.25,1.01,0,1,0,0,1,silicon,light,working,low,none,50.94
microprocessor,5.31,18.58,0,1,0,0,1,silicon,light,broken,high,none,86.59
microprocessor,4.18,7.63,0,1,0,0,1,silicon,light,damaged,medium,informal,76.69
microprocessor,9.94,8.71,0,1,0,0,1,silicon,light,broken,medium,formal,81.79
microprocessor,4.55,8.07,0,1,0,0,1,silicon,light,working,high,informal,72.5
microprocessor,2.51,17.79,0,1,0,0,1,silicon,light,damaged,high,none,78.58
microprocessor,4.78,5.98,0,1,0,0,1,silicon,light,broken,high,informal,91.22
microprocessor,4.59,11.49,0,1,0,0,1,silicon,light,broken,medium,formal,78.11
microprocessor,4.37,2.9,0,1,0,0,1,silicon,light,working,high,formal,65.44
microprocessor,7.59,10.69,0,1,0,0,1,silicon,light,working,low,formal,57.98
microprocessor,6.28,5.43,0,1,0,0,1,silicon,light,broken,medium,formal,73.96
microprocessor,8.02,5.6,0,1,0,0,1,silicon,light,damaged,high,none,89.41
microprocessor,3.5,6.7,0,1,0,0,1,silicon,light,damaged,high,none,75.29
microprocessor,4.47,2.98,0,1,0,0,1,silicon,light,damaged,high,none,80.32
microprocessor,4.82,11.98,0,1,0,0,1,silicon,light,broken,low,none,71.45
microprocessor,5.13,1.53,0,1,0,0,1,silicon,light,damaged,medium,informal,75.51
microprocessor,1.89,17.29,0,1,0,0,1,silicon,light,damaged,medium,informal,68.14
microprocessor,9.07,2.55,0,1,0,0,1,silicon,light,working,high,formal,72.39
microprocessor,4.03,9.51,0,1,0,0,1,silicon,light,damaged,high,informal,87.22
microprocessor,3.87,6.45,0,1,0,0,1,silicon,light,damaged,medium,none,77.27
microprocessor,9.86,3.3,0,1,0,0,1,silicon,light,working,low,formal,65.18
microprocessor,10.37,14.74,0,1,0,0,1,silicon,light,working,medium,informal,71.97
microprocessor,9.82,16.78,0,1,0,0,1,silicon,light,broken,medium,none,87.43
microprocessor,3.36,8.64,0,1,0,0,1,silicon,light,damaged,medium,formal,64.17
microprocessor,0.62,0.45,0,1,0,0,1,silicon,light,working,low,formal,50.78
microprocessor,6.77,17.16,0,1,0,0,1,silicon,light,damaged,medium,informal,77.59
microprocessor,8.72,14.56,0,1,0,0,1,silicon,light,damaged,high,none,78.84
microprocessor,7.88,16.37,0,1,0,0,1,silicon,light,working,high,formal,79.91
microprocessor,5.91,17.44,0,1,0,0,1,silicon,light,working,medium,formal,59.36
microprocessor,4.68,7.48,0,1,0,0,1,silicon,light,broken,high,formal,80.08
microprocessor,8.85,1.04,0,1,0,0,1,silicon,light,working,low,none,66.68
microprocessor,6.43,11.4,0,1,0,0,1,silicon,light,working,high,informal,75.18
microprocessor,11.1,13.14,0,1,0,0,1,silicon,light,damaged,high,none,83.11
microprocessor,11.26,3.3,0,1,0,0,1,silicon,light,working,medium,none,68.92
microprocessor,9.37,18.39,0,1,0,0,1,silicon,light,damaged,low,informal,77.46
microprocessor,2.49,0.26,0,1,0,0,1,silicon,light,damaged,high,none,78.53
microprocessor,11.79,1.27,0,1,0,0,1,silicon,light,broken,high,informal,96.52
microprocessor,1.88,10.64,0,1,0,0,1,silicon,light,damaged,high,none,83.44
microprocessor,10.97,0.31,0,1,0,0,1,silicon,light,broken,high,none,93.18
microprocessor,7.74,19.74,0,1,0,0,1,silicon,light,damaged,medium,informal,79.61
microprocessor,9.99,18.74,0,1,0,0,1,silicon,light,broken,medium,informal,88.87
microprocessor,2.99,3.4,0,1,0,0,1,silicon,light,working,high,formal,71.24
microprocessor,3.3,5.96,0,1,0,0,1,silicon,light,damaged,medium,none,64.5
microprocessor,3.9,1.35,0,1,0,0,1,silicon,light,broken,medium,formal,74.64
microprocessor,1.25,19.5,0,1,0,0,1,silicon,light,damaged,medium,none,73.59
microprocessor,6.0,8.6,0,1,0,0,1,silicon,light,working,high,informal,80.03
microprocessor,2.84,18.39,0,1,0,0,1,silicon,light,broken,high,none,85.75
microprocessor,3.16,1.98,0,1,0,0,1,silicon,light,broken,medium,none,80.22
microprocessor,0.55,0.43,0,1,0,0,1,silicon,light,damaged,low,none,62.53
microprocessor,2.37,7.77,0,1,0,0,1,silicon,light,working,high,informal,73.33
microprocessor,1.57,9.69,0,1,0,0,1,silicon,light,working,low,formal,52.86
microprocessor,3.63,10.99,0,1,0,0,1,silicon,light,broken,high,formal,84.34
microprocessor,1.07,13.89,0,1,0,0,1,silicon,light,broken,high,none,82.34
microprocessor,11.01,19.36,0,1,0,0,1,silicon,light,broken,medium,formal,84.48
microprocessor,6.8,9.07,0,1,0,0,1,silicon,light,broken,low,formal,72.69
microprocessor,4.19,7.75,0,1,0,0,1,silicon,light,damaged,low,none,70.95
microprocessor,5.65,18.34,0,1,0,0,1,silicon,light,damaged,medium,formal,70.81
microprocessor,1.73,7.84,0,1,0,0,1,silicon,light,damaged,medium,formal,65.49
microprocessor,9.41,18.94,0,1,0,0,1,silicon,light,working,low,none,70.81
microprocessor,4.14,13.09,0,1,0,0,1,silicon,light,working,low,none,62.31
microprocessor,6.58,18.56,0,1,0,0,1,silicon,light,damaged,high,informal,87.91
microprocessor,10.25,4.22,0,1,0,0,1,silicon,light,damaged,low,none,75.67
microprocessor,2.51,1.43,0,1,0,0,1,silicon,light,damaged,medium,none,71.79
microprocessor,1.2,14.98,0,1,0,0,1,silicon,light,damaged,medium,informal,74.11
microprocessor,6.28,6.78,0,1,0,0,1,silicon,light,broken,medium,none,76.25
microprocessor,10.29,11.15,0,1,0,0,1,silicon,light,working,medium,informal,77.05
microprocessor,10.21,9.07,0,1,0,0,1,silicon,light,broken,low,informal,83.01
microprocessor,4.29,13.01,0,1,0,0,1,silicon,light,broken,high,informal,85.1
microprocessor,9.82,8.75,0,1,0,0,1,silicon,light,working,medium,none,75.26
microprocessor,7.94,18.61,0,1,0,0,1,silicon,light,damaged,medium,none,83.99
microprocessor,10.43,6.47,0,1,0,0,1,silicon,light,damaged,medium,formal,75.58
microprocessor,10.57,3.8,0,1,0,0,1,silicon,light,damaged,low,none,79.02
microprocessor,7.18,12.52,0,1,0,0,1,silicon,light,working,low,formal,65.09
microprocessor,7.01,12.25,0,1,0,0,1,silicon,light,damaged,medium,formal,66.65
microprocessor,2.08,16.98,0,1,0,0,1,silicon,light,damaged,low,formal,63.98
microprocessor,8.08,8.14,0,1,0,0,1,silicon,light,damaged,high,none,86.99
microprocessor,3.97,16.95,0,1,0,0,1,silicon,light,broken,medium,informal,81.68
microprocessor,8.81,5.36,0,1,0,0,1,silicon,light,broken,high,formal,86.5
microprocessor,5.94,16.04,0,1,0,0,1,silicon,light,broken,high,informal,99.1
microprocessor,11.7,6.56,0,1,0,0,1,silicon,light,broken,medium,none,82.64
microprocessor,8.21,9.28,0,1,0,0,1,silicon,light,damaged,medium,formal,78.74
microprocessor,7.49,2.06,0,1,0,0,1,silicon,light,broken,medium,none,81.16
microprocessor,8.21,3.51,0,1,0,0,1,silicon,light,damaged,medium,formal,72.07
microprocessor,6.11,2.77,0,1,0,0,1,silicon,light,damaged,medium,formal,65.07
microprocessor,0.66,1.56,0,1,0,0,1,silicon,light,damaged,low,informal,70.94
microprocessor,3.16,6.88,0,1,0,0,1,silicon,light,damaged,high,none,87.34
microprocessor,6.86,7.25,0,1,0,0,1,silicon,light,damaged,high,formal,77.59
microprocessor,7.46,9.7,0,1,0,0,1,silicon,light,working,medium,none,71.21
microprocessor,6.82,8.27,0,1,0,0,1,silicon,light,working,high,none,77.06
microprocessor,5.49,11.87,0,1,0,0,1,silicon,light,working,high,informal,86.26
microprocessor,4.08,9.0,0,1,0,0,1,silicon,light,broken,low,formal,66.22
microprocessor,9.61,2.62,0,1,0,0,1,silicon,light,broken,low,formal,82.08
microprocessor,10.83,11.63,0,1,0,0,1,silicon,light,damaged,low,informal,80.04
microprocessor,11.81,12.7,0,1,0,0,1,silicon,light,damaged,medium,none,81.02
microprocessor,1.67,6.57,0,1,0,0,1,silicon,light,working,low,formal,60.99
microprocessor,6.08,6.72,0,1,0,0,1,silicon,light,working,medium,formal,63.99
microprocessor,7.57,19.54,0,1,0,0,1,silicon,light,working,low,informal,67.9
microprocessor,11.91,2.07,0,1,0,0,1,silicon,light,working,high,none,82.83
microprocessor,1.54,2.28,0,1,0,0,1,silicon,light,working,low,formal,54.96
microprocessor,9.45,15.53,0,1,0,0,1,silicon,light,damaged,high,informal,88.66
Keyboard,4.12,11.23,0,0,0,0,1,plastic,light,damaged,high,none,40.75
Keyboard,1.65,15.54,0,0,0,0,1,plastic,light,damaged,low,informal,22.02
Keyboard,7.52,2.39,0,0,0,0,1,plastic,light,broken,low,none,31.02
Keyboard,4.99,14.82,0,0,0,0,1,plastic,light,damaged,medium,informal,36.87
Keyboard,6.11,19.8,0,0,0,0,1,plastic,light,working,medium,formal,22.37
Keyboard,3.86,1.64,0,0,0,0,1,plastic,light,working,medium,informal,26.69
Keyboard,11.87,9.4,0,0,0,0,1,plastic,light,damaged,high,informal,40.67
Keyboard,4.9,18.89,0,0,0,0,1,plastic,light,damaged,medium,informal,32.7
Keyboard,10.97,5.49,0,0,0,0,1,plastic,light,damaged,high,formal,40.1
Keyboard,8.32,7.03,0,0,0,0,1,plastic,light,damaged,medium,formal,34.93
Keyboard,5.33,3.77,0,0,0,0,1,plastic,light,working,high,informal,26.11
Keyboard,9.59,15.68,0,0,0,0,1,plastic,light,working,high,formal,31.05
Keyboard,7.55,19.71,0,0,0,0,1,plastic,light,broken,high,informal,52.9
Keyboard,2.23,13.2,0,0,0,0,1,plastic,light,damaged,medium,none,26.68
Keyboard,5.87,16.24,0,0,0,0,1,plastic,light,working,high,formal,27.27
Keyboard,10.33,5.06,0,0,0,0,1,plastic,light,damaged,medium,formal,26.63
Keyboard,9.83,15.47,0,0,0,0,1,plastic,light,working,medium,none,33.51
Keyboard,1.08,12.18,0,0,0,0,1,plastic,light,working,high,informal,20.53
Keyboard,3.74,16.82,0,0,0,0,1,plastic,light,working,medium,informal,25.41
Keyboard,9.14,1.29,0,0,0,0,1,plastic,light,broken,medium,none,39.96
Keyboard,4.1,11.49,0,0,0,0,1,plastic,light,damaged,medium,informal,33.53
Keyboard,5.69,19.17,0,0,0,0,1,plastic,light,damaged,medium,none,27.82
Keyboard,8.13,17.43,0,0,0,0,1,plastic,light,broken,medium,informal,42.26
Keyboard,3.15,14.88,0,0,0,0,1,plastic,light,damaged,medium,formal,17.94
Keyboard,11.99,1.44,0,0,0,0,1,plastic,light,working,low,none,23.93
Keyboard,11.68,2.86,0,0,0,0,1,plastic,light,working,low,informal,28.43
Keyboard,9.48,7.34,0,0,0,0,1,plastic,light,broken,medium,formal,44.27
Keyboard,10.07,9.18,0,0,0,0,1,plastic,light,damaged,medium,informal,36.5
Keyboard,11.84,0.99,0,0,0,0,1,plastic,light,broken,medium,formal,36.91
Keyboard,4.31,3.64,0,0,0,0,1,plastic,light,working,high,informal,32.63
Keyboard,11.0,4.65,0,0,0,0,1,plastic,light,working,low,informal,29.92
Keyboard,9.49,0.32,0,0,0,0,1,plastic,light,broken,medium,formal,34.9
Keyboard,3.1,9.38,0,0,0,0,1,plastic,light,damaged,medium,formal,19.83
Keyboard,3.32,4.36,0,0,0,0,1,plastic,light,working,medium,informal,26.91
Keyboard,8.61,13.61,0,0,0,0,1,plastic,light,damaged,medium,none,29.68
Keyboard,4.8,5.45,0,0,0,0,1,plastic,light,working,high,none,26.32
Keyboard,3.03,1.3,0,0,0,0,1,plastic,light,broken,low,informal,34.0
Keyboard,2.88,6.72,0,0,0,0,1,plastic,light,working,low,none,18.74
Keyboard,8.04,10.85,0,0,0,0,1,plastic,light,broken,high,none,40.84
Keyboard,11.8,13.31,0,0,0,0,1,plastic,light,broken,low,none,44.0
Keyboard,4.2,19.79,0,0,0,0,1,plastic,light,working,medium,none,17.31
Keyboard,11.84,8.51,0,0,0,0,1,plastic,light,damaged,low,none,22.03
Keyboard,7.95,8.09,0,0,0,0,1,plastic,light,working,medium,formal,19.49
Keyboard,8.01,1.08,0,0,0,0,1,plastic,light,damaged,low,informal,29.54
Keyboard,8.11,14.43,0,0,0,0,1,plastic,light,damaged,low,formal,27.24
Keyboard,3.0,5.14,0,0,0,0,1,plastic,light,working,medium,none,20.19
Keyboard,7.89,17.22,0,0,0,0,1,plastic,light,damaged,low,formal,28.87
Keyboard,6.61,13.66,0,0,0,0,1,plastic,light,damaged,high,informal,46.25
Keyboard,9.45,4.98,0,0,0,0,1,plastic,light,damaged,high,informal,46.24
Keyboard,1.18,11.63,0,0,0,0,1,plastic,light,working,high,none,28.02
Keyboard,1.76,2.44,0,0,0,0,1,plastic,light,damaged,medium,formal,12.15
Keyboard,1.66,16.04,0,0,0,0,1,plastic,light,broken,high,none,41.32
Keyboard,2.99,5.28,0,0,0,0,1,plastic,light,working,high,none,29.1
Keyboard,7.85,7.76,0,0,0,0,1,plastic,light,damaged,low,formal,25.84
Keyboard,8.5,8.77,0,0,0,0,1,plastic,light,damaged,medium,formal,19.28
Keyboard,4.97,16.42,0,0,0,0,1,plastic,light,damaged,medium,none,21.79
Keyboard,10.46,17.81,0,0,0,0,1,plastic,light,damaged,low,formal,28.89
Keyboard,7.97,1.64,0,0,0,0,1,plastic,light,working,low,informal,23.54
Keyboard,8.96,17.19,0,0,0,0,1,plastic,light,broken,low,informal,35.98
Keyboard,11.02,11.51,0,0,0,0,1,plastic,light,broken,medium,formal,31.91
Keyboard,1.24,10.76,0,0,0,0,1,plastic,light,broken,low,none,26.04
Keyboard,9.08,8.09,0,0,0,0,1,plastic,light,damaged,high,none,45.99
Keyboard,4.47,8.23,0,0,0,0,1,plastic,light,working,low,none,17.61
Keyboard,2.57,5.71,0,0,0,0,1,plastic,light,damaged,medium,formal,25.09
Keyboard,8.96,0.17,0,0,0,0,1,plastic,light,damaged,high,formal,42.33
Keyboard,8.03,8.92,0,0,0,0,1,plastic,light,damaged,high,none,43.66
Keyboard,4.19,2.07,0,0,0,0,1,plastic,light,working,low,informal,19.44
Keyboard,9.16,5.89,0,0,0,0,1,plastic,light,broken,high,formal,40.37
Keyboard,8.88,14.96,0,0,0,0,1,plastic,light,damaged,low,informal,33.53
Keyboard,2.49,13.66,0,0,0,0,1,plastic,light,damaged,medium,none,29.61
Keyboard,6.42,16.28,0,0,0,0,1,plastic,light,broken,medium,formal,32.56
Keyboard,3.48,15.09,0,0,0,0,1,plastic,light,broken,low,none,25.65
Keyboard,2.58,15.95,0,0,0,0,1,plastic,light,damaged,medium,formal,24.02
Keyboard,6.83,2.45,0,0,0,0,1,plastic,light,working,low,none,17.24
Keyboard,8.69,1.18,0,0,0,0,1,plastic,light,damaged,low,none,31.53
Keyboard,11.15,16.23,0,0,0,0,1,plastic,light,broken,medium,informal,46.26
Keyboard,3.0,6.55,0,0,0,0,1,plastic,light,damaged,low,formal,12.35
Keyboard,7.27,18.46,0,0,0,0,1,plastic,light,broken,medium,informal,39.97
Keyboard,6.11,3.74,0,0,0,0,1,plastic,light,broken,low,formal,25.5
Keyboard,4.78,0.58,0,0,0,0,1,plastic,light,working,low,formal,15.91
Keyboard,8.05,16.74,0,0,0,0,1,plastic,light,damaged,high,formal,31.1
Keyboard,7.64,8.4,0,0,0,0,1,plastic,light,damaged,high,informal,39.38
Keyboard,7.72,18.71,0,0,0,0,1,plastic,light,damaged,medium,none,28.57
Keyboard,4.83,9.36,0,0,0,0,1,plastic,light,damaged,low,none,27.42
Keyboard,9.27,9.63,0,0,0,0,1,plastic,light,damaged,high,formal,37.23
Keyboard,9.69,0.73,0,0,0,0,1,plastic,light,broken,medium,informal,37.12
Keyboard,3.87,3.5,0,0,0,0,1,plastic,light,broken,high,informal,50.79
Keyboard,5.5,11.18,0,0,0,0,1,plastic,light,working,medium,formal,17.72
Keyboard,9.9,16.5,0,0,0,0,1,plastic,light,working,medium,informal,24.52
Keyboard,7.31,5.96,0,0,0,0,1,plastic,light,working,low,formal,19.66
Keyboard,9.61,19.23,0,0,0,0,1,plastic,light,damaged,medium,formal,25.98
Keyboard,7.53,18.67,0,0,0,0,1,plastic,light,working,high,formal,27.69
Keyboard,4.82,2.22,0,0,0,0,1,plastic,light,damaged,low,informal,21.01
Keyboard,8.05,18.38,0,0,0,0,1,plastic,light,damaged,low,formal,21.86
Keyboard,10.32,11.44,0,0,0,0,1,plastic,light,damaged,low,informal,34.69
Keyboard,10.67,1.69,0,0,0,0,1,plastic,light,damaged,low,informal,33.66
Keyboard,10.58,10.56,0,0,0,0,1,plastic,light,damaged,low,none,29.68
Keyboard,3.0,6.69,0,0,0,0,1,plastic,light,broken,medium,informal,44.63
Keyboard,6.5,15.58,0,0,0,0,1,plastic,light,damaged,low,informal,34.77
Keyboard,10.64,7.43,0,0,0,0,1,plastic,light,working,high,informal,40.86
Keyboard,7.67,13.33,0,0,0,0,1,plastic,light,damaged,low,none,30.16
Keyboard,6.12,2.29,0,0,0,0,1,plastic,light,working,medium,informal,31.82
Keyboard,11.47,15.67,0,0,0,0,1,plastic,light,damaged,medium,formal,30.79
Keyboard,1.73,9.88,0,0,0,0,1,plastic,light,broken,high,formal,33.89
Keyboard,10.69,5.44,0,0,0,0,1,plastic,light,working,high,none,40.82
Keyboard,9.85,15.73,0,0,0,0,1,plastic,light,broken,medium,none,49.34
Keyboard,11.96,2.34,0,0,0,0,1,plastic,light,broken,medium,informal,41.71
Keyboard,6.32,17.42,0,0,0,0,1,plastic,light,working,medium,none,25.17
Keyboard,5.43,7.17,0,0,0,0,1,plastic,light,damaged,medium,informal,31.63
Keyboard,9.9,10.68,0,0,0,0,1,plastic,light,damaged,medium,none,41.45
Keyboard,6.92,1.14,0,0,0,0,1,plastic,light,working,medium,formal,17.03
Keyboard,4.07,10.56,0,0,0,0,1,plastic,light,working,high,formal,26.44
Keyboard,5.61,16.99,0,0,0,0,1,plastic,light,damaged,medium,informal,31.52
Keyboard,11.98,0.08,0,0,0,0,1,plastic,light,working,high,formal,33.03
Keyboard,1.2,4.75,0,0,0,0,1,plastic,light,damaged,high,informal,33.52
Keyboard,11.15,16.3,0,0,0,0,1,plastic,light,damaged,high,none,35.58
Keyboard,1.22,0.71,0,0,0,0,1,plastic,light,working,high,formal,15.83
Keyboard,11.09,6.89,0,0,0,0,1,plastic,light,broken,high,formal,43.1
Keyboard,5.84,0.5,0,0,0,0,1,plastic,light,broken,medium,formal,30.96
Keyboard,11.31,13.86,0,0,0,0,1,plastic,light,broken,medium,formal,33.52
Keyboard,11.7,0.35,0,0,0,0,1,plastic,light,broken,medium,formal,38.06
Keyboard,7.83,14.79,0,0,0,0,1,plastic,light,working,high,informal,29.26
Keyboard,10.24,10.81,0,0,0,0,1,plastic,light,damaged,high,informal,46.16
Keyboard,0.54,0.81,0,0,0,0,1,plastic,light,working,low,formal,16.39
Keyboard,4.01,7.21,0,0,0,0,1,plastic,light,damaged,low,formal,21.51
Keyboard,5.61,12.69,0,0,0,0,1,plastic,light,broken,medium,informal,46.68
Keyboard,11.47,16.79,0,0,0,0,1,plastic,light,damaged,medium,formal,32.38
Keyboard,6.46,18.55,0,0,0,0,1,plastic,light,damaged,high,informal,39.93
Keyboard,0.99,11.74,0,0,0,0,1,plastic,light,damaged,low,none,24.66
Keyboard,3.81,3.89,0,0,0,0,1,plastic,light,broken,medium,informal,33.95
Keyboard,7.51,11.21,0,0,0,0,1,plastic,light,broken,medium,informal,40.03
Keyboard,6.76,19.01,0,0,0,0,1,plastic,light,damaged,high,none,39.24
Keyboard,10.15,18.89,0,0,0,0,1,plastic,light,damaged,low,informal,30.0
Keyboard,0.55,6.87,0,0,0,0,1,plastic,light,broken,medium,informal,35.62
Keyboard,2.71,7.13,0,0,0,0,1,plastic,light,working,low,none,15.64
Keyboard,5.81,4.1,0,0,0,0,1,plastic,light,damaged,low,none,25.35
Keyboard,8.69,12.7,0,0,0,0,1,plastic,light,damaged,high,none,38.39
Keyboard,6.54,1.83,0,0,0,0,1,plastic,light,damaged,medium,informal,31.45
Keyboard,4.31,10.85,0,0,0,0,1,plastic,light,broken,low,none,27.39
Keyboard,0.76,3.44,0,0,0,0,1,plastic,light,damaged,high,formal,26.4
Keyboard,8.18,3.66,0,0,0,0,1,plastic,light,damaged,medium,none,30.64
Keyboard,1.55,2.25,0,0,0,0,1,plastic,light,broken,high,informal,33.97
Keyboard,8.73,15.24,0,0,0,0,1,plastic,light,damaged,low,formal,20.5
Keyboard,1.22,3.6,0,0,0,0,1,plastic,light,working,high,formal,16.59
Keyboard,6.68,11.87,0,0,0,0,1,plastic,light,damaged,low,informal,29.5
Keyboard,2.67,11.24,0,0,0,0,1,plastic,light,damaged,medium,informal,26.97
Keyboard,4.95,16.84,0,0,0,0,1,plastic,light,working,high,none,22.18
Keyboard,5.91,1.87,0,0,0,0,1,plastic,light,working,low,formal,12.4
Keyboard,6.3,16.98,0,0,0,0,1,plastic,light,working,high,none,28.04
Keyboard,7.04,11.18,0,0,0,0,1,plastic,light,broken,high,informal,45.65
Mouse,4.47,3.73,0,0,0,0,1,plastic,light,working,medium,informal,22.44
Mouse,11.04,12.57,0,0,0,0,1,plastic,light,broken,low,none,41.25
Mouse,8.26,3.41,0,0,0,0,1,plastic,light,working,high,formal,18.21
Mouse,8.15,16.79,0,0,0,0,1,plastic,light,damaged,medium,none,30.23
Mouse,9.52,17.95,0,0,0,0,1,plastic,light,damaged,low,informal,29.06
Mouse,3.61,0.94,0,0,0,0,1,plastic,light,damaged,high,formal,28.64
Mouse,8.27,18.65,0,0,0,0,1,plastic,light,working,medium,none,29.14
Mouse,8.25,6.73,0,0,0,0,1,plastic,light,working,medium,informal,30.68
Mouse,8.88,8.83,0,0,0,0,1,plastic,light,damaged,medium,formal,25.88
Mouse,4.49,0.74,0,0,0,0,1,plastic,light,working,high,informal,27.36
Mouse,8.18,14.34,0,0,0,0,1,plastic,light,damaged,high,formal,32.11
Mouse,4.26,3.46,0,0,0,0,1,plastic,light,damaged,high,informal,35.88
Mouse,6.7,13.82,0,0,0,0,1,plastic,light,damaged,high,none,36.73
Mouse,3.21,11.15,0,0,0,0,1,plastic,light,broken,high,informal,37.4
Mouse,3.85,4.7,0,0,0,0,1,plastic,light,damaged,low,informal,21.18
Mouse,1.57,10.34,0,0,0,0,1,plastic,light,working,medium,none,22.08
Mouse,7.58,12.68,0,0,0,0,1,plastic,light,damaged,high,none,29.34
Mouse,5.79,3.74,0,0,0,0,1,plastic,light,damaged,medium,formal,24.45
Mouse,2.77,9.6,0,0,0,0,1,plastic,light,broken,medium,none,34.64
Mouse,5.64,13.19,0,0,0,0,1,plastic,light,working,medium,formal,9.3
Mouse,4.25,19.22,0,0,0,0,1,plastic,light,working,medium,informal,21.13
Mouse,9.05,17.13,0,0,0,0,1,plastic,light,damaged,medium,informal,39.1
Mouse,10.08,0.9,0,0,0,0,1,plastic,light,damaged,medium,informal,41.85
Mouse,2.77,8.62,0,0,0,0,1,plastic,light,damaged,high,formal,17.0
Mouse,10.48,12.89,0,0,0,0,1,plastic,light,working,high,formal,23.84
Mouse,4.89,7.13,0,0,0,0,1,plastic,light,damaged,medium,informal,26.39
Mouse,2.39,16.92,0,0,0,0,1,plastic,light,broken,medium,none,27.74
Mouse,7.02,17.99,0,0,0,0,1,plastic,light,broken,medium,none,45.27
Mouse,1.46,3.22,0,0,0,0,1,plastic,light,broken,medium,informal,35.31
Mouse,2.63,12.54,0,0,0,0,1,plastic,light,working,low,informal,9.82
Mouse,3.16,17.78,0,0,0,0,1,plastic,light,working,low,informal,14.32
Mouse,0.58,19.76,0,0,0,0,1,plastic,light,damaged,medium,informal,24.6
Mouse,3.57,6.9,0,0,0,0,1,plastic,light,damaged,high,formal,24.05
Mouse,11.54,17.58,0,0,0,0,1,plastic,light,broken,high,formal,40.69
Mouse,10.12,13.8,0,0,0,0,1,plastic,light,broken,high,informal,45.04
Mouse,4.28,2.17,0,0,0,0,1,plastic,light,broken,medium,informal,38.56
Mouse,5.0,19.2,0,0,0,0,1,plastic,light,damaged,high,none,25.97
Mouse,9.1,18.26,0,0,0,0,1,plastic,light,broken,low,none,30.67
Mouse,4.96,11.53,0,0,0,0,1,plastic,light,broken,low,none,33.52
Mouse,2.48,8.42,0,0,0,0,1,plastic,light,broken,low,formal,22.85
Mouse,11.89,5.62,0,0,0,0,1,plastic,light,broken,low,informal,41.05
Mouse,7.18,10.6,0,0,0,0,1,plastic,light,broken,low,informal,39.5
Mouse,2.29,11.92,0,0,0,0,1,plastic,light,damaged,medium,informal,24.01
Mouse,10.45,13.9,0,0,0,0,1,plastic,light,working,medium,formal,29.17
Mouse,9.48,19.83,0,0,0,0,1,plastic,light,damaged,medium,formal,32.86
Mouse,2.43,5.32,0,0,0,0,1,plastic,light,damaged,high,informal,32.12
Mouse,11.17,1.9,0,0,0,0,1,plastic,light,damaged,high,formal,31.03
Mouse,1.14,2.43,0,0,0,0,1,plastic,light,broken,medium,none,31.22
Mouse,4.33,11.86,0,0,0,0,1,plastic,light,damaged,high,none,26.73
Mouse,11.17,5.15,0,0,0,0,1,plastic,light,damaged,medium,formal,38.72
Mouse,1.99,17.15,0,0,0,0,1,plastic,light,damaged,high,none,31.92
Mouse,1.46,18.31,0,0,0,0,1,plastic,light,damaged,medium,informal,18.73
Mouse,5.8,5.04,0,0,0,0,1,plastic,light,damaged,high,none,33.75
Mouse,10.55,1.06,0,0,0,0,1,plastic,light,broken,low,none,28.4
Mouse,7.2,11.06,0,0,0,0,1,plastic,light,broken,low,informal,40.06
Mouse,2.99,16.06,0,0,0,0,1,plastic,light,damaged,low,none,22.25
Mouse,1.55,10.3,0,0,0,0,1,plastic,light,working,medium,informal,10.39
Mouse,5.43,4.54,0,0,0,0,1,plastic,light,damaged,high,none,39.5
Mouse,2.17,0.61,0,0,0,0,1,plastic,light,broken,medium,informal,29.83
Mouse,6.04,19.37,0,0,0,0,1,plastic,light,damaged,low,formal,24.45
Mouse,2.85,15.34,0,0,0,0,1,plastic,light,damaged,low,none,18.35
Mouse,5.35,18.41,0,0,0,0,1,plastic,light,broken,medium,informal,33.38
Mouse,6.88,4.88,0,0,0,0,1,plastic,light,working,high,formal,23.74
Mouse,6.15,0.38,0,0,0,0,1,plastic,light,working,medium,none,16.74
Mouse,3.13,8.47,0,0,0,0,1,plastic,light,damaged,high,informal,33.62
Mouse,9.09,2.21,0,0,0,0,1,plastic,light,damaged,low,formal,19.45
Mouse,6.05,5.97,0,0,0,0,1,plastic,light,broken,medium,informal,36.95
Mouse,0.97,17.86,0,0,0,0,1,plastic,light,broken,low,formal,9.76
Mouse,2.15,13.22,0,0,0,0,1,plastic,light,damaged,high,none,39.22
Mouse,8.42,10.26,0,0,0,0,1,plastic,light,damaged,medium,informal,30.25
Mouse,7.91,12.26,0,0,0,0,1,plastic,light,broken,medium,informal,37.37
Mouse,3.28,0.04,0,0,0,0,1,plastic,light,damaged,medium,none,33.54
Mouse,4.66,7.89,0,0,0,0,1,plastic,light,working,low,none,19.07
Mouse,8.41,9.43,0,0,0,0,1,plastic,light,broken,medium,formal,27.38
Mouse,10.8,17.23,0,0,0,0,1,plastic,light,working,low,formal,9.8
Mouse,10.72,9.07,0,0,0,0,1,plastic,light,damaged,high,none,43.79
Mouse,10.2,10.25,0,0,0,0,1,plastic,light,broken,low,informal,37.81
Mouse,0.96,15.26,0,0,0,0,1,plastic,light,working,medium,formal,16.97
Mouse,11.39,5.84,0,0,0,0,1,plastic,light,working,low,none,27.0
Mouse,6.24,9.5,0,0,0,0,1,plastic,light,working,medium,formal,21.0
Mouse,11.74,15.93,0,0,0,0,1,plastic,light,damaged,low,none,29.25
Mouse,2.93,11.14,0,0,0,0,1,plastic,light,broken,medium,formal,25.61
Mouse,5.84,14.96,0,0,0,0,1,plastic,light,working,low,none,15.94
Mouse,2.94,6.81,0,0,0,0,1,plastic,light,damaged,high,none,33.57
Mouse,8.83,3.73,0,0,0,0,1,plastic,light,broken,high,formal,38.04
Mouse,1.43,13.14,0,0,0,0,1,plastic,light,damaged,low,informal,24.25
Mouse,11.92,13.57,0,0,0,0,1,plastic,light,broken,low,formal,27.23
Mouse,3.2,3.86,0,0,0,0,1,plastic,light,damaged,medium,none,22.49
Mouse,2.62,9.3,0,0,0,0,1,plastic,light,working,medium,formal,9.65
Mouse,7.31,15.18,0,0,0,0,1,plastic,light,working,medium,none,23.69
Mouse,9.33,16.06,0,0,0,0,1,plastic,light,broken,high,informal,52.79
Mouse,8.52,19.91,0,0,0,0,1,plastic,light,working,medium,formal,21.54
Mouse,3.52,4.46,0,0,0,0,1,plastic,light,broken,low,none,23.93
Mouse,3.41,12.58,0,0,0,0,1,plastic,light,broken,high,none,41.42
Mouse,11.6,11.63,0,0,0,0,1,plastic,light,broken,high,none,51.71
Mouse,1.96,7.92,0,0,0,0,1,plastic,light,damaged,medium,formal,18.85
Mouse,9.77,0.19,0,0,0,0,1,plastic,light,damaged,low,informal,28.3
Mouse,6.12,13.06,0,0,0,0,1,plastic,light,working,low,formal,9.85
Mouse,11.7,7.95,0,0,0,0,1,plastic,light,damaged,low,informal,22.48
Mouse,2.07,13.76,0,0,0,0,1,plastic,light,broken,medium,informal,29.55
Mouse,11.57,16.63,0,0,0,0,1,plastic,light,damaged,high,formal,27.79
Mouse,2.35,8.53,0,0,0,0,1,plastic,light,working,medium,informal,20.22
Mouse,6.61,2.94,0,0,0,0,1,plastic,light,working,medium,none,21.81
Mouse,10.5,1.45,0,0,0,0,1,plastic,light,broken,medium,informal,39.88
Mouse,4.06,5.95,0,0,0,0,1,plastic,light,damaged,high,none,37.13
Mouse,3.46,12.36,0,0,0,0,1,plastic,light,damaged,high,informal,36.57
Mouse,7.9,17.65,0,0,0,0,1,plastic,light,damaged,low,informal,34.72
Mouse,11.44,9.72,0,0,0,0,1,plastic,light,damaged,medium,formal,24.31
Mouse,3.42,18.38,0,0,0,0,1,plastic,light,damaged,low,formal,21.47
Mouse,10.16,5.85,0,0,0,0,1,plastic,light,broken,medium,none,43.02
Mouse,7.36,2.46,0,0,0,0,1,plastic,light,broken,low,formal,29.62
Mouse,10.14,10.32,0,0,0,0,1,plastic,light,damaged,high,formal,39.73
Mouse,10.35,4.62,0,0,0,0,1,plastic,light,broken,low,informal,37.73
Mouse,9.09,16.1,0,0,0,0,1,plastic,light,broken,high,informal,50.9
Mouse,2.49,0.97,0,0,0,0,1,plastic,light,working,low,informal,8.98
Mouse,10.78,1.41,0,0,0,0,1,plastic,light,broken,medium,formal,39.52
Mouse,8.31,15.27,0,0,0,0,1,plastic,light,damaged,high,formal,31.02
Mouse,2.93,4.78,0,0,0,0,1,plastic,light,broken,low,informal,28.45
Mouse,6.62,17.97,0,0,0,0,1,plastic,light,broken,high,none,40.12
Mouse,5.12,12.94,0,0,0,0,1,plastic,light,damaged,medium,informal,31.05
Mouse,11.24,0.71,0,0,0,0,1,plastic,light,broken,high,none,40.23
Mouse,6.77,15.31,0,0,0,0,1,plastic,light,broken,high,formal,37.52
Mouse,7.4,6.65,0,0,0,0,1,plastic,light,working,low,formal,12.94
Mouse,3.77,19.2,0,0,0,0,1,plastic,light,damaged,low,formal,20.27
Mouse,1.87,2.07,0,0,0,0,1,plastic,light,working,medium,formal,16.01
Mouse,5.38,18.31,0,0,0,0,1,plastic,light,damaged,medium,none,27.01
Mouse,1.34,1.8,0,0,0,0,1,plastic,light,damaged,medium,none,22.81
Mouse,7.36,10.02,0,0,0,0,1,plastic,light,broken,high,none,45.81
Mouse,3.42,15.45,0,0,0,0,1,plastic,light,damaged,low,none,23.34
Mouse,3.67,7.02,0,0,0,0,1,plastic,light,working,medium,informal,20.05
Mouse,8.06,0.32,0,0,0,0,1,plastic,light,working,low,informal,22.8
Mouse,3.32,11.49,0,0,0,0,1,plastic,light,broken,medium,informal,34.08
Mouse,6.53,2.71,0,0,0,0,1,plastic,light,working,low,informal,18.46
Mouse,2.7,18.23,0,0,0,0,1,plastic,light,working,medium,informal,19.34
Mouse,8.24,11.78,0,0,0,0,1,plastic,light,working,high,informal,31.47
Mouse,11.82,15.41,0,0,0,0,1,plastic,light,broken,medium,informal,46.84
Mouse,9.19,17.61,0,0,0,0,1,plastic,light,broken,medium,none,39.94
Mouse,2.57,6.95,0,0,0,0,1,plastic,light,broken,low,informal,23.3
Mouse,7.32,2.42,0,0,0,0,1,plastic,light,damaged,medium,formal,23.37
Mouse,5.73,14.96,0,0,0,0,1,plastic,light,damaged,low,informal,24.68
Mouse,11.5,7.83,0,0,0,0,1,plastic,light,damaged,high,none,41.95
Mouse,11.71,13.78,0,0,0,0,1,plastic,light,broken,medium,none,46.82
Mouse,3.84,6.08,0,0,0,0,1,plastic,light,broken,medium,informal,37.5
Mouse,1.77,16.59,0,0,0,0,1,plastic,light,damaged,low,informal,19.84
Mouse,3.75,6.48,0,0,0,0,1,plastic,light,damaged,low,none,22.74
Mouse,4.77,12.92,0,0,0,0,1,plastic,light,damaged,medium,none,27.03
Mouse,8.44,2.29,0,0,0,0,1,plastic,light,damaged,medium,formal,21.04
Mouse,5.87,14.1,0,0,0,0,1,plastic,light,damaged,medium,formal,16.24
Mouse,8.4,11.36,0,0,0,0,1,plastic,light,damaged,high,informal,44.64
Mouse,7.82,13.2,0,0,0,0,1,plastic,light,damaged,low,formal,9.99
LED,7.85,17.46,0,0,0,0,1,semiconductor,light,damaged,low,none,35.51
LED,0.68,2.15,0,0,0,0,1,semiconductor,light,working,high,formal,22.02
LED,6.21,9.46,0,0,0,0,1,semiconductor,light,damaged,high,formal,39.3
LED,0.85,13.46,0,0,0,0,1,semiconductor,light,broken,high,none,36.41
LED,4.17,11.73,0,0,0,0,1,semiconductor,light,working,medium,formal,22.04
LED,4.49,11.24,0,0,0,0,1,semiconductor,light,damaged,medium,none,29.9
LED,3.91,12.55,0,0,0,0,1,semiconductor,light,damaged,low,informal,31.82
LED,7.0,9.37,0,0,0,0,1,semiconductor,light,broken,high,none,50.09
LED,9.85,12.86,0,0,0,0,1,semiconductor,light,damaged,high,none,42.68
LED,1.87,1.62,0,0,0,0,1,semiconductor,light,working,low,informal,23.07
LED,8.57,19.73,0,0,0,0,1,semiconductor,light,damaged,medium,informal,43.42
LED,0.6,0.04,0,0,0,0,1,semiconductor,light,working,low,none,27.14
LED,2.86,17.9,0,0,0,0,1,semiconductor,light,broken,high,none,41.73
LED,2.52,16.13,0,0,0,0,1,semiconductor,light,broken,high,informal,35.94
LED,9.22,1.96,0,0,0,0,1,semiconductor,light,working,high,informal,37.81
LED,10.01,16.34,0,0,0,0,1,semiconductor,light,broken,medium,none,48.65
LED,2.24,1.65,0,0,0,0,1,semiconductor,light,damaged,high,informal,38.84
LED,2.91,18.98,0,0,0,0,1,semiconductor,light,working,high,informal,33.56
LED,6.25,8.45,0,0,0,0,1,semiconductor,light,working,medium,formal,19.26
LED,6.12,15.96,0,0,0,0,1,semiconductor,light,damaged,high,informal,39.23
LED,8.43,13.36,0,0,0,0,1,semiconductor,light,damaged,medium,formal,32.62
LED,3.32,15.36,0,0,0,0,1,semiconductor,light,working,low,formal,15.94
LED,9.47,15.12,0,0,0,0,1,semiconductor,light,broken,low,informal,38.13
LED,7.97,1.69,0,0,0,0,1,semiconductor,light,working,medium,none,30.49
LED,2.18,3.71,0,0,0,0,1,semiconductor,light,working,low,formal,19.18
LED,5.54,15.52,0,0,0,0,1,semiconductor,light,broken,low,formal,25.17
LED,10.6,1.61,0,0,0,0,1,semiconductor,light,working,low,informal,29.88
LED,10.7,8.22,0,0,0,0,1,semiconductor,light,damaged,medium,formal,33.15
LED,2.09,2.65,0,0,0,0,1,semiconductor,light,working,low,informal,19.85
LED,11.86,7.46,0,0,0,0,1,semiconductor,light,damaged,medium,formal,35.02
LED,2.15,18.9,0,0,0,0,1,semiconductor,light,broken,low,formal,20.44
LED,4.68,2.59,0,0,0,0,1,semiconductor,light,damaged,medium,informal,32.37
LED,1.58,8.57,0,0,0,0,1,semiconductor,light,broken,medium,none,36.38
LED,10.35,1.52,0,0,0,0,1,semiconductor,light,damaged,high,none,48.5
LED,11.56,15.59,0,0,0,0,1,semiconductor,light,broken,high,none,53.22
LED,9.99,16.88,0,0,0,0,1,semiconductor,light,damaged,medium,formal,33.16
LED,11.26,11.73,0,0,0,0,1,semiconductor,light,damaged,low,none,35.56
LED,7.92,7.33,0,0,0,0,1,semiconductor,light,damaged,low,none,33.18
LED,1.51,12.62,0,0,0,0,1,semiconductor,light,damaged,medium,none,25.05
LED,9.58,10.6,0,0,0,0,1,semiconductor,light,working,low,informal,28.05
LED,9.77,8.76,0,0,0,0,1,semiconductor,light,damaged,high,informal,47.91
LED,7.73,14.68,0,0,0,0,1,semiconductor,light,damaged,high,formal,30.94
LED,11.44,10.77,0,0,0,0,1,semiconductor,light,damaged,low,informal,39.03
LED,0.96,10.94,0,0,0,0,1,semiconductor,light,working,high,none,30.1
LED,0.74,17.17,0,0,0,0,1,semiconductor,light,broken,medium,none,40.77
LED,4.41,6.46,0,0,0,0,1,semiconductor,light,damaged,low,none,24.36
LED,4.51,8.01,0,0,0,0,1,semiconductor,light,broken,medium,informal,39.0
LED,11.67,7.45,0,0,0,0,1,semiconductor,light,damaged,low,formal,23.89
LED,9.01,15.4,0,0,0,0,1,semiconductor,light,broken,high,formal,38.69
LED,10.92,11.71,0,0,0,0,1,semiconductor,light,working,high,none,32.65
LED,1.5,17.25,0,0,0,0,1,semiconductor,light,damaged,medium,none,26.69
LED,5.24,1.48,0,0,0,0,1,semiconductor,light,damaged,low,none,28.43
LED,2.91,6.57,0,0,0,0,1,semiconductor,light,broken,high,formal,37.23
LED,4.99,15.32,0,0,0,0,1,semiconductor,light,damaged,medium,informal,32.52
LED,9.11,18.05,0,0,0,0,1,semiconductor,light,working,medium,formal,28.97
LED,4.66,18.65,0,0,0,0,1,semiconductor,light,damaged,high,none,37.26
LED,1.69,4.63,0,0,0,0,1,semiconductor,light,damaged,low,informal,28.42
LED,5.49,15.71,0,0,0,0,1,semiconductor,light,broken,high,formal,39.44
LED,6.2,6.96,0,0,0,0,1,semiconductor,light,damaged,medium,none,38.75
LED,11.8,1.21,0,0,0,0,1,semiconductor,light,damaged,high,formal,28.28
LED,7.53,4.8,0,0,0,0,1,semiconductor,light,broken,medium,informal,38.14
LED,3.78,8.34,0,0,0,0,1,semiconductor,light,damaged,medium,informal,34.05
LED,7.02,13.09,0,0,0,0,1,semiconductor,light,damaged,low,none,28.61
LED,5.18,9.98,0,0,0,0,1,semiconductor,light,damaged,medium,formal,29.84
LED,8.8,1.25,0,0,0,0,1,semiconductor,light,damaged,high,informal,45.6
LED,5.23,3.69,0,0,0,0,1,semiconductor,light,broken,medium,none,39.78
LED,4.43,6.71,0,0,0,0,1,semiconductor,light,broken,medium,formal,31.93
LED,0.99,9.26,0,0,0,0,1,semiconductor,light,damaged,high,informal,29.12
LED,11.8,3.62,0,0,0,0,1,semiconductor,light,damaged,low,none,30.89
LED,10.1,18.72,0,0,0,0,1,semiconductor,light,broken,medium,none,55.34
LED,2.29,5.08,0,0,0,0,1,semiconductor,light,working,medium,none,23.36
LED,7.76,10.28,0,0,0,0,1,semiconductor,light,broken,medium,none,43.35
LED,8.29,13.96,0,0,0,0,1,semiconductor,light,damaged,high,formal,42.17
LED,6.17,17.79,0,0,0,0,1,semiconductor,light,damaged,medium,none,31.16
LED,5.84,10.33,0,0,0,0,1,semiconductor,light,damaged,medium,none,30.47
LED,8.48,12.06,0,0,0,0,1,semiconductor,light,working,medium,informal,33.47
LED,8.54,12.78,0,0,0,0,1,semiconductor,light,damaged,high,none,47.36
LED,4.34,17.63,0,0,0,0,1,semiconductor,light,damaged,high,informal,41.31
LED,3.01,10.85,0,0,0,0,1,semiconductor,light,damaged,medium,informal,33.57
LED,8.37,4.35,0,0,0,0,1,semiconductor,light,broken,high,none,51.74
LED,4.3,10.72,0,0,0,0,1,semiconductor,light,working,medium,formal,27.25
LED,4.99,9.98,0,0,0,0,1,semiconductor,light,broken,low,none,36.87
LED,2.46,0.74,0,0,0,0,1,semiconductor,light,working,high,informal,30.24
LED,0.76,14.34,0,0,0,0,1,semiconductor,light,working,high,formal,25.22
LED,4.47,15.23,0,0,0,0,1,semiconductor,light,broken,medium,none,39.46
LED,8.06,3.86,0,0,0,0,1,semiconductor,light,damaged,low,informal,31.57
LED,2.84,12.88,0,0,0,0,1,semiconductor,light,broken,low,informal,36.68
LED,6.32,10.88,0,0,0,0,1,semiconductor,light,damaged,medium,formal,29.16
LED,5.2,1.06,0,0,0,0,1,semiconductor,light,damaged,medium,informal,38.82
LED,1.6,7.1,0,0,0,0,1,semiconductor,light,damaged,high,none,27.61
LED,7.17,10.41,0,0,0,0,1,semiconductor,light,broken,high,none,48.44
LED,0.71,1.25,0,0,0,0,1,semiconductor,light,broken,high,informal,48.69
LED,10.75,11.88,0,0,0,0,1,semiconductor,light,broken,medium,formal,33.11
LED,6.84,2.12,0,0,0,0,1,semiconductor,light,broken,low,formal,22.06
LED,6.56,10.75,0,0,0,0,1,semiconductor,light,damaged,high,informal,47.86
LED,0.79,11.42,0,0,0,0,1,semiconductor,light,broken,low,informal,33.88
LED,11.15,7.07,0,0,0,0,1,semiconductor,light,damaged,high,formal,38.67
LED,6.41,16.72,0,0,0,0,1,semiconductor,light,broken,medium,formal,39.08
LED,6.02,17.18,0,0,0,0,1,semiconductor,light,broken,high,none,39.4
LED,9.41,14.8,0,0,0,0,1,semiconductor,light,damaged,low,none,41.71
LED,5.74,7.27,0,0,0,0,1,semiconductor,light,damaged,medium,formal,25.86
LED,2.65,8.13,0,0,0,0,1,semiconductor,light,broken,high,none,44.44
LED,11.31,2.82,0,0,0,0,1,semiconductor,light,working,medium,formal,28.03
LED,11.66,5.1,0,0,0,0,1,semiconductor,light,damaged,medium,formal,36.88
LED,7.29,8.87,0,0,0,0,1,semiconductor,light,damaged,medium,formal,21.42
LED,0.52,6.17,0,0,0,0,1,semiconductor,light,damaged,medium,formal,22.73
LED,6.34,13.85,0,0,0,0,1,semiconductor,light,damaged,high,informal,47.11
LED,5.42,14.03,0,0,0,0,1,semiconductor,light,damaged,medium,none,32.84
LED,2.51,6.78,0,0,0,0,1,semiconductor,light,working,medium,formal,22.38
LED,9.55,7.3,0,0,0,0,1,semiconductor,light,broken,medium,informal,46.89
LED,10.11,14.6,0,0,0,0,1,semiconductor,light,broken,low,informal,42.05
LED,8.36,11.76,0,0,0,0,1,semiconductor,light,broken,medium,informal,48.58
LED,1.92,13.81,0,0,0,0,1,semiconductor,light,broken,low,none,26.32
LED,5.33,3.89,0,0,0,0,1,semiconductor,light,damaged,medium,none,31.49
LED,9.4,12.14,0,0,0,0,1,semiconductor,light,working,high,none,37.7
LED,5.87,8.4,0,0,0,0,1,semiconductor,light,broken,medium,formal,28.69
LED,11.39,18.41,0,0,0,0,1,semiconductor,light,damaged,medium,formal,33.26
LED,2.34,0.16,0,0,0,0,1,semiconductor,light,damaged,low,formal,16.79
LED,1.38,4.11,0,0,0,0,1,semiconductor,light,broken,high,informal,39.58
LED,1.3,5.16,0,0,0,0,1,semiconductor,light,damaged,high,informal,35.59
LED,5.01,2.38,0,0,0,0,1,semiconductor,light,broken,medium,none,44.87
LED,10.93,18.42,0,0,0,0,1,semiconductor,light,damaged,medium,formal,33.37
LED,11.26,9.16,0,0,0,0,1,semiconductor,light,working,medium,formal,37.58
LED,4.38,1.44,0,0,0,0,1,semiconductor,light,broken,high,none,43.74
LED,4.72,15.22,0,0,0,0,1,semiconductor,light,damaged,low,formal,19.08
LED,11.98,0.99,0,0,0,0,1,semiconductor,light,damaged,medium,informal,38.47
LED,7.07,3.01,0,0,0,0,1,semiconductor,light,broken,medium,informal,44.88
LED,10.11,12.17,0,0,0,0,1,semiconductor,light,damaged,medium,none,39.33
LED,10.59,2.08,0,0,0,0,1,semiconductor,light,damaged,high,informal,42.32
LED,7.43,20.0,0,0,0,0,1,semiconductor,light,damaged,low,formal,18.96
LED,0.99,11.18,0,0,0,0,1,semiconductor,light,damaged,low,none,19.68
LED,4.46,19.81,0,0,0,0,1,semiconductor,light,damaged,high,informal,42.85
LED,9.62,15.38,0,0,0,0,1,semiconductor,light,damaged,high,none,37.62
LED,5.08,15.17,0,0,0,0,1,semiconductor,light,damaged,low,formal,24.91
LED,8.35,5.03,0,0,0,0,1,semiconductor,light,damaged,high,informal,41.17
LED,7.0,10.08,0,0,0,0,1,semiconductor,light,working,low,formal,15.09
LED,11.82,9.38,0,0,0,0,1,semiconductor,light,broken,high,informal,48.36
LED,8.42,5.45,0,0,0,0,1,semiconductor,light,broken,low,none,40.55
LED,1.65,17.62,0,0,0,0,1,semiconductor,light,damaged,medium,informal,35.65
LED,11.4,0.83,0,0,0,0,1,semiconductor,light,broken,medium,none,38.78
LED,4.91,9.44,0,0,0,0,1,semiconductor,light,broken,medium,informal,45.33
LED,7.2,2.87,0,0,0,0,1,semiconductor,light,damaged,medium,informal,40.19
LED,10.51,15.52,0,0,0,0,1,semiconductor,light,working,high,informal,36.52
LED,8.21,4.73,0,0,0,0,1,semiconductor,light,damaged,low,formal,28.53
LED,1.56,4.8,0,0,0,0,1,semiconductor,light,working,medium,formal,11.85
LED,11.37,18.66,0,0,0,0,1,semiconductor,light,working,medium,formal,27.32
LED,11.22,10.46,0,0,0,0,1,semiconductor,light,working,medium,formal,32.46
LED,5.9,7.68,0,0,0,0,1,semiconductor,light,working,low,formal,13.01
LED,9.79,2.71,0,0,0,0,1,semiconductor,light,damaged,medium,formal,30.13
LED,5.1,11.86,0,0,0,0,1,semiconductor,light,damaged,medium,informal,42.61
Resistor,8.2,0.54,0,0,0,0,1,ceramic,light,damaged,low,formal,24.15
Resistor,10.65,1.41,0,0,0,0,1,ceramic,light,damaged,medium,formal,26.71
Resistor,9.3,14.89,0,0,0,0,1,ceramic,light,broken,low,formal,29.2
Resistor,10.79,1.15,0,0,0,0,1,ceramic,light,damaged,medium,formal,29.91
Resistor,6.41,12.19,0,0,0,0,1,ceramic,light,working,medium,informal,26.27
Resistor,4.44,5.34,0,0,0,0,1,ceramic,light,broken,high,formal,30.92
Resistor,9.36,2.22,0,0,0,0,1,ceramic,light,working,medium,formal,20.52
Resistor,11.79,14.23,0,0,0,0,1,ceramic,light,damaged,medium,none,34.46
Resistor,8.67,15.24,0,0,0,0,1,ceramic,light,broken,low,none,31.48
Resistor,8.33,4.96,0,0,0,0,1,ceramic,light,damaged,medium,informal,25.07
Resistor,5.58,10.59,0,0,0,0,1,ceramic,light,damaged,medium,formal,22.11
Resistor,9.54,3.39,0,0,0,0,1,ceramic,light,working,high,informal,26.2
Resistor,11.44,14.29,0,0,0,0,1,ceramic,light,damaged,medium,informal,35.09
Resistor,6.41,0.22,0,0,0,0,1,ceramic,light,damaged,medium,informal,26.23
Resistor,2.96,11.04,0,0,0,0,1,ceramic,light,broken,low,formal,16.34
Resistor,4.86,16.36,0,0,0,0,1,ceramic,light,broken,low,informal,25.54
Resistor,7.82,10.44,0,0,0,0,1,ceramic,light,damaged,low,informal,31.61
Resistor,9.28,2.69,0,0,0,0,1,ceramic,light,working,high,informal,29.39
Resistor,10.36,1.17,0,0,0,0,1,ceramic,light,damaged,medium,none,30.1
Resistor,5.18,17.32,0,0,0,0,1,ceramic,light,broken,high,none,35.81
Resistor,0.57,0.96,0,0,0,0,1,ceramic,light,working,medium,none,15.57
Resistor,5.83,2.08,0,0,0,0,1,ceramic,light,damaged,medium,informal,28.83
Resistor,5.54,0.36,0,0,0,0,1,ceramic,light,broken,medium,informal,35.71
Resistor,3.5,15.99,0,0,0,0,1,ceramic,light,damaged,low,informal,19.12
Resistor,2.76,15.16,0,0,0,0,1,ceramic,light,damaged,high,none,30.31
Resistor,7.88,13.38,0,0,0,0,1,ceramic,light,broken,medium,informal,34.34
Resistor,7.82,5.97,0,0,0,0,1,ceramic,light,working,medium,formal,9.95
Resistor,9.15,7.51,0,0,0,0,1,ceramic,light,damaged,medium,none,35.04
Resistor,4.6,19.28,0,0,0,0,1,ceramic,light,broken,high,none,43.23
Resistor,9.03,13.93,0,0,0,0,1,ceramic,light,broken,high,none,32.46
Resistor,4.51,16.66,0,0,0,0,1,ceramic,light,damaged,medium,informal,27.25
Resistor,3.01,12.51,0,0,0,0,1,ceramic,light,damaged,high,informal,31.21
Resistor,3.13,7.64,0,0,0,0,1,ceramic,light,damaged,low,informal,17.35
Resistor,0.64,3.43,0,0,0,0,1,ceramic,light,broken,low,formal,18.77
Resistor,9.21,11.73,0,0,0,0,1,ceramic,light,broken,high,formal,36.08
Resistor,6.86,12.89,0,0,0,0,1,ceramic,light,working,high,informal,29.63
Resistor,1.16,18.75,0,0,0,0,1,ceramic,light,damaged,medium,informal,21.49
Resistor,1.38,14.12,0,0,0,0,1,ceramic,light,damaged,medium,formal,8.74
Resistor,8.78,16.68,0,0,0,0,1,ceramic,light,damaged,medium,formal,33.42
Resistor,11.06,7.63,0,0,0,0,1,ceramic,light,broken,medium,none,36.3
Resistor,5.08,6.39,0,0,0,0,1,ceramic,light,broken,low,formal,21.64
Resistor,5.12,3.74,0,0,0,0,1,ceramic,light,damaged,medium,informal,27.1
Resistor,0.97,13.13,0,0,0,0,1,ceramic,light,broken,high,none,33.02
Resistor,4.21,0.28,0,0,0,0,1,ceramic,light,broken,high,none,35.38
Resistor,3.16,5.04,0,0,0,0,1,ceramic,light,damaged,high,formal,21.61
Resistor,9.8,18.41,0,0,0,0,1,ceramic,light,damaged,medium,none,34.17
Resistor,6.59,13.69,0,0,0,0,1,ceramic,light,damaged,low,none,26.28
Resistor,3.77,6.36,0,0,0,0,1,ceramic,light,damaged,high,informal,27.93
Resistor,10.65,6.15,0,0,0,0,1,ceramic,light,damaged,high,formal,30.28
Resistor,4.59,6.45,0,0,0,0,1,ceramic,light,damaged,low,none,10.54
Resistor,11.25,11.31,0,0,0,0,1,ceramic,light,damaged,low,none,30.21
Resistor,11.76,11.91,0,0,0,0,1,ceramic,light,broken,medium,formal,26.02
Resistor,9.67,0.71,0,0,0,0,1,ceramic,light,broken,low,none,32.81
Resistor,7.37,9.16,0,0,0,0,1,ceramic,light,damaged,medium,informal,24.93
Resistor,5.54,7.18,0,0,0,0,1,ceramic,light,damaged,low,none,16.04
Resistor,5.99,17.33,0,0,0,0,1,ceramic,light,working,medium,informal,21.2
Resistor,2.45,16.35,0,0,0,0,1,ceramic,light,damaged,medium,none,25.06
Resistor,7.74,14.82,0,0,0,0,1,ceramic,light,broken,low,none,31.38
Resistor,7.56,1.4,0,0,0,0,1,ceramic,light,damaged,low,none,26.49
Resistor,2.61,12.12,0,0,0,0,1,ceramic,light,working,medium,none,15.38
Resistor,8.81,16.3,0,0,0,0,1,ceramic,light,broken,low,informal,33.51
Resistor,2.69,11.06,0,0,0,0,1,ceramic,light,damaged,medium,none,30.16
Resistor,5.19,0.54,0,0,0,0,1,ceramic,light,working,high,none,20.13
Resistor,11.29,13.26,0,0,0,0,1,ceramic,light,broken,high,informal,50.69
Resistor,6.01,3.73,0,0,0,0,1,ceramic,light,damaged,high,none,31.12
Resistor,1.49,1.15,0,0,0,0,1,ceramic,light,damaged,medium,informal,29.82
Resistor,0.57,19.79,0,0,0,0,1,ceramic,light,damaged,high,informal,28.84
Resistor,8.66,10.55,0,0,0,0,1,ceramic,light,damaged,low,none,23.97
Resistor,10.98,1.87,0,0,0,0,1,ceramic,light,damaged,high,formal,33.9
Resistor,7.36,8.32,0,0,0,0,1,ceramic,light,damaged,low,none,32.21
Resistor,9.08,13.42,0,0,0,0,1,ceramic,light,damaged,low,formal,20.74
Resistor,4.03,2.05,0,0,0,0,1,ceramic,light,working,medium,none,22.38
Resistor,11.07,17.94,0,0,0,0,1,ceramic,light,broken,high,informal,47.61
Resistor,2.96,5.35,0,0,0,0,1,ceramic,light,working,medium,informal,15.1
Resistor,2.27,9.07,0,0,0,0,1,ceramic,light,broken,medium,none,25.83
Resistor,7.12,9.27,0,0,0,0,1,ceramic,light,damaged,high,none,31.81
Resistor,11.34,7.97,0,0,0,0,1,ceramic,light,working,medium,formal,15.29
Resistor,5.06,2.23,0,0,0,0,1,ceramic,light,working,medium,informal,17.39
Resistor,8.65,13.21,0,0,0,0,1,ceramic,light,working,medium,formal,19.29
Resistor,2.82,6.83,0,0,0,0,1,ceramic,light,broken,medium,none,31.04
Resistor,3.54,4.21,0,0,0,0,1,ceramic,light,broken,medium,none,37.52
Resistor,8.96,5.41,0,0,0,0,1,ceramic,light,damaged,high,informal,44.6
Resistor,6.78,14.06,0,0,0,0,1,ceramic,light,broken,medium,informal,36.7
Resistor,8.91,9.27,0,0,0,0,1,ceramic,light,damaged,medium,none,31.43
Resistor,10.66,2.18,0,0,0,0,1,ceramic,light,damaged,medium,none,27.47
Resistor,0.8,11.31,0,0,0,0,1,ceramic,light,working,high,none,25.74
Resistor,5.8,8.59,0,0,0,0,1,ceramic,light,broken,medium,formal,25.03
Resistor,2.15,0.53,0,0,0,0,1,ceramic,light,working,high,formal,17.61
Resistor,8.88,5.05,0,0,0,0,1,ceramic,light,damaged,high,formal,24.74
Resistor,1.76,9.8,0,0,0,0,1,ceramic,light,damaged,medium,none,17.44
Resistor,6.76,0.65,0,0,0,0,1,ceramic,light,damaged,low,informal,21.11
Resistor,9.92,18.22,0,0,0,0,1,ceramic,light,broken,medium,informal,41.36
Resistor,11.02,6.42,0,0,0,0,1,ceramic,light,broken,low,formal,31.14
Resistor,9.57,18.6,0,0,0,0,1,ceramic,light,working,low,none,22.6
Resistor,2.54,13.65,0,0,0,0,1,ceramic,light,damaged,low,formal,17.76
Resistor,8.64,12.44,0,0,0,0,1,ceramic,light,damaged,medium,formal,24.64
Resistor,5.2,0.58,0,0,0,0,1,ceramic,light,working,medium,informal,20.66
Resistor,6.82,1.57,0,0,0,0,1,ceramic,light,broken,low,none,27.05
Resistor,0.5,17.65,0,0,0,0,1,ceramic,light,working,high,informal,18.12
Resistor,1.32,15.35,0,0,0,0,1,ceramic,light,working,high,formal,20.6
Resistor,6.01,14.46,0,0,0,0,1,ceramic,light,damaged,low,none,22.69
Resistor,4.68,5.15,0,0,0,0,1,ceramic,light,broken,medium,informal,23.18
Resistor,5.14,14.26,0,0,0,0,1,ceramic,light,broken,medium,informal,35.64
Resistor,1.2,1.92,0,0,0,0,1,ceramic,light,working,medium,none,18.33
Resistor,4.1,7.69,0,0,0,0,1,ceramic,light,broken,high,none,33.66
Resistor,0.68,2.15,0,0,0,0,1,ceramic,light,damaged,medium,formal,13.45
Resistor,2.07,3.63,0,0,0,0,1,ceramic,light,damaged,medium,informal,20.69
Resistor,1.61,4.54,0,0,0,0,1,ceramic,light,broken,high,informal,29.54
Resistor,11.04,12.86,0,0,0,0,1,ceramic,light,working,high,formal,20.51
Resistor,5.01,12.92,0,0,0,0,1,ceramic,light,damaged,medium,informal,30.33
Resistor,4.43,19.19,0,0,0,0,1,ceramic,light,broken,medium,formal,23.67
Resistor,2.92,7.33,0,0,0,0,1,ceramic,light,broken,low,formal,21.0
Resistor,6.18,5.54,0,0,0,0,1,ceramic,light,damaged,medium,informal,26.74
Resistor,1.11,12.17,0,0,0,0,1,ceramic,light,broken,medium,none,25.19
Resistor,8.7,18.71,0,0,0,0,1,ceramic,light,working,low,formal,14.67
Resistor,7.11,1.68,0,0,0,0,1,ceramic,light,damaged,medium,informal,31.08
Resistor,3.47,1.47,0,0,0,0,1,ceramic,light,broken,medium,informal,32.19
Resistor,7.0,18.03,0,0,0,0,1,ceramic,light,damaged,high,none,32.14
Resistor,7.13,18.68,0,0,0,0,1,ceramic,light,damaged,medium,formal,28.93
Resistor,9.4,3.0,0,0,0,0,1,ceramic,light,damaged,low,none,28.84
Resistor,2.32,18.08,0,0,0,0,1,ceramic,light,working,medium,none,13.08
Resistor,6.19,1.7,0,0,0,0,1,ceramic,light,broken,medium,formal,27.28
Resistor,6.98,1.55,0,0,0,0,1,ceramic,light,broken,high,none,34.24
Resistor,0.9,13.03,0,0,0,0,1,ceramic,light,damaged,medium,none,15.42
Resistor,2.43,0.2,0,0,0,0,1,ceramic,light,working,low,formal,0.0
Resistor,2.58,15.0,0,0,0,0,1,ceramic,light,working,medium,informal,17.21
Resistor,6.39,18.68,0,0,0,0,1,ceramic,light,working,medium,none,13.28
Resistor,5.07,13.61,0,0,0,0,1,ceramic,light,broken,low,formal,24.6
Resistor,4.24,4.66,0,0,0,0,1,ceramic,light,damaged,low,formal,13.66
Resistor,3.33,18.66,0,0,0,0,1,ceramic,light,broken,high,formal,28.28
Resistor,10.12,8.17,0,0,0,0,1,ceramic,light,damaged,medium,none,32.34
Resistor,11.17,4.77,0,0,0,0,1,ceramic,light,damaged,low,none,27.96
Resistor,2.28,17.23,0,0,0,0,1,ceramic,light,damaged,medium,formal,19.67
Resistor,0.79,8.13,0,0,0,0,1,ceramic,light,working,medium,formal,6.64
Resistor,3.4,17.55,0,0,0,0,1,ceramic,light,damaged,medium,informal,23.36
Resistor,6.78,4.76,0,0,0,0,1,ceramic,light,damaged,medium,none,24.58
Resistor,11.4,2.32,0,0,0,0,1,ceramic,light,damaged,medium,formal,28.36
Resistor,6.07,10.76,0,0,0,0,1,ceramic,light,working,medium,none,22.1
Resistor,7.1,5.31,0,0,0,0,1,ceramic,light,damaged,medium,informal,20.0
Resistor,8.77,17.68,0,0,0,0,1,ceramic,light,working,high,informal,29.52
Resistor,8.56,17.11,0,0,0,0,1,ceramic,light,damaged,high,formal,32.07
Resistor,10.51,17.85,0,0,0,0,1,ceramic,light,damaged,medium,informal,29.11
Resistor,11.77,6.4,0,0,0,0,1,ceramic,light,broken,medium,informal,40.7
Resistor,7.07,18.76,0,0,0,0,1,ceramic,light,working,medium,none,20.1
Resistor,9.07,18.1,0,0,0,0,1,ceramic,light,working,low,informal,20.28
Resistor,1.2,10.45,0,0,0,0,1,ceramic,light,damaged,low,informal,12.37
Resistor,5.0,19.8,0,0,0,0,1,ceramic,light,working,medium,none,17.96
Resistor,8.51,2.22,0,0,0,0,1,ceramic,light,damaged,high,informal,39.25
Resistor,8.58,14.92,0,0,0,0,1,ceramic,light,damaged,high,informal,38.95
Resistor,5.3,15.01,0,0,0,0,1,ceramic,light,damaged,medium,none,24.05
semiconductor-diode,7.22,7.82,0,0,0,0,1,semiconductor,light,working,high,formal,30.23
semiconductor-diode,7.85,18.44,0,0,0,0,1,semiconductor,light,working,medium,none,35.16
semiconductor-diode,9.21,10.52,0,0,0,0,1,semiconductor,light,damaged,high,none,43.27
semiconductor-diode,11.96,8.7,0,0,0,0,1,semiconductor,light,working,medium,formal,34.0
semiconductor-diode,1.9,5.64,0,0,0,0,1,semiconductor,light,working,medium,formal,18.89
semiconductor-diode,7.08,19.29,0,0,0,0,1,semiconductor,light,broken,high,formal,43.77
semiconductor-diode,3.55,1.54,0,0,0,0,1,semiconductor,light,broken,low,informal,33.98
semiconductor-diode,11.89,15.14,0,0,0,0,1,semiconductor,light,broken,medium,none,43.78
semiconductor-diode,7.92,18.92,0,0,0,0,1,semiconductor,light,damaged,medium,none,42.26
semiconductor-diode,11.77,9.88,0,0,0,0,1,semiconductor,light,damaged,medium,none,39.94
semiconductor-diode,7.92,0.9,0,0,0,0,1,semiconductor,light,damaged,low,none,33.18
semiconductor-diode,9.68,0.94,0,0,0,0,1,semiconductor,light,working,medium,formal,20.51
semiconductor-diode,4.39,19.96,0,0,0,0,1,semiconductor,light,broken,high,none,41.14
semiconductor-diode,3.19,16.6,0,0,0,0,1,semiconductor,light,damaged,low,informal,26.81
semiconductor-diode,6.33,10.57,0,0,0,0,1,semiconductor,light,broken,medium,none,49.01
semiconductor-diode,11.2,18.15,0,0,0,0,1,semiconductor,light,working,low,informal,30.47
semiconductor-diode,5.46,12.82,0,0,0,0,1,semiconductor,light,broken,low,informal,39.63
semiconductor-diode,11.59,9.58,0,0,0,0,1,semiconductor,light,working,high,none,39.94
semiconductor-diode,4.58,17.75,0,0,0,0,1,semiconductor,light,broken,medium,informal,45.29
semiconductor-diode,5.56,6.05,0,0,0,0,1,semiconductor,light,working,medium,formal,16.97
semiconductor-diode,6.73,12.04,0,0,0,0,1,semiconductor,light,damaged,medium,informal,38.72
semiconductor-diode,11.86,8.8,0,0,0,0,1,semiconductor,light,damaged,low,none,42.05
semiconductor-diode,10.29,18.85,0,0,0,0,1,semiconductor,light,broken,medium,informal,57.55
semiconductor-diode,2.31,17.12,0,0,0,0,1,semiconductor,light,broken,medium,formal,26.17
semiconductor-diode,2.12,13.68,0,0,0,0,1,semiconductor,light,damaged,high,none,40.79
semiconductor-diode,1.03,18.64,0,0,0,0,1,semiconductor,light,damaged,high,informal,46.2
semiconductor-diode,8.67,1.13,0,0,0,0,1,semiconductor,light,damaged,high,none,42.48
semiconductor-diode,11.72,19.9,0,0,0,0,1,semiconductor,light,working,high,formal,37.88
semiconductor-diode,8.43,6.77,0,0,0,0,1,semiconductor,light,broken,low,informal,35.81
semiconductor-diode,7.92,2.63,0,0,0,0,1,semiconductor,light,broken,high,none,47.49
semiconductor-diode,10.39,7.2,0,0,0,0,1,semiconductor,light,damaged,medium,formal,34.66
semiconductor-diode,0.94,14.39,0,0,0,0,1,semiconductor,light,damaged,high,informal,39.37
semiconductor-diode,1.75,18.64,0,0,0,0,1,semiconductor,light,damaged,high,informal,32.75
semiconductor-diode,2.8,10.86,0,0,0,0,1,semiconductor,light,damaged,medium,none,35.73
semiconductor-diode,8.44,0.93,0,0,0,0,1,semiconductor,light,damaged,medium,formal,32.23
semiconductor-diode,9.55,18.47,0,0,0,0,1,semiconductor,light,damaged,low,none,43.3
semiconductor-diode,11.49,11.61,0,0,0,0,1,semiconductor,light,damaged,medium,informal,44.1
semiconductor-diode,7.73,15.8,0,0,0,0,1,semiconductor,light,working,low,informal,29.88
semiconductor-diode,2.53,12.7,0,0,0,0,1,semiconductor,light,damaged,high,none,32.75
semiconductor-diode,7.94,19.86,0,0,0,0,1,semiconductor,light,damaged,low,formal,28.93
semiconductor-diode,4.18,3.92,0,0,0,0,1,semiconductor,light,broken,high,formal,36.5
semiconductor-diode,10.95,10.06,0,0,0,0,1,semiconductor,light,damaged,medium,informal,40.01
semiconductor-diode,4.94,6.8,0,0,0,0,1,semiconductor,light,damaged,medium,formal,28.42
semiconductor-diode,5.27,12.58,0,0,0,0,1,semiconductor,light,broken,low,formal,28.3
semiconductor-diode,2.73,10.05,0,0,0,0,1,semiconductor,light,damaged,high,formal,37.04
semiconductor-diode,10.97,19.18,0,0,0,0,1,semiconductor,light,broken,high,formal,48.93
semiconductor-diode,2.77,0.14,0,0,0,0,1,semiconductor,light,broken,high,formal,44.62
semiconductor-diode,11.17,12.94,0,0,0,0,1,semiconductor,light,broken,medium,informal,51.94
semiconductor-diode,6.74,7.68,0,0,0,0,1,semiconductor,light,working,high,none,32.97
semiconductor-diode,6.51,7.21,0,0,0,0,1,semiconductor,light,working,medium,formal,29.78
semiconductor-diode,1.42,15.11,0,0,0,0,1,semiconductor,light,working,high,informal,24.48
semiconductor-diode,10.2,7.23,0,0,0,0,1,semiconductor,light,damaged,high,informal,53.0
semiconductor-diode,0.69,7.81,0,0,0,0,1,semiconductor,light,damaged,medium,informal,32.33
semiconductor-diode,9.2,8.27,0,0,0,0,1,semiconductor,light,damaged,low,formal,28.54
semiconductor-diode,2.28,9.64,0,0,0,0,1,semiconductor,light,damaged,high,formal,35.31
semiconductor-diode,6.44,17.46,0,0,0,0,1,semiconductor,light,working,low,none,35.43
semiconductor-diode,4.47,0.36,0,0,0,0,1,semiconductor,light,damaged,medium,informal,35.08
semiconductor-diode,6.05,9.19,0,0,0,0,1,semiconductor,light,broken,low,none,33.43
semiconductor-diode,7.19,15.92,0,0,0,0,1,semiconductor,light,damaged,medium,none,36.62
semiconductor-diode,2.79,9.93,0,0,0,0,1,semiconductor,light,broken,medium,none,39.88
semiconductor-diode,8.64,15.58,0,0,0,0,1,semiconductor,light,damaged,medium,none,45.29
semiconductor-diode,4.47,13.4,0,0,0,0,1,semiconductor,light,damaged,low,none,33.24
semiconductor-diode,6.5,13.67,0,0,0,0,1,semiconductor,light,damaged,medium,informal,32.41
semiconductor-diode,8.73,16.12,0,0,0,0,1,semiconductor,light,damaged,medium,none,42.43
semiconductor-diode,8.5,14.08,0,0,0,0,1,semiconductor,light,damaged,medium,informal,38.51
semiconductor-diode,8.46,1.87,0,0,0,0,1,semiconductor,light,broken,high,none,49.24
semiconductor-diode,10.93,8.18,0,0,0,0,1,semiconductor,light,broken,low,formal,34.74
semiconductor-diode,8.25,0.87,0,0,0,0,1,semiconductor,light,broken,low,none,44.15
semiconductor-diode,3.08,1.38,0,0,0,0,1,semiconductor,light,damaged,low,none,25.81
semiconductor-diode,7.03,5.71,0,0,0,0,1,semiconductor,light,damaged,high,formal,33.63
semiconductor-diode,1.45,6.57,0,0,0,0,1,semiconductor,light,damaged,medium,informal,24.84
semiconductor-diode,7.95,19.33,0,0,0,0,1,semiconductor,light,damaged,high,informal,41.96
semiconductor-diode,0.85,3.32,0,0,0,0,1,semiconductor,light,damaged,medium,formal,17.46
semiconductor-diode,1.91,5.93,0,0,0,0,1,semiconductor,light,broken,medium,none,34.15
semiconductor-diode,7.54,8.55,0,0,0,0,1,semiconductor,light,working,medium,informal,28.34
semiconductor-diode,1.84,17.6,0,0,0,0,1,semiconductor,light,damaged,medium,informal,30.74
semiconductor-diode,10.53,10.94,0,0,0,0,1,semiconductor,light,damaged,high,none,49.14
semiconductor-diode,6.77,11.09,0,0,0,0,1,semiconductor,light,damaged,medium,none,38.95
semiconductor-diode,1.75,19.23,0,0,0,0,1,semiconductor,light,broken,medium,informal,37.87
semiconductor-diode,8.11,12.68,0,0,0,0,1,semiconductor,light,damaged,medium,none,34.13
semiconductor-diode,0.8,9.02,0,0,0,0,1,semiconductor,light,broken,medium,none,36.97
semiconductor-diode,1.13,9.83,0,0,0,0,1,semiconductor,light,working,low,informal,21.39
semiconductor-diode,2.29,19.27,0,0,0,0,1,semiconductor,light,broken,medium,informal,45.11
semiconductor-diode,7.72,0.02,0,0,0,0,1,semiconductor,light,broken,high,informal,52.83
semiconductor-diode,10.88,18.17,0,0,0,0,1,semiconductor,light,damaged,medium,none,36.83
semiconductor-diode,2.6,17.92,0,0,0,0,1,semiconductor,light,broken,low,none,29.34
semiconductor-diode,8.91,17.01,0,0,0,0,1,semiconductor,light,working,medium,none,40.69
semiconductor-diode,9.91,7.49,0,0,0,0,1,semiconductor,light,broken,low,formal,39.95
semiconductor-diode,1.0,7.29,0,0,0,0,1,semiconductor,light,damaged,high,none,43.98
semiconductor-diode,1.11,3.61,0,0,0,0,1,semiconductor,light,damaged,medium,none,27.09
semiconductor-diode,5.13,14.45,0,0,0,0,1,semiconductor,light,damaged,high,formal,44.83
semiconductor-diode,11.98,4.03,0,0,0,0,1,semiconductor,light,damaged,medium,informal,47.4
semiconductor-diode,3.17,0.96,0,0,0,0,1,semiconductor,light,damaged,medium,formal,26.45
semiconductor-diode,11.43,11.63,0,0,0,0,1,semiconductor,light,broken,medium,none,46.47
semiconductor-diode,6.06,11.48,0,0,0,0,1,semiconductor,light,damaged,high,informal,41.49
semiconductor-diode,7.47,9.79,0,0,0,0,1,semiconductor,light,working,medium,informal,31.18
semiconductor-diode,10.01,1.53,0,0,0,0,1,semiconductor,light,damaged,high,informal,52.15
semiconductor-diode,6.17,9.97,0,0,0,0,1,semiconductor,light,broken,high,informal,48.49
semiconductor-diode,2.12,6.52,0,0,0,0,1,semiconductor,light,working,low,informal,33.74
semiconductor-diode,0.57,4.32,0,0,0,0,1,semiconductor,light,working,high,formal,25.65
semiconductor-diode,10.49,12.87,0,0,0,0,1,semiconductor,light,working,low,informal,33.16
semiconductor-diode,4.51,11.75,0,0,0,0,1,semiconductor,light,damaged,high,none,42.53
semiconductor-diode,7.57,8.47,0,0,0,0,1,semiconductor,light,damaged,medium,formal,35.78
semiconductor-diode,7.7,1.69,0,0,0,0,1,semiconductor,light,broken,medium,formal,38.58
semiconductor-diode,3.92,11.55,0,0,0,0,1,semiconductor,light,damaged,medium,none,37.92
semiconductor-diode,2.52,15.65,0,0,0,0,1,semiconductor,light,damaged,medium,informal,31.27
semiconductor-diode,8.17,1.61,0,0,0,0,1,semiconductor,light,broken,low,formal,42.12
semiconductor-diode,1.38,18.42,0,0,0,0,1,semiconductor,light,broken,medium,informal,40.68
semiconductor-diode,9.03,6.57,0,0,0,0,1,semiconductor,light,damaged,high,none,45.24
semiconductor-diode,3.17,5.96,0,0,0,0,1,semiconductor,light,damaged,medium,informal,35.87
semiconductor-diode,7.64,15.25,0,0,0,0,1,semiconductor,light,broken,high,formal,54.98
semiconductor-diode,1.1,5.11,0,0,0,0,1,semiconductor,light,damaged,high,none,40.48
semiconductor-diode,6.25,10.91,0,0,0,0,1,semiconductor,light,broken,medium,informal,44.79
semiconductor-diode,10.95,4.37,0,0,0,0,1,semiconductor,light,damaged,high,formal,42.4
semiconductor-diode,9.64,3.67,0,0,0,0,1,semiconductor,light,broken,medium,formal,49.48
semiconductor-diode,7.79,8.55,0,0,0,0,1,semiconductor,light,broken,medium,informal,45.19
semiconductor-diode,1.22,18.44,0,0,0,0,1,semiconductor,light,working,medium,none,24.03
semiconductor-diode,3.27,15.2,0,0,0,0,1,semiconductor,light,damaged,high,none,32.97
semiconductor-diode,7.96,14.51,0,0,0,0,1,semiconductor,light,damaged,medium,informal,39.87
semiconductor-diode,4.12,7.77,0,0,0,0,1,semiconductor,light,damaged,low,informal,35.28
semiconductor-diode,6.18,11.77,0,0,0,0,1,semiconductor,light,damaged,medium,none,36.82
semiconductor-diode,0.99,19.39,0,0,0,0,1,semiconductor,light,broken,medium,formal,33.37
semiconductor-diode,2.15,3.36,0,0,0,0,1,semiconductor,light,working,high,informal,36.08
semiconductor-diode,9.6,17.65,0,0,0,0,1,semiconductor,light,broken,medium,none,48.66
semiconductor-diode,8.82,1.42,0,0,0,0,1,semiconductor,light,damaged,medium,none,44.42
semiconductor-diode,0.64,6.65,0,0,0,0,1,semiconductor,light,working,medium,none,15.53
semiconductor-diode,2.87,10.55,0,0,0,0,1,semiconductor,light,working,low,informal,24.08
semiconductor-diode,0.86,2.14,0,0,0,0,1,semiconductor,light,damaged,medium,formal,21.99
semiconductor-diode,7.09,16.77,0,0,0,0,1,semiconductor,light,broken,low,informal,40.67
semiconductor-diode,10.34,18.13,0,0,0,0,1,semiconductor,light,broken,high,none,53.31
semiconductor-diode,7.78,13.58,0,0,0,0,1,semiconductor,light,broken,medium,informal,49.62
semiconductor-diode,0.7,13.98,0,0,0,0,1,semiconductor,light,broken,high,none,40.81
semiconductor-diode,8.41,0.7,0,0,0,0,1,semiconductor,light,broken,medium,informal,42.62
semiconductor-diode,5.46,7.58,0,0,0,0,1,semiconductor,light,damaged,high,formal,32.93
semiconductor-diode,2.96,13.34,0,0,0,0,1,semiconductor,light,damaged,high,formal,33.83
semiconductor-diode,7.64,1.84,0,0,0,0,1,semiconductor,light,damaged,low,formal,33.87
semiconductor-diode,6.3,16.25,0,0,0,0,1,semiconductor,light,broken,medium,informal,46.22
semiconductor-diode,6.94,5.09,0,0,0,0,1,semiconductor,light,working,medium,informal,32.07
semiconductor-diode,0.59,16.6,0,0,0,0,1,semiconductor,light,broken,medium,formal,33.0
semiconductor-diode,10.42,5.72,0,0,0,0,1,semiconductor,light,working,medium,informal,35.27
semiconductor-diode,8.35,19.33,0,0,0,0,1,semiconductor,light,damaged,low,none,36.84
semiconductor-diode,2.8,0.82,0,0,0,0,1,semiconductor,light,damaged,medium,informal,35.03
semiconductor-diode,11.51,16.45,0,0,0,0,1,semiconductor,light,damaged,low,none,34.85
semiconductor-diode,11.14,3.35,0,0,0,0,1,semiconductor,light,damaged,low,none,43.53
semiconductor-diode,7.65,6.31,0,0,0,0,1,semiconductor,light,working,low,formal,15.76
semiconductor-diode,3.48,17.51,0,0,0,0,1,semiconductor,light,damaged,high,formal,32.99
semiconductor-diode,4.7,9.59,0,0,0,0,1,semiconductor,light,working,low,none,25.07
semiconductor-diode,1.46,12.88,0,0,0,0,1,semiconductor,light,broken,high,informal,44.28
semiconductor-diode,2.37,4.05,0,0,0,0,1,semiconductor,light,broken,high,informal,48.94
semiconductor-diode,8.11,16.55,0,0,0,0,1,semiconductor,light,damaged,medium,formal,37.16
transistor,9.05,9.47,0,0,0,0,1,semiconductor,light,damaged,high,none,35.86
transistor,10.89,2.0,0,0,0,0,1,semiconductor,light,damaged,high,informal,46.92
transistor,11.47,17.02,0,0,0,0,1,semiconductor,light,damaged,low,formal,29.33
transistor,11.62,1.42,0,0,0,0,1,semiconductor,light,damaged,medium,formal,29.69
transistor,4.84,6.35,0,0,0,0,1,semiconductor,light,damaged,medium,none,30.88
transistor,8.3,17.78,0,0,0,0,1,semiconductor,light,damaged,high,none,38.72
transistor,5.54,7.63,0,0,0,0,1,semiconductor,light,broken,high,none,44.52
transistor,1.83,5.84,0,0,0,0,1,semiconductor,light,broken,medium,formal,32.28
transistor,8.64,14.68,0,0,0,0,1,semiconductor,light,damaged,medium,informal,39.75
transistor,9.73,13.23,0,0,0,0,1,semiconductor,light,damaged,medium,informal,35.92
transistor,4.4,16.96,0,0,0,0,1,semiconductor,light,damaged,high,formal,31.44
transistor,6.52,4.31,0,0,0,0,1,semiconductor,light,broken,low,informal,46.29
transistor,7.06,18.28,0,0,0,0,1,semiconductor,light,damaged,low,informal,30.53
transistor,1.47,9.39,0,0,0,0,1,semiconductor,light,broken,high,formal,30.75
transistor,3.08,13.48,0,0,0,0,1,semiconductor,light,broken,low,none,36.23
transistor,11.51,14.96,0,0,0,0,1,semiconductor,light,broken,medium,informal,52.77
transistor,7.58,6.44,0,0,0,0,1,semiconductor,light,damaged,low,formal,29.64
transistor,11.04,9.16,0,0,0,0,1,semiconductor,light,damaged,low,none,29.08
transistor,7.04,15.61,0,0,0,0,1,semiconductor,light,broken,medium,informal,41.01
transistor,3.96,17.23,0,0,0,0,1,semiconductor,light,broken,high,formal,35.97
transistor,4.34,0.73,0,0,0,0,1,semiconductor,light,broken,high,informal,40.71
transistor,9.16,14.53,0,0,0,0,1,semiconductor,light,broken,high,none,46.12
transistor,9.08,12.62,0,0,0,0,1,semiconductor,light,damaged,high,none,37.85
transistor,3.84,10.88,0,0,0,0,1,semiconductor,light,damaged,low,informal,25.87
transistor,2.45,16.01,0,0,0,0,1,semiconductor,light,damaged,medium,formal,18.42
transistor,9.79,15.41,0,0,0,0,1,semiconductor,light,working,medium,formal,16.88
transistor,11.86,19.04,0,0,0,0,1,semiconductor,light,damaged,medium,none,39.86
transistor,11.52,11.93,0,0,0,0,1,semiconductor,light,damaged,high,none,46.27
transistor,8.93,4.69,0,0,0,0,1,semiconductor,light,damaged,low,informal,33.05
transistor,7.53,15.73,0,0,0,0,1,semiconductor,light,damaged,high,informal,41.01
transistor,8.52,5.9,0,0,0,0,1,semiconductor,light,damaged,medium,informal,36.26
transistor,11.68,16.65,0,0,0,0,1,semiconductor,light,damaged,medium,formal,31.13
transistor,0.55,3.77,0,0,0,0,1,semiconductor,light,working,high,informal,29.97
transistor,10.07,19.51,0,0,0,0,1,semiconductor,light,damaged,medium,informal,34.91
transistor,3.06,4.27,0,0,0,0,1,semiconductor,light,damaged,high,formal,26.52
transistor,8.75,7.06,0,0,0,0,1,semiconductor,light,damaged,low,informal,30.41
transistor,1.69,10.67,0,0,0,0,1,semiconductor,light,working,high,informal,24.67
transistor,4.89,1.97,0,0,0,0,1,semiconductor,light,damaged,medium,informal,38.34
transistor,9.02,16.65,0,0,0,0,1,semiconductor,light,broken,low,informal,39.76
transistor,4.89,2.66,0,0,0,0,1,semiconductor,light,broken,medium,informal,35.85
transistor,0.85,10.75,0,0,0,0,1,semiconductor,light,broken,medium,none,31.83
transistor,9.68,10.52,0,0,0,0,1,semiconductor,light,working,medium,informal,26.3
transistor,8.88,15.23,0,0,0,0,1,semiconductor,light,broken,medium,formal,41.19
transistor,11.46,1.59,0,0,0,0,1,semiconductor,light,damaged,medium,formal,29.08
transistor,6.32,12.13,0,0,0,0,1,semiconductor,light,working,high,none,24.72
transistor,4.35,11.32,0,0,0,0,1,semiconductor,light,broken,low,none,38.78
transistor,9.81,15.03,0,0,0,0,1,semiconductor,light,broken,medium,none,45.11
transistor,2.54,5.85,0,0,0,0,1,semiconductor,light,damaged,medium,informal,28.1
transistor,6.16,17.13,0,0,0,0,1,semiconductor,light,damaged,medium,formal,28.16
transistor,9.08,2.43,0,0,0,0,1,semiconductor,light,working,medium,informal,19.66
transistor,5.01,15.87,0,0,0,0,1,semiconductor,light,damaged,medium,informal,35.08
transistor,6.79,8.94,0,0,0,0,1,semiconductor,light,broken,low,none,30.39
transistor,6.95,12.19,0,0,0,0,1,semiconductor,light,broken,high,informal,44.7
transistor,6.79,1.25,0,0,0,0,1,semiconductor,light,working,high,formal,32.38
transistor,2.45,15.92,0,0,0,0,1,semiconductor,light,working,medium,informal,27.47
transistor,6.32,10.19,0,0,0,0,1,semiconductor,light,broken,medium,informal,41.49
transistor,10.82,8.04,0,0,0,0,1,semiconductor,light,damaged,low,informal,34.02
transistor,9.75,11.0,0,0,0,0,1,semiconductor,light,damaged,high,formal,34.72
transistor,8.93,12.21,0,0,0,0,1,semiconductor,light,working,high,formal,25.46
transistor,0.66,14.65,0,0,0,0,1,semiconductor,light,damaged,high,formal,23.23
transistor,5.61,13.19,0,0,0,0,1,semiconductor,light,damaged,medium,informal,33.76
transistor,8.79,13.12,0,0,0,0,1,semiconductor,light,working,medium,informal,28.14
transistor,3.72,4.56,0,0,0,0,1,semiconductor,light,broken,medium,informal,36.56
transistor,2.7,15.9,0,0,0,0,1,semiconductor,light,broken,high,none,39.17
transistor,7.99,4.36,0,0,0,0,1,semiconductor,light,working,medium,formal,17.0
transistor,9.87,7.19,0,0,0,0,1,semiconductor,light,damaged,high,formal,40.45
transistor,8.79,15.1,0,0,0,0,1,semiconductor,light,working,medium,informal,31.92
transistor,5.97,15.59,0,0,0,0,1,semiconductor,light,working,high,none,35.41
transistor,10.6,15.68,0,0,0,0,1,semiconductor,light,damaged,high,informal,39.87
transistor,11.78,14.08,0,0,0,0,1,semiconductor,light,broken,low,none,39.69
transistor,9.41,13.44,0,0,0,0,1,semiconductor,light,damaged,medium,formal,23.82
transistor,4.51,3.26,0,0,0,0,1,semiconductor,light,working,low,none,17.7
transistor,6.6,7.94,0,0,0,0,1,semiconductor,light,damaged,medium,none,29.68
transistor,11.72,7.43,0,0,0,0,1,semiconductor,light,working,low,formal,16.48
transistor,11.88,5.58,0,0,0,0,1,semiconductor,light,broken,high,informal,39.9
transistor,7.47,8.78,0,0,0,0,1,semiconductor,light,broken,medium,none,36.98
transistor,10.81,2.95,0,0,0,0,1,semiconductor,light,working,low,formal,11.92
transistor,5.37,19.65,0,0,0,0,1,semiconductor,light,working,medium,formal,19.01
transistor,4.16,10.56,0,0,0,0,1,semiconductor,light,broken,medium,formal,25.84
transistor,3.14,12.37,0,0,0,0,1,semiconductor,light,working,medium,informal,21.46
transistor,5.35,0.39,0,0,0,0,1,semiconductor,light,broken,medium,none,35.26
transistor,4.97,6.86,0,0,0,0,1,semiconductor,light,working,medium,none,14.87
transistor,8.44,2.92,0,0,0,0,1,semiconductor,light,damaged,high,none,38.42
transistor,6.55,17.01,0,0,0,0,1,semiconductor,light,broken,high,formal,31.48
transistor,11.1,1.1,0,0,0,0,1,semiconductor,light,damaged,medium,informal,36.08
transistor,11.25,4.82,0,0,0,0,1,semiconductor,light,damaged,high,formal,46.76
transistor,7.51,13.64,0,0,0,0,1,semiconductor,light,damaged,medium,formal,25.13
transistor,6.77,13.4,0,0,0,0,1,semiconductor,light,broken,high,informal,45.45
transistor,11.23,9.57,0,0,0,0,1,semiconductor,light,damaged,medium,informal,36.47
transistor,6.88,14.45,0,0,0,0,1,semiconductor,light,broken,high,informal,47.9
transistor,7.9,7.89,0,0,0,0,1,semiconductor,light,damaged,high,none,40.68
transistor,9.46,11.25,0,0,0,0,1,semiconductor,light,broken,medium,none,32.41
transistor,9.61,9.89,0,0,0,0,1,semiconductor,light,broken,medium,informal,42.58
transistor,8.94,18.43,0,0,0,0,1,semiconductor,light,damaged,medium,formal,26.21
transistor,8.44,19.2,0,0,0,0,1,semiconductor,light,damaged,medium,informal,37.08
transistor,7.42,13.23,0,0,0,0,1,semiconductor,light,broken,high,none,43.21
transistor,11.16,19.8,0,0,0,0,1,semiconductor,light,damaged,low,informal,34.04
transistor,4.74,2.12,0,0,0,0,1,semiconductor,light,broken,medium,formal,37.72
transistor,8.0,11.18,0,0,0,0,1,semiconductor,light,damaged,medium,formal,26.05
transistor,2.33,15.65,0,0,0,0,1,semiconductor,light,broken,low,formal,26.57
transistor,10.14,15.53,0,0,0,0,1,semiconductor,light,damaged,medium,formal,29.44
transistor,5.0,1.51,0,0,0,0,1,semiconductor,light,damaged,medium,informal,32.03
transistor,1.02,7.24,0,0,0,0,1,semiconductor,light,broken,medium,none,26.79
transistor,6.98,19.01,0,0,0,0,1,semiconductor,light,working,low,informal,15.84
transistor,11.41,19.79,0,0,0,0,1,semiconductor,light,damaged,medium,informal,46.22
transistor,10.55,14.93,0,0,0,0,1,semiconductor,light,damaged,medium,informal,41.41
transistor,5.74,9.16,0,0,0,0,1,semiconductor,light,working,low,informal,19.65
transistor,6.51,6.91,0,0,0,0,1,semiconductor,light,working,high,none,34.08
transistor,1.4,14.4,0,0,0,0,1,semiconductor,light,damaged,high,informal,35.26
transistor,10.1,3.86,0,0,0,0,1,semiconductor,light,broken,low,none,31.92
transistor,1.43,18.29,0,0,0,0,1,semiconductor,light,damaged,medium,none,25.79
transistor,6.59,10.29,0,0,0,0,1,semiconductor,light,damaged,low,none,23.57
transistor,8.69,2.32,0,0,0,0,1,semiconductor,light,damaged,medium,none,35.31
transistor,3.73,10.14,0,0,0,0,1,semiconductor,light,broken,high,formal,32.58
transistor,7.3,19.38,0,0,0,0,1,semiconductor,light,working,high,none,28.79
transistor,3.81,18.12,0,0,0,0,1,semiconductor,light,damaged,low,informal,30.31
transistor,1.94,15.93,0,0,0,0,1,semiconductor,light,damaged,high,none,31.25
transistor,9.41,8.35,0,0,0,0,1,semiconductor,light,broken,high,formal,38.79
transistor,10.62,2.03,0,0,0,0,1,semiconductor,light,working,high,none,27.74
transistor,4.54,6.86,0,0,0,0,1,semiconductor,light,damaged,low,informal,28.7
transistor,10.85,6.15,0,0,0,0,1,semiconductor,light,working,high,none,35.53
transistor,7.57,9.61,0,0,0,0,1,semiconductor,light,damaged,low,informal,26.49
transistor,8.07,8.66,0,0,0,0,1,semiconductor,light,damaged,medium,informal,32.65
transistor,0.77,13.37,0,0,0,0,1,semiconductor,light,broken,medium,formal,19.24
transistor,11.85,5.28,0,0,0,0,1,semiconductor,light,working,medium,none,31.48
transistor,5.28,2.36,0,0,0,0,1,semiconductor,light,damaged,high,informal,31.5
transistor,1.88,3.27,0,0,0,0,1,semiconductor,light,damaged,high,informal,29.53
transistor,4.08,0.42,0,0,0,0,1,semiconductor,light,broken,medium,none,36.26
transistor,8.65,16.58,0,0,0,0,1,semiconductor,light,damaged,low,none,33.57
transistor,0.65,7.1,0,0,0,0,1,semiconductor,light,broken,low,informal,30.86
transistor,5.43,0.36,0,0,0,0,1,semiconductor,light,working,medium,formal,13.25
transistor,3.69,17.97,0,0,0,0,1,semiconductor,light,damaged,medium,none,31.12
transistor,10.96,0.51,0,0,0,0,1,semiconductor,light,damaged,medium,informal,32.24
transistor,8.63,5.7,0,0,0,0,1,semiconductor,light,damaged,high,formal,34.54
transistor,1.24,5.39,0,0,0,0,1,semiconductor,light,damaged,low,informal,27.59
transistor,3.14,16.35,0,0,0,0,1,semiconductor,light,working,medium,informal,24.27
transistor,1.82,14.29,0,0,0,0,1,semiconductor,light,working,low,informal,12.34
transistor,2.61,0.21,0,0,0,0,1,semiconductor,light,damaged,medium,formal,24.92
transistor,1.12,8.59,0,0,0,0,1,semiconductor,light,broken,high,none,36.58
transistor,4.57,7.12,0,0,0,0,1,semiconductor,light,broken,high,none,34.85
transistor,7.56,9.27,0,0,0,0,1,semiconductor,light,working,high,informal,31.02
transistor,6.8,18.85,0,0,0,0,1,semiconductor,light,working,medium,formal,26.71
transistor,9.61,1.25,0,0,0,0,1,semiconductor,light,working,medium,informal,28.41
transistor,11.51,19.06,0,0,0,0,1,semiconductor,light,damaged,high,informal,43.56
transistor,3.23,5.25,0,0,0,0,1,semiconductor,light,damaged,medium,formal,22.54
transistor,8.03,3.79,0,0,0,0,1,semiconductor,light,damaged,medium,informal,41.19
transistor,9.48,15.38,0,0,0,0,1,semiconductor,light,damaged,medium,none,31.3
transistor,8.32,2.11,0,0,0,0,1,semiconductor,light,broken,medium,informal,43.44
transistor,1.16,7.62,0,0,0,0,1,semiconductor,light,broken,low,informal,28.73
transistor,5.42,11.58,0,0,0,0,1,semiconductor,light,damaged,low,formal,24.19
heat-sink,7.51,18.42,0,0,0,0,1,metal,light,working,low,informal,11.57
heat-sink,10.64,1.11,0,0,0,0,1,metal,light,broken,medium,none,35.27
heat-sink,4.73,15.64,0,0,0,0,1,metal,light,working,low,informal,12.41
heat-sink,6.45,11.45,0,0,0,0,1,metal,light,working,high,none,23.14
heat-sink,8.05,9.33,0,0,0,0,1,metal,light,broken,high,informal,43.22
heat-sink,7.12,7.89,0,0,0,0,1,metal,light,damaged,medium,informal,18.5
heat-sink,5.42,5.28,0,0,0,0,1,metal,light,broken,medium,formal,24.95
heat-sink,9.19,6.47,0,0,0,0,1,metal,light,broken,low,none,25.85
heat-sink,3.33,0.19,0,0,0,0,1,metal,light,damaged,medium,informal,21.89
heat-sink,5.11,8.6,0,0,0,0,1,metal,light,working,low,informal,12.78
heat-sink,1.24,14.68,0,0,0,0,1,metal,light,damaged,low,informal,12.49
heat-sink,9.69,9.24,0,0,0,0,1,metal,light,working,high,formal,14.44
heat-sink,8.99,9.59,0,0,0,0,1,metal,light,damaged,high,none,37.66
heat-sink,7.65,15.21,0,0,0,0,1,metal,light,broken,medium,none,30.55
heat-sink,7.93,8.05,0,0,0,0,1,metal,light,damaged,high,none,26.01
heat-sink,11.2,11.57,0,0,0,0,1,metal,light,working,medium,none,13.95
heat-sink,9.97,14.92,0,0,0,0,1,metal,light,working,high,informal,25.67
heat-sink,1.21,9.52,0,0,0,0,1,metal,light,damaged,high,none,24.41
heat-sink,8.45,17.74,0,0,0,0,1,metal,light,damaged,high,none,30.41
heat-sink,7.7,14.01,0,0,0,0,1,metal,light,damaged,high,none,36.66
heat-sink,5.85,14.02,0,0,0,0,1,metal,light,broken,medium,informal,28.48
heat-sink,1.2,16.89,0,0,0,0,1,metal,light,damaged,high,formal,20.5
heat-sink,0.85,18.69,0,0,0,0,1,metal,light,working,high,none,11.19
heat-sink,8.18,17.78,0,0,0,0,1,metal,light,damaged,medium,informal,27.41
heat-sink,1.45,17.84,0,0,0,0,1,metal,light,broken,high,informal,26.68
heat-sink,8.18,13.0,0,0,0,0,1,metal,light,broken,high,none,38.4
heat-sink,10.49,17.38,0,0,0,0,1,metal,light,working,high,informal,24.75
heat-sink,8.29,6.57,0,0,0,0,1,metal,light,damaged,medium,none,23.35
heat-sink,9.99,9.02,0,0,0,0,1,metal,light,damaged,low,informal,19.87
heat-sink,4.56,10.95,0,0,0,0,1,metal,light,damaged,low,none,16.29
heat-sink,3.67,0.33,0,0,0,0,1,metal,light,working,medium,formal,5.93
heat-sink,7.66,2.25,0,0,0,0,1,metal,light,damaged,medium,formal,16.4
heat-sink,6.32,1.71,0,0,0,0,1,metal,light,working,medium,formal,8.93
heat-sink,11.02,14.49,0,0,0,0,1,metal,light,broken,high,none,34.53
heat-sink,9.28,12.17,0,0,0,0,1,metal,light,damaged,low,none,21.09
heat-sink,8.82,9.91,0,0,0,0,1,metal,light,damaged,medium,informal,27.3
heat-sink,4.72,14.98,0,0,0,0,1,metal,light,broken,high,formal,25.48
heat-sink,4.06,14.54,0,0,0,0,1,metal,light,damaged,low,informal,19.83
heat-sink,8.8,6.55,0,0,0,0,1,metal,light,damaged,medium,none,23.93
heat-sink,2.41,6.39,0,0,0,0,1,metal,light,damaged,high,formal,21.56
heat-sink,4.13,15.6,0,0,0,0,1,metal,light,damaged,high,none,27.68
heat-sink,5.56,19.67,0,0,0,0,1,metal,light,damaged,low,formal,15.9
heat-sink,8.48,18.5,0,0,0,0,1,metal,light,working,low,none,12.25
heat-sink,4.84,13.21,0,0,0,0,1,metal,light,damaged,high,formal,22.51
heat-sink,0.94,4.18,0,0,0,0,1,metal,light,damaged,low,formal,3.5
heat-sink,11.01,7.37,0,0,0,0,1,metal,light,damaged,low,formal,19.0
heat-sink,7.11,11.22,0,0,0,0,1,metal,light,broken,high,none,38.4
heat-sink,7.66,19.8,0,0,0,0,1,metal,light,broken,low,informal,26.69
heat-sink,7.08,14.43,0,0,0,0,1,metal,light,damaged,high,formal,30.58
heat-sink,4.25,12.28,0,0,0,0,1,metal,light,working,low,none,10.86
heat-sink,4.73,13.43,0,0,0,0,1,metal,light,broken,high,formal,33.63
heat-sink,9.4,15.7,0,0,0,0,1,metal,light,working,low,informal,15.87
heat-sink,9.02,6.39,0,0,0,0,1,metal,light,working,high,formal,17.82
heat-sink,4.12,11.86,0,0,0,0,1,metal,light,damaged,low,formal,8.99
heat-sink,3.84,13.2,0,0,0,0,1,metal,light,working,medium,formal,4.4
heat-sink,1.27,13.43,0,0,0,0,1,metal,light,damaged,high,formal,14.58
heat-sink,2.16,6.14,0,0,0,0,1,metal,light,broken,medium,informal,22.63
heat-sink,11.3,10.98,0,0,0,0,1,metal,light,broken,medium,informal,33.07
heat-sink,1.53,12.86,0,0,0,0,1,metal,light,working,medium,informal,13.59
heat-sink,8.22,2.99,0,0,0,0,1,metal,light,damaged,low,none,24.06
heat-sink,11.45,5.29,0,0,0,0,1,metal,light,working,medium,none,16.59
heat-sink,11.7,16.57,0,0,0,0,1,metal,light,working,high,informal,27.28
heat-sink,4.78,9.23,0,0,0,0,1,metal,light,broken,medium,formal,23.68
heat-sink,2.66,3.42,0,0,0,0,1,metal,light,broken,medium,none,28.5
heat-sink,6.3,14.55,0,0,0,0,1,metal,light,damaged,medium,informal,23.15
heat-sink,2.95,18.69,0,0,0,0,1,metal,light,broken,low,none,24.1
heat-sink,8.49,3.21,0,0,0,0,1,metal,light,working,medium,none,14.02
heat-sink,4.03,11.96,0,0,0,0,1,metal,light,working,low,none,4.43
heat-sink,9.46,10.02,0,0,0,0,1,metal,light,damaged,medium,informal,25.34
heat-sink,6.76,12.26,0,0,0,0,1,metal,light,damaged,high,none,23.04
heat-sink,6.31,17.09,0,0,0,0,1,metal,light,broken,high,none,29.93
heat-sink,10.72,15.45,0,0,0,0,1,metal,light,broken,low,informal,26.34
heat-sink,2.16,10.08,0,0,0,0,1,metal,light,working,low,formal,0.0
heat-sink,1.71,6.46,0,0,0,0,1,metal,light,working,high,informal,22.36
heat-sink,4.34,16.8,0,0,0,0,1,metal,light,damaged,high,informal,34.2
heat-sink,7.96,1.18,0,0,0,0,1,metal,light,working,high,informal,28.39
heat-sink,4.85,15.24,0,0,0,0,1,metal,light,damaged,low,none,12.85
heat-sink,11.5,4.49,0,0,0,0,1,metal,light,damaged,low,informal,26.06
heat-sink,4.82,7.07,0,0,0,0,1,metal,light,broken,low,none,22.83
heat-sink,7.28,1.12,0,0,0,0,1,metal,light,working,high,none,21.89
heat-sink,4.48,12.36,0,0,0,0,1,metal,light,damaged,high,none,25.06
heat-sink,10.06,14.18,0,0,0,0,1,metal,light,broken,medium,formal,27.45
heat-sink,7.37,13.73,0,0,0,0,1,metal,light,working,medium,informal,12.11
heat-sink,2.03,18.82,0,0,0,0,1,metal,light,broken,low,none,12.66
heat-sink,9.01,0.2,0,0,0,0,1,metal,light,damaged,medium,informal,25.27
heat-sink,2.27,19.53,0,0,0,0,1,metal,light,working,high,formal,16.47
heat-sink,4.28,8.85,0,0,0,0,1,metal,light,working,medium,formal,14.87
heat-sink,1.22,17.42,0,0,0,0,1,metal,light,working,low,none,7.25
heat-sink,5.89,9.99,0,0,0,0,1,metal,light,working,high,informal,20.74
heat-sink,9.82,11.37,0,0,0,0,1,metal,light,working,medium,formal,9.93
heat-sink,6.45,16.87,0,0,0,0,1,metal,light,damaged,medium,none,28.38
heat-sink,3.51,12.16,0,0,0,0,1,metal,light,damaged,medium,none,25.85
heat-sink,10.64,14.99,0,0,0,0,1,metal,light,damaged,medium,formal,25.12
heat-sink,5.72,17.65,0,0,0,0,1,metal,light,working,medium,informal,12.94
heat-sink,6.44,17.79,0,0,0,0,1,metal,light,broken,low,formal,20.28
heat-sink,4.79,14.67,0,0,0,0,1,metal,light,damaged,medium,none,16.58
heat-sink,6.8,10.79,0,0,0,0,1,metal,light,working,medium,informal,20.87
heat-sink,10.93,16.44,0,0,0,0,1,metal,light,damaged,high,informal,33.65
heat-sink,3.17,6.86,0,0,0,0,1,metal,light,working,medium,informal,12.43
heat-sink,10.88,4.58,0,0,0,0,1,metal,light,working,medium,none,19.93
heat-sink,1.01,4.43,0,0,0,0,1,metal,light,damaged,medium,none,10.24
heat-sink,10.79,5.87,0,0,0,0,1,metal,light,broken,high,none,38.16
heat-sink,6.23,12.32,0,0,0,0,1,metal,light,damaged,medium,informal,27.98
heat-sink,1.08,17.64,0,0,0,0,1,metal,light,broken,medium,informal,22.5
heat-sink,4.66,19.88,0,0,0,0,1,metal,light,working,medium,none,9.24
heat-sink,4.8,2.79,0,0,0,0,1,metal,light,broken,high,none,33.02
heat-sink,8.0,10.15,0,0,0,0,1,metal,light,working,medium,formal,8.58
heat-sink,8.57,13.85,0,0,0,0,1,metal,light,damaged,low,informal,24.29
heat-sink,4.18,14.01,0,0,0,0,1,metal,light,working,high,none,20.39
heat-sink,8.19,14.96,0,0,0,0,1,metal,light,working,low,formal,4.43
heat-sink,4.71,15.88,0,0,0,0,1,metal,light,broken,high,formal,22.94
heat-sink,6.79,2.06,0,0,0,0,1,metal,light,damaged,medium,informal,19.22
heat-sink,10.09,3.43,0,0,0,0,1,metal,light,broken,medium,none,33.86
heat-sink,5.14,15.49,0,0,0,0,1,metal,light,damaged,medium,none,14.97
heat-sink,4.84,4.41,0,0,0,0,1,metal,light,damaged,medium,informal,24.12
heat-sink,8.93,2.22,0,0,0,0,1,metal,light,working,high,none,23.64
heat-sink,11.02,6.08,0,0,0,0,1,metal,light,broken,high,formal,41.45
heat-sink,6.03,16.55,0,0,0,0,1,metal,light,broken,high,none,36.61
heat-sink,6.11,7.63,0,0,0,0,1,metal,light,broken,medium,formal,17.72
heat-sink,8.45,6.73,0,0,0,0,1,metal,light,damaged,high,none,30.24
heat-sink,9.55,12.48,0,0,0,0,1,metal,light,broken,high,informal,38.92
heat-sink,6.58,2.46,0,0,0,0,1,metal,light,damaged,medium,none,24.31
heat-sink,11.71,19.33,0,0,0,0,1,metal,light,damaged,high,informal,32.4
heat-sink,6.32,19.32,0,0,0,0,1,metal,light,broken,medium,none,29.56
heat-sink,2.53,14.44,0,0,0,0,1,metal,light,damaged,low,formal,9.31
heat-sink,2.13,9.36,0,0,0,0,1,metal,light,damaged,medium,none,14.33
heat-sink,8.37,10.32,0,0,0,0,1,metal,light,damaged,medium,none,19.28
heat-sink,9.05,7.2,0,0,0,0,1,metal,light,broken,medium,none,27.51
heat-sink,1.02,7.72,0,0,0,0,1,metal,light,damaged,high,none,26.39
heat-sink,8.55,19.35,0,0,0,0,1,metal,light,broken,low,none,25.63
heat-sink,6.66,0.34,0,0,0,0,1,metal,light,damaged,high,none,27.48
heat-sink,6.29,16.95,0,0,0,0,1,metal,light,broken,medium,none,26.81
heat-sink,6.25,17.78,0,0,0,0,1,metal,light,damaged,medium,none,21.8
heat-sink,4.28,13.26,0,0,0,0,1,metal,light,broken,low,none,11.36
heat-sink,0.55,7.29,0,0,0,0,1,metal,light,working,high,formal,1.48
heat-sink,2.04,15.44,0,0,0,0,1,metal,light,working,low,formal,2.32
heat-sink,7.25,13.2,0,0,0,0,1,metal,light,working,low,informal,16.77
heat-sink,9.56,12.52,0,0,0,0,1,metal,light,damaged,high,none,30.13
heat-sink,7.34,15.69,0,0,0,0,1,metal,light,broken,medium,informal,27.64
heat-sink,9.46,16.09,0,0,0,0,1,metal,light,broken,medium,formal,29.02
heat-sink,1.65,14.87,0,0,0,0,1,metal,light,broken,medium,formal,24.89
heat-sink,9.44,14.73,0,0,0,0,1,metal,light,broken,low,informal,23.77
heat-sink,8.46,17.8,0,0,0,0,1,metal,light,broken,high,informal,37.08
heat-sink,5.36,5.07,0,0,0,0,1,metal,light,broken,high,formal,32.3
heat-sink,1.15,16.31,0,0,0,0,1,metal,light,damaged,high,formal,16.32
heat-sink,1.48,5.24,0,0,0,0,1,metal,light,working,low,formal,0.0
heat-sink,11.47,5.58,0,0,0,0,1,metal,light,damaged,high,none,37.99
heat-sink,10.03,17.55,0,0,0,0,1,metal,light,damaged,high,informal,37.44
heat-sink,3.69,17.6,0,0,0,0,1,metal,light,damaged,high,formal,21.7
heat-sink,3.37,18.83,0,0,0,0,1,metal,light,broken,high,informal,31.53
